species_id,species,vegtype,hgt,n,dbh,dmg_bool,celkovy_pocet_poskoz,percentage_damage,dmg_jedinec,dmg_type,dmg_terminal,dmg_term_similar,tot_dmg_terminal,dmg_foliage,dmg_foliage_similar,tot_dmg_foliage,dmg_foliage_leaf_int,dmg_stem,dmg_stem_numeric,dmg_stem_cause,dmg_stem_horizont,dmg_stem_vertical,dmg_stem_grass,dmg_term_sample,dmg_stem_sample,dmg_foliage_sample,subplot,stump,clear,grndwrk,logging_trail,windthrow,standing_deadwood,planting,anti_browsing,comments,photo_sur_n,photo_sur_e,photo_sur_s,photo_sur_w,time,x,y,photo_e,photo_n,naruseni,plot,n_plots,hgt_est,dbh_est
24,DB,small,0.2–0.4,1,NA,1,1,100,1,terminal,odumrety,NA,1,NA,NA,0,NA,NA,0,NA,NA,NA,NA,T1101ODB1,NA,NA,101_T1_JC_20250717,0,1,1,0,NA,1,1,0,NA,DCIM/context_n20250201025308703.jpg,DCIM/context_e20250201025250938.jpg,DCIM/context_s20250201025241371.jpg,DCIM/context_w20250201025229936.jpg,2025-02-01T02:50:21Z,16.21327461,49.25692903,DCIM/plot_e_20250201024414792.jpg,DCIM/plot_n_20250201024433375.jpg,TRUE,1,5,0.3,0.3
18,SM,small,0.4–0.6,2,NA,1,1,50,1,terminal,odumrety,NA,1,NA,NA,0,NA,NA,0,NA,NA,NA,NA,NA,NA,NA,102_T1_JC_20250717,NA,1,1,NA,NA,NA,1,1,Repelent,DCIM/context_n20250201030505207.jpg,DCIM/context_e20250201030456872.jpg,DCIM/context_s20250201030444708.jpg,DCIM/context_w20250201030432504.jpg,2025-02-01T03:03:45Z,16.21325491,49.2567525,DCIM/plot_e_20250201025738044.jpg,DCIM/plot_n_20250201025757978.jpg,TRUE,1,5,0.5,0.5
10,BR,small,1.3–2.0,1,NA,1,1,100,1,kmen,NA,NA,0,NA,NA,0,NA,stare,1,mechanizace,40-60,0-10,NA,NA,NA,NA,102_T1_JC_20250717,NA,1,1,NA,NA,NA,1,1,Repelent,DCIM/context_n20250201030505207.jpg,DCIM/context_e20250201030456872.jpg,DCIM/context_s20250201030444708.jpg,DCIM/context_w20250201030432504.jpg,2025-02-01T03:03:45Z,16.21325491,49.2567525,DCIM/plot_e_20250201025738044.jpg,DCIM/plot_n_20250201025757978.jpg,TRUE,1,5,1.7,1.7
18,SM,small,0.8–1.0,2,NA,1,2,100,2,terminal,chybajuci,NA,1,NA,NA,0,NA,stare,1,mechanizace,80-100,NA,NA,Oznuto,NA,NA,103_T1_JC_20250717,NA,1,1,NA,NA,NA,1,1,Repelent,DCIM/context_n20250201031345519.jpg,DCIM/context_e20250201031337269.jpg,DCIM/context_s20250201031329234.jpg,DCIM/context_w20250201031307401.jpg,2025-02-01T03:12:07Z,16.21300462,49.25694671,DCIM/plot_e_20250201030849577.jpg,DCIM/plot_n_20250201030856810.jpg,TRUE,1,5,0.9,0.9
10,BR,small,0.4–0.6,1,NA,0,0,0,NA,NA,NA,NA,0,NA,NA,0,NA,NA,0,NA,NA,NA,NA,NA,NA,NA,104_T1_JC_20250717,NA,1,1,NA,NA,1,1,0,NA,DCIM/context_n20250201031913243.jpg,DCIM/context_e20250201031903842.jpg,DCIM/context_s20250201031853092.jpg,DCIM/context_w20250201031838475.jpg,2025-02-01T03:17:56Z,16.2133019,49.25711115,DCIM/plot_e_20250201031635889.jpg,DCIM/plot_n_20250201031650439.jpg,TRUE,1,5,0.5,0.5
18,SM,small,0.2–0.4,1,NA,1,1,100,1,terminal,chybajuci,NA,1,NA,NA,0,NA,NA,0,NA,NA,NA,NA,NA,NA,NA,105_T1_JC_20250717,NA,1,1,NA,NA,NA,1,0,NA,DCIM/context_n20250201032926025.jpg,DCIM/context_e20250201032918609.jpg,DCIM/context_s20250201032909892.jpg,DCIM/context_w20250201032902224.jpg,2025-02-01T03:28:26Z,16.21355244,49.25691682,DCIM/plot_e_20250201032602202.jpg,DCIM/plot_n_20250201032610753.jpg,TRUE,1,5,0.3,0.3
18,SM,advanced,>4,3,NA,0,0,0,NA,NA,NA,NA,0,NA,NA,0,NA,NA,0,NA,NA,NA,NA,NA,NA,NA,108_T1_JC_20250717,NA,0,NA,NA,NA,NA,NA,0,NA,DCIM/context_n20250201040531763.jpg,DCIM/context_e20250201040523778.jpg,DCIM/context_s20250201040506379.jpg,DCIM/context_w20250201040457444.jpg,2025-02-01T04:04:17Z,16.22108316,49.25541685,DCIM/plot_e_20250201040102387.jpg,DCIM/plot_n_20250201040112537.jpg,TRUE,2,5,5,5
13,BK,small,1.0–1.3,3,NA,0,0,0,NA,NA,NA,NA,0,NA,NA,0,NA,NA,0,NA,NA,NA,NA,NA,NA,NA,109_T1_JC_20250717,NA,1,1,NA,NA,1,1,1,Oplocenka,DCIM/context_n20250201041704245.jpg,DCIM/context_e20250201041656279.jpg,DCIM/context_s20250201041645713.jpg,DCIM/context_w20250201041632345.jpg,2025-02-01T04:15:27Z,16.22162942,49.25538585,DCIM/plot_e_20250201041150254.jpg,DCIM/plot_n_20250201041215737.jpg,TRUE,2,5,1.2,1.2
30,JR,small,1.3–2.0,1,NA,1,1,100,1,terminal,chybajuci,NA,1,NA,NA,0,NA,NA,0,NA,NA,NA,NA,NA,NA,NA,110_T1_JC_20250717,NA,1,0,NA,NA,NA,1,0,NA,DCIM/context_n20250201042541841.jpg,DCIM/context_e20250201042534341.jpg,DCIM/context_s20250201042525390.jpg,DCIM/context_w20250201042516040.jpg,2025-02-01T04:24:29Z,16.22138181,49.25558003,DCIM/plot_e_20250201042204487.jpg,DCIM/plot_n_20250201042213285.jpg,TRUE,2,5,1.7,1.7
19,BO,small,1.3–2.0,3,NA,1,2,66.66666666666666,1,olistení,NA,NA,0,80-100,1,2,80-100,NA,0,NA,NA,NA,NA,NA,NA,T1111OBO4,111_T1_JC_20250717,NA,1,1,NA,NA,NA,0,0,NA,DCIM/context_n20250201052650072.jpg,DCIM/context_e20250201052641685.jpg,DCIM/context_s20250201052633549.jpg,DCIM/context_w20250201052616177.jpg,2025-02-01T05:24:57Z,16.32645108,49.19575448,DCIM/plot_e_20250201051907895.jpg,DCIM/plot_n_20250201051922080.jpg,TRUE,3,5,1.7,1.7
19,BO,advanced,>4,2,NA,0,0,0,NA,NA,NA,NA,0,NA,NA,0,NA,NA,0,NA,NA,NA,NA,NA,NA,NA,112_T1_JC_20250717,NA,1,NA,NA,NA,NA,NA,0,NA,DCIM/context_n20250201053730943.jpg,DCIM/context_e20250201053716759.jpg,DCIM/context_s20250201053708239.jpg,DCIM/context_w20250201053659652.jpg,2025-02-01T05:36:26Z,16.32647054,49.19593585,DCIM/plot_e_20250201053029531.jpg,DCIM/plot_n_20250201053042028.jpg,TRUE,3,5,5,5
19,BO,small,1.3–2.0,1,NA,1,1,100,1,kmen,zivy,NA,1,NA,NA,0,NA,stare,1,nejasna,20-40,0-10,NA,NA,NA,NA,112_T1_JC_20250717,NA,1,NA,NA,NA,NA,NA,0,NA,DCIM/context_n20250201053730943.jpg,DCIM/context_e20250201053716759.jpg,DCIM/context_s20250201053708239.jpg,DCIM/context_w20250201053659652.jpg,2025-02-01T05:36:26Z,16.32647054,49.19593585,DCIM/plot_e_20250201053029531.jpg,DCIM/plot_n_20250201053042028.jpg,TRUE,3,5,1.7,1.7
8,OL,advanced,2–4,1,NA,1,0,0,1,terminal,NA,NA,0,NA,NA,0,NA,NA,0,NA,NA,NA,NA,NA,NA,NA,113_T1_JC_20250717,NA,1,0,NA,1,NA,NA,0,NA,DCIM/context_n20250201055217220.jpg,DCIM/context_e20250201055209336.jpg,DCIM/context_s20250201055159227.jpg,DCIM/context_w20250201055150740.jpg,2025-02-01T05:50:49Z,16.32620449,49.19594888,DCIM/plot_e_20250201054451633.jpg,DCIM/plot_n_20250201054513721.jpg,TRUE,3,5,3,3
19,BO,advanced,2–4,1,NA,0,0,0,NA,NA,NA,NA,0,NA,NA,0,NA,NA,0,NA,NA,NA,NA,NA,NA,NA,115_T1_JC_20250717,NA,1,1,NA,NA,NA,NA,0,NA,DCIM/context_n20250201060408193.jpg,DCIM/context_e20250201060420606.jpg,DCIM/context_s20250201060351538.jpg,DCIM/context_w20250201060335765.jpg,2025-02-01T06:03:11Z,16.32649957,49.19611297,DCIM/plot_e_20250201060218746.jpg,DCIM/plot_n_20250201060231947.jpg,TRUE,3,5,3,3
24,DB,small,0.8–1.0,2,NA,1,2,100,1,olistení,NA,NA,0,0-20,1,2,0-20,NA,0,NA,NA,NA,NA,NA,NA,T1116O4,116_T1_JC_20250717,NA,1,NA,NA,NA,NA,1,1,Oplocenka,DCIM/context_n20250201065637241.jpg,DCIM/context_e20250201065630174.jpg,DCIM/context_s20250201065621404.jpg,DCIM/context_w20250201065609713.jpg,2025-02-01T06:54:57Z,16.33853001,49.1932686,DCIM/plot_e_20250201064902833.jpg,DCIM/plot_n_20250201064912710.jpg,TRUE,4,5,0.9,0.9
24,DB,small,0.6–0.8,4,NA,1,2,50,1,terminal,chybajuci,1,2,NA,NA,0,NA,NA,0,NA,NA,NA,NA,Okus zvěří,NA,NA,117_T1_JC_20250717,NA,1,1,NA,NA,NA,1,1,Oplocenka,DCIM/context_n20250201070722774.jpg,DCIM/context_e20250201070715273.jpg,DCIM/context_s20250201070707320.jpg,DCIM/context_w20250201070643864.jpg,2025-02-01T07:06:05Z,16.33850534,49.19308808,DCIM/plot_e_20250201070157593.jpg,DCIM/plot_n_20250201070210924.jpg,TRUE,4,5,0.7,0.7
24,DB,small,0.8–1.0,4,NA,1,2,50,1,olistení,NA,NA,0,0-20,1,2,0-20,NA,0,NA,NA,NA,NA,NA,NA,T1118ODB4,118_T1_JC_20250717,NA,1,1,NA,NA,NA,1,1,Opolocenka,DCIM/context_n20250201071644710.jpg,DCIM/context_e20250201071637071.jpg,DCIM/context_s20250201071629970.jpg,DCIM/context_w20250201071622820.jpg,2025-02-01T07:15:34Z,16.33825664,49.19328278,DCIM/plot_e_20250201071131270.jpg,DCIM/plot_n_20250201071143649.jpg,TRUE,4,5,0.9,0.9
24,DB,small,0.6–0.8,2,NA,0,0,0,NA,NA,NA,NA,0,NA,NA,0,NA,NA,0,NA,NA,NA,NA,NA,NA,NA,119_T1_JC_20250717,NA,1,0,NA,NA,NA,1,1,Oplocenka,DCIM/context_n20250201072540441.jpg,DCIM/context_e20250201072533592.jpg,DCIM/context_s20250201072527060.jpg,DCIM/context_w20250201072520376.jpg,2025-02-01T07:24:13Z,16.33880171,49.1932542,DCIM/plot_e_20250201072229650.jpg,DCIM/plot_n_20250201072257700.jpg,TRUE,4,5,0.7,0.7
24,DB,advanced,2–4,1,NA,0,0,0,NA,NA,NA,NA,0,NA,NA,0,NA,NA,0,NA,NA,NA,NA,NA,NA,NA,120_T1_JC_20250717,NA,1,1,NA,NA,NA,1,1,Oplocenka poškozená,DCIM/context_n20250201073836356.jpg,DCIM/context_e20250201073828935.jpg,DCIM/context_s20250201073813148.jpg,DCIM/context_w20250201073805629.jpg,2025-02-01T07:36:56Z,16.3385483,49.19344707,DCIM/plot_e_20250201073146971.jpg,DCIM/plot_n_20250201073203578.jpg,TRUE,4,5,3,3
24,DB,small,0.8–1.0,2,NA,1,2,100,1,olistení,NA,NA,0,40-60,1,2,40-60,NA,0,NA,NA,NA,NA,NA,NA,T1120ODB4,120_T1_JC_20250717,NA,1,1,NA,NA,NA,1,1,Oplocenka poškozená,DCIM/context_n20250201073836356.jpg,DCIM/context_e20250201073828935.jpg,DCIM/context_s20250201073813148.jpg,DCIM/context_w20250201073805629.jpg,2025-02-01T07:36:56Z,16.3385483,49.19344707,DCIM/plot_e_20250201073146971.jpg,DCIM/plot_n_20250201073203578.jpg,TRUE,4,5,0.9,0.9
28,VRX,small,0.8–1.0,1,NA,0,0,0,NA,NA,NA,NA,0,NA,NA,0,NA,NA,0,NA,NA,NA,NA,NA,NA,NA,120_T1_JC_20250717,NA,1,1,NA,NA,NA,1,1,Oplocenka poškozená,DCIM/context_n20250201073836356.jpg,DCIM/context_e20250201073828935.jpg,DCIM/context_s20250201073813148.jpg,DCIM/context_w20250201073805629.jpg,2025-02-01T07:36:56Z,16.3385483,49.19344707,DCIM/plot_e_20250201073146971.jpg,DCIM/plot_n_20250201073203578.jpg,TRUE,4,5,0.9,0.9
11,HB,mature,NA,1,10–20cm,1,1,100,1,kmen,NA,NA,0,NA,NA,0,NA,stare,1,mechanizace,0-20,>10,NA,NA,NA,NA,123_T1_JC_20250717,1,1,NA,NA,NA,NA,NA,0,NA,DCIM/context_n20250201090907074.jpg,DCIM/context_e20250201090856947.jpg,DCIM/context_s20250201090846422.jpg,DCIM/context_w20250201090837805.jpg,2025-02-01T09:08:02Z,16.44670087,49.21127397,DCIM/plot_e_20250201090456535.jpg,DCIM/plot_n_20250201090512457.jpg,TRUE,5,5,10,15
17,MD,advanced,2–4,1,NA,0,0,0,NA,NA,NA,NA,0,NA,NA,0,NA,NA,0,NA,NA,NA,NA,NA,NA,NA,127_T1_JC_20250717,NA,1,NA,NA,NA,NA,1,1,Oplocení,DCIM/context_n20250208034304600.jpg,DCIM/context_e20250208034255011.jpg,DCIM/context_s20250208034246489.jpg,DCIM/context_w20250208034237050.jpg,2025-02-08T03:41:46Z,15.48871915,49.04735804,DCIM/plot_e_20250208034017833.jpg,DCIM/plot_n_20250208034037835.jpg,TRUE,6,5,3,3
10,BR,advanced,2–4,1,NA,0,0,0,NA,NA,NA,NA,0,NA,NA,0,NA,NA,0,NA,NA,NA,NA,NA,NA,NA,127_T1_JC_20250717,NA,1,NA,NA,NA,NA,1,1,Oplocení,DCIM/context_n20250208034304600.jpg,DCIM/context_e20250208034255011.jpg,DCIM/context_s20250208034246489.jpg,DCIM/context_w20250208034237050.jpg,2025-02-08T03:41:46Z,15.48871915,49.04735804,DCIM/plot_e_20250208034017833.jpg,DCIM/plot_n_20250208034037835.jpg,TRUE,6,5,3,3
20,OS,advanced,>4,1,NA,1,1,100,1,kmen,NA,NA,0,NA,NA,0,NA,stare,1,nejasna,20-40,20-Oct,NA,NA,NA,NA,128_T1_JC_20250717,NA,1,NA,NA,NA,NA,1,1,Oplocení,DCIM/context_n20250208035454371.jpg,DCIM/context_e20250208035448038.jpg,DCIM/context_s20250208035441357.jpg,DCIM/context_w20250208035432670.jpg,2025-02-08T03:54:00Z,15.48874403,49.04754555,DCIM/plot_e_20250208034633569.jpg,DCIM/plot_n_20250208034645011.jpg,TRUE,6,5,5,5
19,BO,small,0.6–0.8,1,NA,1,1,100,1,kmen,NA,NA,0,NA,NA,0,NA,stare,1,zver,40-60,20-30,NA,NA,NA,NA,128_T1_JC_20250717,NA,1,NA,NA,NA,NA,1,1,Oplocení,DCIM/context_n20250208035454371.jpg,DCIM/context_e20250208035448038.jpg,DCIM/context_s20250208035441357.jpg,DCIM/context_w20250208035432670.jpg,2025-02-08T03:54:00Z,15.48874403,49.04754555,DCIM/plot_e_20250208034633569.jpg,DCIM/plot_n_20250208034645011.jpg,TRUE,6,5,0.7,0.7
17,MD,advanced,2–4,1,NA,0,0,0,NA,NA,NA,NA,0,NA,NA,0,NA,NA,0,NA,NA,NA,NA,NA,NA,NA,129_T1_JC_20250717,NA,1,NA,NA,NA,NA,1,1,Oplocení,DCIM/context_n20250208040209063.jpg,DCIM/context_e20250208040203132.jpg,DCIM/context_s20250208040157101.jpg,DCIM/context_w20250208040150118.jpg,2025-02-08T04:01:22Z,15.48876393,49.04771871,DCIM/plot_e_20250208035656595.jpg,DCIM/plot_n_20250208035707404.jpg,TRUE,6,5,3,3
18,SM,advanced,2–4,1,NA,0,0,0,NA,NA,NA,NA,0,NA,NA,0,NA,NA,0,NA,NA,NA,NA,NA,NA,NA,129_T1_JC_20250717,NA,1,NA,NA,NA,NA,1,1,Oplocení,DCIM/context_n20250208040209063.jpg,DCIM/context_e20250208040203132.jpg,DCIM/context_s20250208040157101.jpg,DCIM/context_w20250208040150118.jpg,2025-02-08T04:01:22Z,15.48876393,49.04771871,DCIM/plot_e_20250208035656595.jpg,DCIM/plot_n_20250208035707404.jpg,TRUE,6,5,3,3
18,SM,small,1.3–2.0,2,NA,0,0,0,NA,NA,NA,NA,0,NA,NA,0,NA,NA,0,NA,NA,NA,NA,NA,NA,NA,129_T1_JC_20250717,NA,1,NA,NA,NA,NA,1,1,Oplocení,DCIM/context_n20250208040209063.jpg,DCIM/context_e20250208040203132.jpg,DCIM/context_s20250208040157101.jpg,DCIM/context_w20250208040150118.jpg,2025-02-08T04:01:22Z,15.48876393,49.04771871,DCIM/plot_e_20250208035656595.jpg,DCIM/plot_n_20250208035707404.jpg,TRUE,6,5,1.7,1.7
30,JR,small,0.4–0.6,1,NA,1,1,100,1,terminal,chybajuci,0,1,NA,NA,0,NA,NA,0,NA,NA,NA,NA,NA,NA,NA,129_T1_JC_20250717,NA,1,NA,NA,NA,NA,1,1,Oplocení,DCIM/context_n20250208040209063.jpg,DCIM/context_e20250208040203132.jpg,DCIM/context_s20250208040157101.jpg,DCIM/context_w20250208040150118.jpg,2025-02-08T04:01:22Z,15.48876393,49.04771871,DCIM/plot_e_20250208035656595.jpg,DCIM/plot_n_20250208035707404.jpg,TRUE,6,5,0.5,0.5
13,BK,small,0.8–1.0,1,NA,0,0,0,NA,NA,NA,NA,0,NA,NA,0,NA,NA,0,NA,NA,NA,NA,NA,NA,NA,130_T1_JC_20250717,NA,1,NA,NA,NA,NA,1,1,Oplocení,DCIM/context_n20250208040621954.jpg,DCIM/context_e20250208040614637.jpg,DCIM/context_s20250208040605497.jpg,DCIM/context_w20250208040556996.jpg,2025-02-08T04:05:32Z,15.48847198,49.04755246,DCIM/plot_e_20250208040353248.jpg,DCIM/plot_n_20250208040407362.jpg,TRUE,6,5,0.9,0.9
18,SM,small,0.6–0.8,1,NA,0,0,0,NA,NA,NA,NA,0,NA,NA,0,NA,NA,0,NA,NA,NA,NA,NA,NA,NA,130_T1_JC_20250717,NA,1,NA,NA,NA,NA,1,1,Oplocení,DCIM/context_n20250208040621954.jpg,DCIM/context_e20250208040614637.jpg,DCIM/context_s20250208040605497.jpg,DCIM/context_w20250208040556996.jpg,2025-02-08T04:05:32Z,15.48847198,49.04755246,DCIM/plot_e_20250208040353248.jpg,DCIM/plot_n_20250208040407362.jpg,TRUE,6,5,0.7,0.7
13,BK,small,1.0–1.3,4,NA,0,0,0,NA,NA,NA,NA,0,NA,NA,0,NA,NA,0,NA,NA,NA,NA,NA,NA,NA,131_T1_JC_20250717,NA,1,1,NA,NA,NA,1,1,Oplocení,DCIM/context_n20250208042752431.jpg,DCIM/context_e20250208042744042.jpg,DCIM/context_s20250208042737293.jpg,DCIM/context_w20250208042729758.jpg,2025-02-08T04:26:56Z,15.50075879,49.04712859,DCIM/plot_e_20250208042506497.jpg,DCIM/plot_n_20250208042518744.jpg,TRUE,7,5,1.2,1.2
13,BK,small,1.0–1.3,3,NA,0,0,0,NA,NA,NA,NA,0,NA,NA,0,NA,NA,0,NA,NA,NA,NA,NA,NA,NA,132_T1_JC_20250717,NA,1,1,NA,NA,NA,1,1,Oplocení,DCIM/context_n20250208043439974.jpg,DCIM/context_e20250208043428646.jpg,DCIM/context_s20250208043418574.jpg,DCIM/context_w20250208043409284.jpg,2025-02-08T04:33:43Z,15.50101416,49.04693632,DCIM/plot_e_20250208043126509.jpg,DCIM/plot_n_20250208043137637.jpg,TRUE,7,5,1.2,1.2
13,BK,small,1.0–1.3,1,NA,0,0,0,NA,NA,NA,NA,0,NA,NA,0,NA,NA,0,NA,NA,NA,NA,NA,NA,NA,133_T1_JC_20250717,NA,1,1,NA,NA,NA,1,1,Oplocení,DCIM/context_n20250208043952641.jpg,DCIM/context_e20250208043943620.jpg,DCIM/context_s20250208043934164.jpg,DCIM/context_w20250208043925395.jpg,2025-02-08T04:38:49Z,15.50103296,49.04711693,DCIM/plot_e_20250208043650905.jpg,DCIM/plot_n_20250208043706393.jpg,TRUE,7,5,1.2,1.2
13,BK,small,0.8–1.0,1,NA,0,0,0,NA,NA,NA,NA,0,NA,NA,0,NA,NA,0,NA,NA,NA,NA,NA,NA,NA,135_T1_JC_20250717,NA,1,1,NA,NA,NA,1,1,Oplocení,DCIM/context_n20250208045117335.jpg,DCIM/context_e20250208045108764.jpg,DCIM/context_s20250208045100111.jpg,DCIM/context_w20250208045051489.jpg,2025-02-08T04:50:28Z,15.50130494,49.04710462,DCIM/plot_e_20250208044853205.jpg,DCIM/plot_n_20250208044910495.jpg,TRUE,7,5,0.9,0.9
18,SM,advanced,>4,6,NA,1,1,16.666666666666664,2,kmen,NA,NA,0,NA,NA,0,NA,stare,1,zver,40-60,>30,NA,NA,NA,NA,136_T1_JC_20250717,NA,1,1,NA,NA,NA,1,0,NA,DCIM/context_n20250208053500201.jpg,DCIM/context_e20250208053454052.jpg,DCIM/context_s20250208053446184.jpg,DCIM/context_w20250208053437478.jpg,2025-02-08T05:33:56Z,15.57712428,49.04297767,DCIM/plot_e_20250208053007497.jpg,DCIM/plot_n_20250208053029416.jpg,TRUE,8,5,5,5
18,SM,advanced,>4,8,NA,1,1,12.5,2,kmen,NA,NA,0,NA,NA,0,NA,stare,1,zver,0-20,>10,NA,NA,NA,NA,137_T1_JC_20250717,1,1,1,NA,NA,NA,0,0,NA,DCIM/context_n20250208055033123.jpg,DCIM/context_e20250208055023534.jpg,DCIM/context_s20250208055016716.jpg,DCIM/context_w20250208055007126.jpg,2025-02-08T05:48:38Z,15.57714305,49.04316544,DCIM/plot_e_20250208054344792.jpg,DCIM/plot_n_20250208054359543.jpg,TRUE,8,5,5,5
18,SM,small,1.3–2.0,1,NA,0,0,0,NA,NA,NA,NA,0,NA,NA,0,NA,NA,0,NA,NA,NA,NA,NA,NA,NA,137_T1_JC_20250717,1,1,1,NA,NA,NA,0,0,NA,DCIM/context_n20250208055033123.jpg,DCIM/context_e20250208055023534.jpg,DCIM/context_s20250208055016716.jpg,DCIM/context_w20250208055007126.jpg,2025-02-08T05:48:38Z,15.57714305,49.04316544,DCIM/plot_e_20250208054344792.jpg,DCIM/plot_n_20250208054359543.jpg,TRUE,8,5,1.7,1.7
18,SM,advanced,>4,6,NA,0,0,0,NA,NA,NA,NA,0,NA,NA,0,NA,NA,0,NA,NA,NA,NA,NA,NA,NA,138_T1_JC_20250717,1,1,0,NA,NA,NA,NA,0,NA,DCIM/context_n20250208055746663.jpg,DCIM/context_e20250208055738845.jpg,DCIM/context_s20250208055732028.jpg,DCIM/context_w20250208055722608.jpg,2025-02-08T05:56:00Z,15.57687122,49.04317746,DCIM/plot_e_20250208055329862.jpg,DCIM/plot_n_20250208055340455.jpg,TRUE,8,5,5,5
17,MD,advanced,2–4,1,NA,0,0,0,NA,NA,NA,NA,0,NA,NA,0,NA,NA,0,NA,NA,NA,NA,NA,NA,NA,138_T1_JC_20250717,1,1,0,NA,NA,NA,NA,0,NA,DCIM/context_n20250208055746663.jpg,DCIM/context_e20250208055738845.jpg,DCIM/context_s20250208055732028.jpg,DCIM/context_w20250208055722608.jpg,2025-02-08T05:56:00Z,15.57687122,49.04317746,DCIM/plot_e_20250208055329862.jpg,DCIM/plot_n_20250208055340455.jpg,TRUE,8,5,3,3
10,BR,advanced,2–4,1,NA,0,0,0,NA,NA,NA,NA,0,NA,NA,0,NA,NA,0,NA,NA,NA,NA,NA,NA,NA,138_T1_JC_20250717,1,1,0,NA,NA,NA,NA,0,NA,DCIM/context_n20250208055746663.jpg,DCIM/context_e20250208055738845.jpg,DCIM/context_s20250208055732028.jpg,DCIM/context_w20250208055722608.jpg,2025-02-08T05:56:00Z,15.57687122,49.04317746,DCIM/plot_e_20250208055329862.jpg,DCIM/plot_n_20250208055340455.jpg,TRUE,8,5,3,3
35,ots1,advanced,2–4,1,NA,0,0,0,NA,NA,NA,NA,0,NA,NA,0,NA,NA,0,NA,NA,NA,NA,NA,NA,NA,138_T1_JC_20250717,1,1,0,NA,NA,NA,NA,0,NA,DCIM/context_n20250208055746663.jpg,DCIM/context_e20250208055738845.jpg,DCIM/context_s20250208055732028.jpg,DCIM/context_w20250208055722608.jpg,2025-02-08T05:56:00Z,15.57687122,49.04317746,DCIM/plot_e_20250208055329862.jpg,DCIM/plot_n_20250208055340455.jpg,TRUE,8,5,3,3
18,SM,advanced,2–4,2,NA,0,0,0,NA,NA,NA,NA,0,NA,NA,0,NA,NA,0,NA,NA,NA,NA,NA,NA,NA,138_T1_JC_20250717,1,1,0,NA,NA,NA,NA,0,NA,DCIM/context_n20250208055746663.jpg,DCIM/context_e20250208055738845.jpg,DCIM/context_s20250208055732028.jpg,DCIM/context_w20250208055722608.jpg,2025-02-08T05:56:00Z,15.57687122,49.04317746,DCIM/plot_e_20250208055329862.jpg,DCIM/plot_n_20250208055340455.jpg,TRUE,8,5,3,3
18,SM,advanced,2–4,1,NA,0,0,0,NA,NA,NA,NA,0,NA,NA,0,NA,NA,0,NA,NA,NA,NA,NA,NA,NA,138_T1_JC_20250717,1,1,0,NA,NA,NA,NA,0,NA,DCIM/context_n20250208055746663.jpg,DCIM/context_e20250208055738845.jpg,DCIM/context_s20250208055732028.jpg,DCIM/context_w20250208055722608.jpg,2025-02-08T05:56:00Z,15.57687122,49.04317746,DCIM/plot_e_20250208055329862.jpg,DCIM/plot_n_20250208055340455.jpg,TRUE,8,5,3,3
18,SM,small,1.3–2.0,1,NA,0,0,0,NA,NA,NA,NA,0,NA,NA,0,NA,NA,0,NA,NA,NA,NA,NA,NA,NA,138_T1_JC_20250717,1,1,0,NA,NA,NA,NA,0,NA,DCIM/context_n20250208055746663.jpg,DCIM/context_e20250208055738845.jpg,DCIM/context_s20250208055732028.jpg,DCIM/context_w20250208055722608.jpg,2025-02-08T05:56:00Z,15.57687122,49.04317746,DCIM/plot_e_20250208055329862.jpg,DCIM/plot_n_20250208055340455.jpg,TRUE,8,5,1.7,1.7
18,SM,small,0.2–0.4,1,NA,1,1,100,1,terminal,odumrety,0,1,NA,NA,0,NA,NA,0,NA,NA,NA,NA,T1140OSM1,NA,NA,140_T1_JC_20250717,NA,1,NA,1,NA,NA,1,0,Zalesnění bývalé linky,DCIM/context_n20250208060925657.jpg,DCIM/context_e20250208060917621.jpg,DCIM/context_s20250208060909000.jpg,DCIM/context_w20250208060902318.jpg,2025-02-08T06:06:58Z,15.57741648,49.04314854,DCIM/plot_e_20250208060418919.jpg,DCIM/plot_n_20250208060425753.jpg,TRUE,8,5,0.3,0.3
24,DB,small,1.3–2.0,2,NA,1,2,100,1,olistení,NA,NA,0,0-20,1,2,0-20,NA,0,NA,NA,NA,NA,NA,NA,T1141ODB4,141_T1_JC_20250717,NA,1,1,NA,NA,NA,1,1,Oplocení,DCIM/context_n20250208063306824.jpg,DCIM/context_e20250208063255616.jpg,DCIM/context_s20250208063247645.jpg,DCIM/context_w20250208063240828.jpg,2025-02-08T06:32:04Z,15.58870637,49.0483573,DCIM/plot_e_20250208062754073.jpg,DCIM/plot_n_20250208062804364.jpg,TRUE,9,5,1.7,1.7
24,DB,small,1.0–1.3,1,NA,1,1,100,1,olistení,NA,NA,0,0-20,0,1,0-20,NA,0,NA,NA,NA,NA,NA,NA,Stejné poškození jako na ploše 141,142_T1_JC_20250717,1,1,1,NA,NA,NA,1,1,Oplocení,DCIM/context_n20250208064338726.jpg,DCIM/context_e20250208064329134.jpg,DCIM/context_s20250208064320365.jpg,DCIM/context_w20250208064312432.jpg,2025-02-08T06:42:27Z,15.58898255,49.04834368,DCIM/plot_e_20250208063817034.jpg,DCIM/plot_n_20250208063826490.jpg,TRUE,9,5,1.2,1.2
28,VRX,small,1.3–2.0,1,NA,0,0,0,NA,NA,NA,NA,0,NA,NA,0,NA,NA,0,NA,NA,NA,NA,NA,NA,NA,146_T1_JC_20250717,NA,1,NA,NA,NA,NA,NA,0,NA,DCIM/context_n20250208071538349.jpg,DCIM/context_e20250208071530663.jpg,DCIM/context_s20250208071518452.jpg,DCIM/context_w20250208071509161.jpg,2025-02-08T07:14:36Z,15.59158812,49.04964629,DCIM/plot_e_20250208071254689.jpg,DCIM/plot_n_20250208071314686.jpg,TRUE,10,5,1.7,1.7
19,BO,small,0.6–0.8,1,NA,0,0,0,NA,NA,NA,NA,0,NA,NA,0,NA,NA,0,NA,NA,NA,NA,NA,NA,NA,147_T1_JC_20250717,NA,1,NA,NA,NA,NA,1,0,Pouze BO z umělé výsadby,DCIM/context_n20250208072153499.jpg,DCIM/context_e20250208072146014.jpg,DCIM/context_s20250208072135573.jpg,DCIM/context_w20250208072128323.jpg,2025-02-08T07:20:43Z,15.59161943,49.04983494,DCIM/plot_e_20250208071757314.jpg,DCIM/plot_n_20250208071807338.jpg,TRUE,10,5,0.7,0.7
28,VRX,small,1.0–1.3,2,NA,1,1,50,1,terminal,chybajuci,NA,1,NA,NA,0,NA,NA,0,NA,NA,NA,NA,Okus,NA,NA,147_T1_JC_20250717,NA,1,NA,NA,NA,NA,1,0,Pouze BO z umělé výsadby,DCIM/context_n20250208072153499.jpg,DCIM/context_e20250208072146014.jpg,DCIM/context_s20250208072135573.jpg,DCIM/context_w20250208072128323.jpg,2025-02-08T07:20:43Z,15.59161943,49.04983494,DCIM/plot_e_20250208071757314.jpg,DCIM/plot_n_20250208071807338.jpg,TRUE,10,5,1.2,1.2
19,BO,small,1.0–1.3,5,NA,0,0,0,NA,NA,NA,NA,0,NA,NA,0,NA,NA,0,NA,NA,NA,NA,NA,NA,NA,148_T1_JC_20250717,NA,1,NA,NA,1,NA,1,0,Umělá výsadba pouze BO,DCIM/context_n20250208072915460.jpg,DCIM/context_e20250208072909077.jpg,DCIM/context_s20250208072902998.jpg,DCIM/context_w20250208072849548.jpg,2025-02-08T07:28:15Z,15.59165854,49.0500158,DCIM/plot_e_20250208072405147.jpg,DCIM/plot_n_20250208072435738.jpg,TRUE,10,5,1.2,1.2
28,VRX,small,0.8–1.0,3,NA,0,0,0,NA,NA,NA,NA,0,NA,NA,0,NA,NA,0,NA,NA,NA,NA,NA,NA,NA,148_T1_JC_20250717,NA,1,NA,NA,1,NA,1,0,Umělá výsadba pouze BO,DCIM/context_n20250208072915460.jpg,DCIM/context_e20250208072909077.jpg,DCIM/context_s20250208072902998.jpg,DCIM/context_w20250208072849548.jpg,2025-02-08T07:28:15Z,15.59165854,49.0500158,DCIM/plot_e_20250208072405147.jpg,DCIM/plot_n_20250208072435738.jpg,TRUE,10,5,0.9,0.9
20,OS,small,1.0–1.3,1,NA,1,1,100,1,terminal,chybajuci,NA,1,NA,NA,0,NA,NA,0,NA,NA,NA,NA,Okus terminálu,NA,NA,148_T1_JC_20250717,NA,1,NA,NA,1,NA,1,0,Umělá výsadba pouze BO,DCIM/context_n20250208072915460.jpg,DCIM/context_e20250208072909077.jpg,DCIM/context_s20250208072902998.jpg,DCIM/context_w20250208072849548.jpg,2025-02-08T07:28:15Z,15.59165854,49.0500158,DCIM/plot_e_20250208072405147.jpg,DCIM/plot_n_20250208072435738.jpg,TRUE,10,5,1.2,1.2
28,VRX,small,1.0–1.3,5,NA,1,4,80,1,terminal,chybajuci,3,4,NA,NA,0,NA,NA,0,NA,NA,NA,NA,Okus terminálu,NA,NA,149_T1_JC_20250717,NA,1,NA,NA,1,NA,NA,0,NA,DCIM/context_n20250208073623654.jpg,DCIM/context_e20250208073617223.jpg,DCIM/context_s20250208073611107.jpg,DCIM/context_w20250208073604091.jpg,2025-02-08T07:35:15Z,15.59189552,49.04981617,DCIM/plot_e_20250208073250090.jpg,DCIM/plot_n_20250208073300885.jpg,TRUE,10,5,1.2,1.2
10,BR,small,1.3–2.0,1,NA,1,1,100,1,kmen,NA,NA,0,NA,NA,0,NA,stare,1,zver,80-100,20-30,NA,NA,NA,NA,149_T1_JC_20250717,NA,1,NA,NA,1,NA,NA,0,NA,DCIM/context_n20250208073623654.jpg,DCIM/context_e20250208073617223.jpg,DCIM/context_s20250208073611107.jpg,DCIM/context_w20250208073604091.jpg,2025-02-08T07:35:15Z,15.59189552,49.04981617,DCIM/plot_e_20250208073250090.jpg,DCIM/plot_n_20250208073300885.jpg,TRUE,10,5,1.7,1.7
24,DB,small,0.8–1.0,2,NA,0,0,0,NA,NA,NA,NA,0,NA,NA,0,NA,NA,0,NA,NA,NA,NA,NA,NA,NA,150_T1_JC_20250717,1,1,1,NA,1,NA,1,1,Oplocení,DCIM/context_n20250208074833017.jpg,DCIM/context_e20250208074826701.jpg,DCIM/context_s20250208074819719.jpg,DCIM/context_w20250208074756696.jpg,2025-02-08T07:47:05Z,15.59134968,49.04984833,DCIM/plot_e_20250208074545947.jpg,DCIM/plot_n_20250208074555888.jpg,TRUE,10,5,0.9,0.9
13,BK,small,0.8–1.0,1,NA,1,1,100,1,terminal,chybajuci,NA,1,NA,NA,0,NA,NA,0,NA,NA,NA,NA,Okus zvěří,NA,NA,151_T1_JC_20250717,NA,1,NA,NA,NA,NA,1,1,Repelent pouze na BK,DCIM/context_n20250208085913111.jpg,DCIM/context_e20250208085904791.jpg,DCIM/context_s20250208085856587.jpg,DCIM/context_w20250208085850341.jpg,2025-02-08T08:57:18Z,15.54918775,49.189145,DCIM/plot_e_20250208084721519.jpg,DCIM/plot_n_20250208084731459.jpg,TRUE,11,5,0.9,0.9
18,SM,small,0.2–0.4,1,NA,1,1,100,1,terminal,chybajuci,NA,1,NA,NA,0,NA,NA,0,NA,NA,NA,NA,"Okus zvěří, nyní náhradní vrchol",NA,NA,151_T1_JC_20250717,NA,1,NA,NA,NA,NA,1,1,Repelent pouze na BK,DCIM/context_n20250208085913111.jpg,DCIM/context_e20250208085904791.jpg,DCIM/context_s20250208085856587.jpg,DCIM/context_w20250208085850341.jpg,2025-02-08T08:57:18Z,15.54918775,49.189145,DCIM/plot_e_20250208084721519.jpg,DCIM/plot_n_20250208084731459.jpg,TRUE,11,5,0.3,0.3
19,BO,small,0.2–0.4,5,NA,1,2,40,1,olistení,chybajuci,NA,1,0-20,NA,1,20-40,NA,0,NA,NA,NA,NA,NA,NA,T1151OBO4,151_T1_JC_20250717,NA,1,NA,NA,NA,NA,1,1,Repelent pouze na BK,DCIM/context_n20250208085913111.jpg,DCIM/context_e20250208085904791.jpg,DCIM/context_s20250208085856587.jpg,DCIM/context_w20250208085850341.jpg,2025-02-08T08:57:18Z,15.54918775,49.189145,DCIM/plot_e_20250208084721519.jpg,DCIM/plot_n_20250208084731459.jpg,TRUE,11,5,0.3,0.3
10,BR,small,0.4–0.6,1,NA,0,0,0,NA,NA,NA,NA,0,NA,NA,0,NA,NA,0,NA,NA,NA,NA,NA,NA,NA,151_T1_JC_20250717,NA,1,NA,NA,NA,NA,1,1,Repelent pouze na BK,DCIM/context_n20250208085913111.jpg,DCIM/context_e20250208085904791.jpg,DCIM/context_s20250208085856587.jpg,DCIM/context_w20250208085850341.jpg,2025-02-08T08:57:18Z,15.54918775,49.189145,DCIM/plot_e_20250208084721519.jpg,DCIM/plot_n_20250208084731459.jpg,TRUE,11,5,0.5,0.5
10,BR,small,0.2–0.4,4,NA,1,2,50,2,terminal,chybajuci,NA,1,NA,NA,0,NA,stare,1,NA,NA,NA,NA,Mechanicky poškozený terminál ožnutím,NA,NA,152_T1_JC_20250717,NA,1,NA,NA,NA,NA,0,0,NA,DCIM/context_n20250208090708768.jpg,DCIM/context_e20250208090655153.jpg,DCIM/context_s20250208090647868.jpg,DCIM/context_w20250208090641253.jpg,2025-02-08T09:06:15Z,15.54942876,49.18914311,DCIM/plot_e_20250208090151474.jpg,DCIM/plot_n_20250208090206325.jpg,TRUE,11,5,0.3,0.3
24,DB,small,1.3–2.0,1,NA,0,0,0,NA,NA,NA,NA,0,NA,NA,0,NA,NA,0,NA,NA,NA,NA,NA,NA,NA,153_T1_JC_20250717,NA,1,NA,NA,NA,1,NA,0,NA,DCIM/context_n20250208091417483.jpg,DCIM/context_e20250208091408828.jpg,DCIM/context_s20250208091402076.jpg,DCIM/context_w20250208091354125.jpg,2025-02-08T09:13:16Z,15.54969347,49.18917352,DCIM/plot_e_20250208090916372.jpg,DCIM/plot_n_20250208090927016.jpg,TRUE,11,5,1.7,1.7
28,VRX,small,0.4–0.6,3,NA,1,3,100,1,terminal,chybajuci,2,3,NA,NA,0,NA,NA,0,NA,NA,NA,NA,Okus terminálu,NA,NA,153_T1_JC_20250717,NA,1,NA,NA,NA,1,NA,0,NA,DCIM/context_n20250208091417483.jpg,DCIM/context_e20250208091408828.jpg,DCIM/context_s20250208091402076.jpg,DCIM/context_w20250208091354125.jpg,2025-02-08T09:13:16Z,15.54969347,49.18917352,DCIM/plot_e_20250208090916372.jpg,DCIM/plot_n_20250208090927016.jpg,TRUE,11,5,0.5,0.5
18,SM,small,0.8–1.0,1,NA,0,0,0,NA,NA,NA,NA,0,NA,NA,0,NA,NA,0,NA,NA,NA,NA,NA,NA,NA,154_T1_JC_20250717,NA,1,NA,NA,1,1,1,1,Repelent,DCIM/context_n20250208092129738.jpg,DCIM/context_e20250208092121582.jpg,DCIM/context_s20250208092112043.jpg,DCIM/context_w20250208092103490.jpg,2025-02-08T09:19:51Z,15.54945398,49.18932235,DCIM/plot_e_20250208091831190.jpg,DCIM/plot_n_20250208091840662.jpg,TRUE,11,5,0.9,0.9
13,BK,small,0.4–0.6,1,NA,0,0,0,NA,NA,NA,NA,0,NA,NA,0,NA,NA,0,NA,NA,NA,NA,NA,NA,NA,154_T1_JC_20250717,NA,1,NA,NA,1,1,1,1,Repelent,DCIM/context_n20250208092129738.jpg,DCIM/context_e20250208092121582.jpg,DCIM/context_s20250208092112043.jpg,DCIM/context_w20250208092103490.jpg,2025-02-08T09:19:51Z,15.54945398,49.18932235,DCIM/plot_e_20250208091831190.jpg,DCIM/plot_n_20250208091840662.jpg,TRUE,11,5,0.5,0.5
18,SM,small,1.3–2.0,2,NA,1,2,100,1,olistení,NA,NA,0,80-100,1,2,80-100,NA,0,NA,NA,NA,NA,NA,NA,Celý suchý jedinec,155_T1_JC_20250717,NA,1,NA,NA,NA,0,NA,0,NA,DCIM/context_n20250208093101240.jpg,DCIM/context_e20250208093054525.jpg,DCIM/context_s20250208093039975.jpg,DCIM/context_w20250208093028594.jpg,2025-02-08T09:29:21Z,15.54940298,49.18895613,DCIM/plot_e_20250208092626229.jpg,DCIM/plot_n_20250208092631959.jpg,TRUE,11,5,1.7,1.7
7,OL,small,0.6–0.8,1,NA,0,0,0,NA,NA,NA,NA,0,NA,NA,0,NA,NA,0,NA,NA,NA,NA,NA,NA,NA,201_T2_AH_20250827,1,1,NA,NA,1,NA,1,1,Vr ožnutá,DCIM/context_n20250515115431900.jpg,DCIM/context_e20250515115422143.jpg,DCIM/context_s20250515115411953.jpg,DCIM/context_w20250515115355680.jpg,2025-05-15T11:51:43Z,15.84549772,49.60450631,DCIM/plot_e_20250515114106834.jpg,DCIM/plot_n_20250515114153262.jpg,TRUE,12,5,0.7,0.7
10,BR,small,NA,1,NA,0,0,0,NA,NA,NA,NA,0,NA,NA,0,NA,NA,0,NA,NA,NA,NA,NA,NA,NA,201_T2_AH_20250827,1,1,NA,NA,1,NA,1,1,Vr ožnutá,DCIM/context_n20250515115431900.jpg,DCIM/context_e20250515115422143.jpg,DCIM/context_s20250515115411953.jpg,DCIM/context_w20250515115355680.jpg,2025-05-15T11:51:43Z,15.84549772,49.60450631,DCIM/plot_e_20250515114106834.jpg,DCIM/plot_n_20250515114153262.jpg,TRUE,12,5,NA,NA
28,VRX,small,1.3–2.0,1,NA,1,1,100,1,kmen,chybajuci,NA,1,NA,NA,0,NA,stare,1,mechanizace,80-100,NA,NA,NA,NA,NA,201_T2_AH_20250827,1,1,NA,NA,1,NA,1,1,Vr ožnutá,DCIM/context_n20250515115431900.jpg,DCIM/context_e20250515115422143.jpg,DCIM/context_s20250515115411953.jpg,DCIM/context_w20250515115355680.jpg,2025-05-15T11:51:43Z,15.84549772,49.60450631,DCIM/plot_e_20250515114106834.jpg,DCIM/plot_n_20250515114153262.jpg,TRUE,12,5,1.7,1.7
13,BK,small,0.8–1.0,2,NA,1,1,50,1,kmen,NA,NA,0,NA,NA,0,NA,stare,1,mechanizace,0-20,NA,NA,NA,NA,NA,202_T2_AH_20250827,NA,1,NA,0,1,NA,1,1,NA,DCIM/context_n20250515121143809.jpg,DCIM/context_e20250515121134089.jpg,DCIM/context_s20250515121124860.jpg,DCIM/context_w20250515121114239.jpg,2025-05-15T12:10:07Z,15.84552227,49.60467807,DCIM/plot_e_20250515115708159.jpg,DCIM/plot_n_20250515115720889.jpg,TRUE,12,5,0.9,0.9
10,BR,small,0.4–0.6,2,NA,1,2,100,1,olistení,NA,NA,0,0-20,2,3,0-20,stare,1,mechanizace,80-100,NA,NA,NA,NA,NA,202_T2_AH_20250827,NA,1,NA,0,1,NA,1,1,NA,DCIM/context_n20250515121143809.jpg,DCIM/context_e20250515121134089.jpg,DCIM/context_s20250515121124860.jpg,DCIM/context_w20250515121114239.jpg,2025-05-15T12:10:07Z,15.84552227,49.60467807,DCIM/plot_e_20250515115708159.jpg,DCIM/plot_n_20250515115720889.jpg,TRUE,12,5,0.5,0.5
18,SM,small,1.3–2.0,2,NA,0,0,0,NA,NA,NA,NA,0,NA,NA,0,NA,NA,0,NA,NA,NA,NA,NA,NA,NA,203_T2_AH_20250827,0,1,NA,NA,1,NA,1,1,NA,DCIM/context_n20250515124154690.jpg,DCIM/context_e20250515124145585.jpg,DCIM/context_s20250515124124401.jpg,DCIM/context_w20250515124112372.jpg,2025-05-15T12:40:02Z,15.84776919,49.60258259,DCIM/plot_e_20250515123901825.jpg,DCIM/plot_n_20250515123913251.jpg,TRUE,13,5,1.7,1.7
18,SM,small,1.0–1.3,1,NA,1,1,100,1,olistení,NA,NA,0,0-20,NA,1,80-100,NA,0,NA,NA,NA,NA,NA,NA,Mráz SM,204_T2_AH_20250827,NA,1,NA,NA,1,NA,1,1,NA,DCIM/context_n20250515125329056.jpg,DCIM/context_e20250515125316895.jpg,DCIM/context_s20250515125303983.jpg,DCIM/context_w20250515125252298.jpg,2025-05-15T12:51:46Z,15.84802089,49.60238757,DCIM/plot_e_20250515124634092.jpg,DCIM/plot_n_20250515124649263.jpg,TRUE,13,5,1.2,1.2
18,SM,small,0.4–0.6,1,NA,0,0,0,NA,NA,NA,NA,0,NA,NA,0,NA,NA,0,NA,NA,NA,NA,NA,NA,NA,205_T2_AH_20250827,1,1,NA,NA,1,NA,1,0,NA,DCIM/context_n20250515130122610.jpg,DCIM/context_e20250515130113723.jpg,DCIM/context_s20250515130100943.jpg,DCIM/context_w20250515130048830.jpg,2025-05-15T12:59:28Z,15.84745553,49.60240776,DCIM/plot_e_20250515125815158.jpg,DCIM/plot_n_20250515125831497.jpg,TRUE,13,5,0.5,0.5
24,DB,small,0.4–0.6,2,NA,1,1,50,1,terminal,chybajuci,NA,1,NA,NA,0,NA,NA,0,NA,NA,NA,NA,NA,NA,NA,206_T2_AH_20250827,0,1,1,NA,NA,NA,1,1,NA,DCIM/context_n20250520090237778.jpg,DCIM/context_e20250520090229777.jpg,DCIM/context_s20250520090220019.jpg,DCIM/context_w20250520090207206.jpg,2025-05-20T09:00:59Z,15.79079279,49.81972013,DCIM/plot_e_20250520085404781.jpg,DCIM/plot_n_20250520085416791.jpg,TRUE,14,5,0.5,0.5
18,SM,small,0.4–0.6,14,NA,1,8,57.14285714285714,1,olistení,NA,NA,0,0-20,7,8,80-100,NA,0,NA,NA,NA,NA,NA,NA,Mráz SM,206_T2_AH_20250827,0,1,1,NA,NA,NA,1,1,NA,DCIM/context_n20250520090237778.jpg,DCIM/context_e20250520090229777.jpg,DCIM/context_s20250520090220019.jpg,DCIM/context_w20250520090207206.jpg,2025-05-20T09:00:59Z,15.79079279,49.81972013,DCIM/plot_e_20250520085404781.jpg,DCIM/plot_n_20250520085416791.jpg,TRUE,14,5,0.5,0.5
1,JD,small,0.2–0.4,1,NA,1,1,100,1,olistení,odumrety,NA,1,0-20,NA,1,80-100,NA,0,NA,NA,NA,NA,Mráz,NA,Mráz,207_T2_AH_20250827,NA,1,1,NA,NA,NA,1,1,NA,DCIM/context_n20250520091942622.jpg,DCIM/context_e20250520091933048.jpg,DCIM/context_s20250520091924478.jpg,DCIM/context_w20250520091913825.jpg,2025-05-20T09:18:17Z,15.79050332,49.81973467,DCIM/plot_e_20250520090753870.jpg,DCIM/plot_n_20250520090804846.jpg,TRUE,14,5,0.3,0.3
18,SM,small,0.2–0.4,3,NA,1,3,100,1,terminal,chybajuci,2,3,NA,NA,0,NA,NA,0,NA,NA,NA,NA,Zvěř,NA,NA,207_T2_AH_20250827,NA,1,1,NA,NA,NA,1,1,NA,DCIM/context_n20250520091942622.jpg,DCIM/context_e20250520091933048.jpg,DCIM/context_s20250520091924478.jpg,DCIM/context_w20250520091913825.jpg,2025-05-20T09:18:17Z,15.79050332,49.81973467,DCIM/plot_e_20250520090753870.jpg,DCIM/plot_n_20250520090804846.jpg,TRUE,14,5,0.3,0.3
24,DB,small,0.6–0.8,3,NA,0,0,0,NA,NA,NA,NA,0,NA,NA,0,NA,NA,0,NA,NA,NA,NA,NA,NA,NA,207_T2_AH_20250827,NA,1,1,NA,NA,NA,1,1,NA,DCIM/context_n20250520091942622.jpg,DCIM/context_e20250520091933048.jpg,DCIM/context_s20250520091924478.jpg,DCIM/context_w20250520091913825.jpg,2025-05-20T09:18:17Z,15.79050332,49.81973467,DCIM/plot_e_20250520090753870.jpg,DCIM/plot_n_20250520090804846.jpg,TRUE,14,5,0.7,0.7
24,DB,small,0.6–0.8,1,NA,0,0,0,NA,NA,NA,NA,0,NA,NA,0,NA,NA,0,NA,NA,NA,NA,NA,NA,NA,208_T2_AH_20250827,NA,1,1,1,NA,NA,1,1,NA,DCIM/context_n20250520094400110.jpg,DCIM/context_e20250520094323086.jpg,DCIM/context_s20250520094350736.jpg,DCIM/context_w20250520094304744.jpg,2025-05-20T09:42:18Z,15.79080459,49.81990062,DCIM/plot_e_20250520092756556.jpg,DCIM/plot_n_20250520092816454.jpg,TRUE,14,5,0.7,0.7
1,JD,small,0.2–0.4,1,NA,1,1,100,1,olistení,zivy,NA,1,0-20,NA,1,80-100,NA,0,mechanizace,80-100,NA,NA,NA,Ožnut,Mráz,208_T2_AH_20250827,NA,1,1,1,NA,NA,1,1,NA,DCIM/context_n20250520094400110.jpg,DCIM/context_e20250520094323086.jpg,DCIM/context_s20250520094350736.jpg,DCIM/context_w20250520094304744.jpg,2025-05-20T09:42:18Z,15.79080459,49.81990062,DCIM/plot_e_20250520092756556.jpg,DCIM/plot_n_20250520092816454.jpg,TRUE,14,5,0.3,0.3
10,BR,small,0.6–0.8,1,NA,1,1,100,1,olistení,NA,NA,0,60-80,NA,1,20-40,stare,1,mechanizace,80-100,NA,NA,NA,Ožnut,NA,208_T2_AH_20250827,NA,1,1,1,NA,NA,1,1,NA,DCIM/context_n20250520094400110.jpg,DCIM/context_e20250520094323086.jpg,DCIM/context_s20250520094350736.jpg,DCIM/context_w20250520094304744.jpg,2025-05-20T09:42:18Z,15.79080459,49.81990062,DCIM/plot_e_20250520092756556.jpg,DCIM/plot_n_20250520092816454.jpg,TRUE,14,5,0.7,0.7
24,DB,small,0.6–0.8,4,NA,0,0,0,NA,NA,NA,NA,0,NA,NA,0,NA,NA,0,NA,NA,NA,NA,NA,NA,NA,210_T2_AH_20250827,NA,1,1,NA,1,NA,1,1,NA,DCIM/context_n20250520095856560.jpg,DCIM/context_e20250520095848124.jpg,DCIM/context_s20250520095840874.jpg,DCIM/context_w20250520095830808.jpg,2025-05-20T09:57:32Z,15.7907566,49.81954229,DCIM/plot_e_20250520095549713.jpg,DCIM/plot_n_20250520095600687.jpg,TRUE,14,5,0.7,0.7
10,BR,small,1.3–2.0,1,NA,1,1,100,1,olistení,NA,NA,0,0-20,NA,1,0-20,NA,0,NA,NA,NA,NA,NA,NA,NA,212_T2_AH_20250827,NA,1,1,NA,NA,NA,1,1,NA,DCIM/context_n20250520103759341.jpg,DCIM/context_e20250520103750718.jpg,DCIM/context_s20250520103742766.jpg,DCIM/context_w20250520103728224.jpg,2025-05-20T10:36:30Z,15.79297077,49.81708213,DCIM/plot_e_20250520103026985.jpg,DCIM/plot_n_20250520103044261.jpg,TRUE,15,5,1.7,1.7
18,SM,small,0.2–0.4,2,NA,0,0,0,NA,NA,NA,NA,0,NA,NA,0,NA,NA,0,NA,NA,NA,NA,NA,NA,NA,212_T2_AH_20250827,NA,1,1,NA,NA,NA,1,1,NA,DCIM/context_n20250520103759341.jpg,DCIM/context_e20250520103750718.jpg,DCIM/context_s20250520103742766.jpg,DCIM/context_w20250520103728224.jpg,2025-05-20T10:36:30Z,15.79297077,49.81708213,DCIM/plot_e_20250520103026985.jpg,DCIM/plot_n_20250520103044261.jpg,TRUE,15,5,0.3,0.3
24,DB,small,0.6–0.8,1,NA,0,0,0,NA,NA,NA,NA,0,NA,NA,0,NA,NA,0,NA,NA,NA,NA,NA,NA,NA,212_T2_AH_20250827,NA,1,1,NA,NA,NA,1,1,NA,DCIM/context_n20250520103759341.jpg,DCIM/context_e20250520103750718.jpg,DCIM/context_s20250520103742766.jpg,DCIM/context_w20250520103728224.jpg,2025-05-20T10:36:30Z,15.79297077,49.81708213,DCIM/plot_e_20250520103026985.jpg,DCIM/plot_n_20250520103044261.jpg,TRUE,15,5,0.7,0.7
30,JR,small,0.2–0.4,1,NA,0,0,0,NA,NA,NA,NA,0,NA,NA,0,NA,NA,0,NA,NA,NA,NA,NA,NA,NA,212_T2_AH_20250827,NA,1,1,NA,NA,NA,1,1,NA,DCIM/context_n20250520103759341.jpg,DCIM/context_e20250520103750718.jpg,DCIM/context_s20250520103742766.jpg,DCIM/context_w20250520103728224.jpg,2025-05-20T10:36:30Z,15.79297077,49.81708213,DCIM/plot_e_20250520103026985.jpg,DCIM/plot_n_20250520103044261.jpg,TRUE,15,5,0.3,0.3
24,DB,small,0.6–0.8,1,NA,1,1,100,1,olistení,NA,NA,0,80-100,NA,1,80-100,NA,0,NA,NA,NA,NA,NA,NA,Mráz,213_T2_AH_20250827,1,NA,1,NA,NA,NA,1,1,NA,DCIM/context_n20250520105442431.jpg,DCIM/context_e20250520105432541.jpg,DCIM/context_s20250520105422883.jpg,DCIM/context_w20250520105414315.jpg,2025-05-20T10:53:25Z,15.79299443,49.817264110000004,DCIM/plot_e_20250520104354440.jpg,DCIM/plot_n_20250520104411512.jpg,TRUE,15,5,0.7,0.7
13,BK,small,0.4–0.6,1,NA,1,1,100,1,olistení,NA,NA,0,80-100,NA,1,80-100,NA,0,NA,NA,NA,NA,NA,NA,Mráz,213_T2_AH_20250827,1,NA,1,NA,NA,NA,1,1,NA,DCIM/context_n20250520105442431.jpg,DCIM/context_e20250520105432541.jpg,DCIM/context_s20250520105422883.jpg,DCIM/context_w20250520105414315.jpg,2025-05-20T10:53:25Z,15.79299443,49.817264110000004,DCIM/plot_e_20250520104354440.jpg,DCIM/plot_n_20250520104411512.jpg,TRUE,15,5,0.5,0.5
10,BR,small,0.2–0.4,2,NA,1,1,50,1,olistení,NA,NA,0,NA,NA,0,NA,stare,1,mechanizace,80-100,>30,NA,NA,Ožnut,NA,213_T2_AH_20250827,1,NA,1,NA,NA,NA,1,1,NA,DCIM/context_n20250520105442431.jpg,DCIM/context_e20250520105432541.jpg,DCIM/context_s20250520105422883.jpg,DCIM/context_w20250520105414315.jpg,2025-05-20T10:53:25Z,15.79299443,49.817264110000004,DCIM/plot_e_20250520104354440.jpg,DCIM/plot_n_20250520104411512.jpg,TRUE,15,5,0.3,0.3
24,DB,small,0.6–0.8,2,NA,0,0,0,NA,NA,NA,NA,0,NA,NA,0,NA,NA,0,NA,NA,NA,NA,NA,NA,NA,214_T2_AH_20250827,NA,1,1,NA,NA,NA,1,1,NA,DCIM/context_n20250520110815041.jpg,DCIM/context_e20250520110808342.jpg,DCIM/context_s20250520110800891.jpg,DCIM/context_w20250520110754045.jpg,2025-05-20T11:07:17Z,15.79269437,49.81709851,DCIM/plot_e_20250520110056611.jpg,DCIM/plot_n_20250520110109502.jpg,TRUE,15,5,0.7,0.7
13,BK,small,0.6–0.8,2,NA,1,2,100,1,olistení,NA,NA,0,60-80,2,3,80-100,NA,0,NA,NA,NA,NA,NA,NA,Mráz,214_T2_AH_20250827,NA,1,1,NA,NA,NA,1,1,NA,DCIM/context_n20250520110815041.jpg,DCIM/context_e20250520110808342.jpg,DCIM/context_s20250520110800891.jpg,DCIM/context_w20250520110754045.jpg,2025-05-20T11:07:17Z,15.79269437,49.81709851,DCIM/plot_e_20250520110056611.jpg,DCIM/plot_n_20250520110109502.jpg,TRUE,15,5,0.7,0.7
10,BR,small,1.3–2.0,2,NA,1,2,100,1,olistení,NA,NA,0,0-20,2,3,0-20,NA,0,NA,NA,NA,NA,NA,NA,NA,214_T2_AH_20250827,NA,1,1,NA,NA,NA,1,1,NA,DCIM/context_n20250520110815041.jpg,DCIM/context_e20250520110808342.jpg,DCIM/context_s20250520110800891.jpg,DCIM/context_w20250520110754045.jpg,2025-05-20T11:07:17Z,15.79269437,49.81709851,DCIM/plot_e_20250520110056611.jpg,DCIM/plot_n_20250520110109502.jpg,TRUE,15,5,1.7,1.7
24,DB,small,0.6–0.8,1,NA,0,0,0,NA,NA,NA,NA,0,NA,NA,0,NA,NA,0,NA,NA,NA,NA,NA,NA,NA,215_T2_AH_20250827,NA,1,1,1,1,NA,1,1,NA,DCIM/context_n20250520112122582.jpg,DCIM/context_e20250520112115614.jpg,DCIM/context_s20250520112109082.jpg,DCIM/context_w20250520112103211.jpg,2025-05-20T11:20:21Z,15.79324757,49.81707383,DCIM/plot_e_20250520111605726.jpg,DCIM/plot_n_20250520111620998.jpg,TRUE,15,5,0.7,0.7
13,BK,small,0.4–0.6,2,NA,1,2,100,1,olistení,NA,NA,0,80-100,2,3,80-100,NA,0,NA,NA,NA,NA,NA,NA,Mráz,215_T2_AH_20250827,NA,1,1,1,1,NA,1,1,NA,DCIM/context_n20250520112122582.jpg,DCIM/context_e20250520112115614.jpg,DCIM/context_s20250520112109082.jpg,DCIM/context_w20250520112103211.jpg,2025-05-20T11:20:21Z,15.79324757,49.81707383,DCIM/plot_e_20250520111605726.jpg,DCIM/plot_n_20250520111620998.jpg,TRUE,15,5,0.5,0.5
27,JIV,small,0.6–0.8,3,NA,0,0,0,NA,NA,NA,NA,0,NA,NA,0,NA,NA,0,NA,NA,NA,NA,NA,NA,NA,215_T2_AH_20250827,NA,1,1,1,1,NA,1,1,NA,DCIM/context_n20250520112122582.jpg,DCIM/context_e20250520112115614.jpg,DCIM/context_s20250520112109082.jpg,DCIM/context_w20250520112103211.jpg,2025-05-20T11:20:21Z,15.79324757,49.81707383,DCIM/plot_e_20250520111605726.jpg,DCIM/plot_n_20250520111620998.jpg,TRUE,15,5,0.7,0.7
24,DB,small,0.6–0.8,1,NA,0,0,0,NA,NA,NA,NA,0,NA,NA,0,NA,NA,0,NA,NA,NA,NA,NA,NA,NA,216_T2_AH_20250827,NA,1,1,NA,NA,NA,1,1,NA,DCIM/context_n20250520112946691.jpg,DCIM/context_e20250520112939608.jpg,DCIM/context_s20250520112932524.jpg,DCIM/context_w20250520112926313.jpg,2025-05-20T11:28:50Z,15.79295752,49.81690619,DCIM/plot_e_20250520112718334.jpg,DCIM/plot_n_20250520112729562.jpg,TRUE,15,5,0.7,0.7
10,BR,small,0.8–1.0,2,NA,1,2,100,1,olistení,NA,NA,0,0-20,1,2,0-20,NA,0,NA,NA,NA,NA,NA,NA,NA,217_T2_AH_20250827,1,1,1,1,NA,NA,NA,0,NA,DCIM/context_n20250520114613125.jpg,DCIM/context_e20250520114601866.jpg,DCIM/context_s20250520114555407.jpg,DCIM/context_w20250520114548462.jpg,2025-05-20T11:44:58Z,15.7960629,49.81728418,DCIM/plot_e_20250520114248502.jpg,DCIM/plot_n_20250520114258006.jpg,TRUE,16,5,0.9,0.9
7,OL,small,1.3–2.0,1,NA,0,0,0,NA,NA,NA,NA,0,NA,NA,0,NA,NA,0,NA,NA,NA,NA,NA,NA,NA,218_T2_AH_20250827,NA,1,1,NA,NA,NA,1,0,NA,DCIM/context_n20250520115639996.jpg,DCIM/context_e20250520115631208.jpg,DCIM/context_s20250520115623172.jpg,DCIM/context_w20250520115615782.jpg,2025-05-20T11:55:13Z,15.79604237,49.81710775,DCIM/plot_e_20250520115045629.jpg,DCIM/plot_n_20250520115059862.jpg,TRUE,16,5,1.7,1.7
10,BR,small,0.4–0.6,2,NA,0,0,0,NA,NA,NA,NA,0,NA,NA,0,NA,NA,0,NA,NA,NA,NA,NA,NA,NA,218_T2_AH_20250827,NA,1,1,NA,NA,NA,1,0,NA,DCIM/context_n20250520115639996.jpg,DCIM/context_e20250520115631208.jpg,DCIM/context_s20250520115623172.jpg,DCIM/context_w20250520115615782.jpg,2025-05-20T11:55:13Z,15.79604237,49.81710775,DCIM/plot_e_20250520115045629.jpg,DCIM/plot_n_20250520115059862.jpg,TRUE,16,5,0.5,0.5
18,SM,small,0.2–0.4,2,NA,0,0,0,NA,NA,NA,NA,0,NA,NA,0,NA,NA,0,NA,NA,NA,NA,NA,NA,NA,218_T2_AH_20250827,NA,1,1,NA,NA,NA,1,0,NA,DCIM/context_n20250520115639996.jpg,DCIM/context_e20250520115631208.jpg,DCIM/context_s20250520115623172.jpg,DCIM/context_w20250520115615782.jpg,2025-05-20T11:55:13Z,15.79604237,49.81710775,DCIM/plot_e_20250520115045629.jpg,DCIM/plot_n_20250520115059862.jpg,TRUE,16,5,0.3,0.3
10,BR,advanced,2–4,2,NA,0,0,0,NA,NA,NA,NA,0,NA,NA,0,NA,NA,0,NA,NA,NA,NA,NA,NA,NA,219_T2_AH_20250827,NA,1,1,NA,NA,NA,1,1,NA,DCIM/context_n20250520121326763.jpg,DCIM/context_e20250520121320564.jpg,DCIM/context_s20250520121315520.jpg,DCIM/context_w20250520121305674.jpg,2025-05-20T12:12:29Z,15.79608998,49.81747091,DCIM/plot_e_20250520120133049.jpg,DCIM/plot_n_20250520120143505.jpg,TRUE,16,5,3,3
19,BO,small,1.0–1.3,1,NA,1,1,100,1,olistení,NA,NA,0,0-20,NA,1,40-60,NA,0,NA,NA,NA,NA,NA,NA,T2220OBO4,219_T2_AH_20250827,NA,1,1,NA,NA,NA,1,1,NA,DCIM/context_n20250520121326763.jpg,DCIM/context_e20250520121320564.jpg,DCIM/context_s20250520121315520.jpg,DCIM/context_w20250520121305674.jpg,2025-05-20T12:12:29Z,15.79608998,49.81747091,DCIM/plot_e_20250520120133049.jpg,DCIM/plot_n_20250520120143505.jpg,TRUE,16,5,1.2,1.2
18,SM,small,0.6–0.8,4,NA,0,0,0,1,kmen,NA,NA,0,NA,NA,0,NA,NA,0,NA,NA,NA,NA,NA,NA,NA,219_T2_AH_20250827,NA,1,1,NA,NA,NA,1,1,NA,DCIM/context_n20250520121326763.jpg,DCIM/context_e20250520121320564.jpg,DCIM/context_s20250520121315520.jpg,DCIM/context_w20250520121305674.jpg,2025-05-20T12:12:29Z,15.79608998,49.81747091,DCIM/plot_e_20250520120133049.jpg,DCIM/plot_n_20250520120143505.jpg,TRUE,16,5,0.7,0.7
7,OL,small,0.8–1.0,3,NA,0,0,0,NA,NA,NA,NA,0,NA,NA,0,NA,NA,0,NA,NA,NA,NA,NA,NA,NA,220_T2_AH_20250827,1,1,1,NA,NA,NA,1,0,NA,DCIM/context_n20250520122120216.jpg,DCIM/context_e20250520122113298.jpg,DCIM/context_s20250520122107117.jpg,DCIM/context_w20250520122100985.jpg,2025-05-20T12:20:09Z,15.79634322,49.81727054,DCIM/plot_e_20250520121742962.jpg,DCIM/plot_n_20250520121752782.jpg,TRUE,16,5,0.9,0.9
10,BR,small,1.0–1.3,5,NA,0,0,0,NA,NA,NA,NA,0,NA,NA,0,NA,NA,0,NA,NA,NA,NA,NA,NA,NA,220_T2_AH_20250827,1,1,1,NA,NA,NA,1,0,NA,DCIM/context_n20250520122120216.jpg,DCIM/context_e20250520122113298.jpg,DCIM/context_s20250520122107117.jpg,DCIM/context_w20250520122100985.jpg,2025-05-20T12:20:09Z,15.79634322,49.81727054,DCIM/plot_e_20250520121742962.jpg,DCIM/plot_n_20250520121752782.jpg,TRUE,16,5,1.2,1.2
18,SM,small,0.2–0.4,3,NA,0,0,0,NA,NA,NA,NA,0,NA,NA,0,NA,NA,0,NA,NA,NA,NA,NA,NA,NA,220_T2_AH_20250827,1,1,1,NA,NA,NA,1,0,NA,DCIM/context_n20250520122120216.jpg,DCIM/context_e20250520122113298.jpg,DCIM/context_s20250520122107117.jpg,DCIM/context_w20250520122100985.jpg,2025-05-20T12:20:09Z,15.79634322,49.81727054,DCIM/plot_e_20250520121742962.jpg,DCIM/plot_n_20250520121752782.jpg,TRUE,16,5,0.3,0.3
18,SM,small,0.6–0.8,1,NA,0,0,0,NA,NA,NA,NA,0,NA,NA,0,NA,NA,0,NA,NA,NA,NA,NA,NA,NA,221_T2_AH_20250827,NA,1,1,NA,1,NA,1,1,NA,DCIM/context_n20250520123010121.jpg,DCIM/context_e20250520123003621.jpg,DCIM/context_s20250520122956487.jpg,DCIM/context_w20250520122950180.jpg,2025-05-20T12:29:11Z,15.79578712,49.81730105,DCIM/plot_e_20250520122524551.jpg,DCIM/plot_n_20250520122539336.jpg,TRUE,16,5,0.7,0.7
10,BR,small,0.6–0.8,5,NA,1,1,20,2,kmen,NA,NA,0,NA,NA,0,NA,stare,1,mechanizace,NA,NA,NA,NA,NA,NA,221_T2_AH_20250827,NA,1,1,NA,1,NA,1,1,NA,DCIM/context_n20250520123010121.jpg,DCIM/context_e20250520123003621.jpg,DCIM/context_s20250520122956487.jpg,DCIM/context_w20250520122950180.jpg,2025-05-20T12:29:11Z,15.79578712,49.81730105,DCIM/plot_e_20250520122524551.jpg,DCIM/plot_n_20250520122539336.jpg,TRUE,16,5,0.7,0.7
13,BK,small,1.0–1.3,2,NA,1,2,100,1,olistení,NA,NA,0,40-60,1,2,60-80,NA,0,NA,NA,NA,NA,NA,NA,Mráz,224_T2_AH_20250827,1,1,NA,NA,NA,NA,1,1,NA,DCIM/context_n20250520152032633.jpg,DCIM/context_e20250520152024746.jpg,DCIM/context_s20250520152018296.jpg,DCIM/context_w20250520152007500.jpg,2025-05-20T15:19:05Z,15.75940484,49.7859825,DCIM/plot_e_20250520150749078.jpg,DCIM/plot_n_20250520150822673.jpg,TRUE,17,5,1.2,1.2
18,SM,small,0.2–0.4,5,NA,0,0,0,NA,NA,NA,NA,0,NA,NA,0,NA,NA,0,NA,NA,NA,NA,NA,NA,NA,224_T2_AH_20250827,1,1,NA,NA,NA,NA,1,1,NA,DCIM/context_n20250520152032633.jpg,DCIM/context_e20250520152024746.jpg,DCIM/context_s20250520152018296.jpg,DCIM/context_w20250520152007500.jpg,2025-05-20T15:19:05Z,15.75940484,49.7859825,DCIM/plot_e_20250520150749078.jpg,DCIM/plot_n_20250520150822673.jpg,TRUE,17,5,0.3,0.3
27,JIV,small,1.3–2.0,5,NA,0,0,0,NA,NA,NA,NA,0,NA,NA,0,NA,NA,0,NA,NA,NA,NA,NA,NA,NA,224_T2_AH_20250827,1,1,NA,NA,NA,NA,1,1,NA,DCIM/context_n20250520152032633.jpg,DCIM/context_e20250520152024746.jpg,DCIM/context_s20250520152018296.jpg,DCIM/context_w20250520152007500.jpg,2025-05-20T15:19:05Z,15.75940484,49.7859825,DCIM/plot_e_20250520150749078.jpg,DCIM/plot_n_20250520150822673.jpg,TRUE,17,5,1.7,1.7
20,OS,small,0.8–1.0,1,NA,0,0,0,NA,NA,NA,NA,0,NA,NA,0,NA,NA,0,NA,NA,NA,NA,NA,NA,NA,224_T2_AH_20250827,1,1,NA,NA,NA,NA,1,1,NA,DCIM/context_n20250520152032633.jpg,DCIM/context_e20250520152024746.jpg,DCIM/context_s20250520152018296.jpg,DCIM/context_w20250520152007500.jpg,2025-05-20T15:19:05Z,15.75940484,49.7859825,DCIM/plot_e_20250520150749078.jpg,DCIM/plot_n_20250520150822673.jpg,TRUE,17,5,0.9,0.9
30,JR,advanced,2–4,1,NA,0,0,0,NA,NA,NA,NA,0,NA,NA,0,NA,NA,0,NA,NA,NA,NA,NA,NA,NA,225_T2_AH_20250827,NA,1,NA,NA,1,NA,NA,0,NA,DCIM/context_n20250520153022212.jpg,DCIM/context_e20250520153013778.jpg,DCIM/context_s20250520153006877.jpg,DCIM/context_w20250520153000811.jpg,2025-05-20T15:29:07Z,15.75914698,49.78617242,DCIM/plot_e_20250520152501509.jpg,DCIM/plot_n_20250520152509126.jpg,TRUE,17,5,3,3
18,SM,small,0.2–0.4,1,NA,1,1,100,1,olistení,NA,NA,0,0-20,NA,1,80-100,stare,1,mechanizace,NA,NA,NA,NA,Ožnut,Mráz,225_T2_AH_20250827,NA,1,NA,NA,1,NA,NA,0,NA,DCIM/context_n20250520153022212.jpg,DCIM/context_e20250520153013778.jpg,DCIM/context_s20250520153006877.jpg,DCIM/context_w20250520153000811.jpg,2025-05-20T15:29:07Z,15.75914698,49.78617242,DCIM/plot_e_20250520152501509.jpg,DCIM/plot_n_20250520152509126.jpg,TRUE,17,5,0.3,0.3
18,SM,small,0.8–1.0,1,NA,0,0,0,NA,NA,NA,NA,0,NA,NA,0,NA,NA,0,NA,NA,NA,NA,NA,NA,NA,226_T2_AH_20250827,1,1,NA,NA,1,NA,1,1,NA,DCIM/context_n20250520153721587.jpg,DCIM/context_e20250520153711913.jpg,DCIM/context_s20250520153702841.jpg,DCIM/context_w20250520153654047.jpg,2025-05-20T15:36:18Z,15.75885856,49.78600779,DCIM/plot_e_20250520153414001.jpg,DCIM/plot_n_20250520153425447.jpg,TRUE,17,5,0.9,0.9
13,BK,small,0.2–0.4,1,NA,1,1,100,1,olistení,NA,NA,0,80-100,NA,1,80-100,NA,0,NA,NA,NA,NA,NA,NA,Mráz,226_T2_AH_20250827,1,1,NA,NA,1,NA,1,1,NA,DCIM/context_n20250520153721587.jpg,DCIM/context_e20250520153711913.jpg,DCIM/context_s20250520153702841.jpg,DCIM/context_w20250520153654047.jpg,2025-05-20T15:36:18Z,15.75885856,49.78600779,DCIM/plot_e_20250520153414001.jpg,DCIM/plot_n_20250520153425447.jpg,TRUE,17,5,0.3,0.3
18,SM,small,0.4–0.6,2,NA,1,1,50,2,terminal,chybajuci,NA,1,NA,NA,0,NA,NA,0,NA,NA,NA,NA,NA,NA,NA,227_T2_AH_20250827,NA,1,NA,NA,1,NA,1,0,NA,DCIM/context_n20250520155713350.jpg,DCIM/context_e20250520155701622.jpg,DCIM/context_s20250520155654454.jpg,DCIM/context_w20250520155648111.jpg,2025-05-20T15:55:47Z,15.75971074,49.78848748,DCIM/plot_e_20250520155218909.jpg,DCIM/plot_n_20250520155236606.jpg,TRUE,18,5,0.5,0.5
20,OS,small,0.4–0.6,1,NA,0,0,0,NA,NA,NA,NA,0,NA,NA,0,NA,NA,0,NA,NA,NA,NA,NA,NA,NA,227_T2_AH_20250827,NA,1,NA,NA,1,NA,1,0,NA,DCIM/context_n20250520155713350.jpg,DCIM/context_e20250520155701622.jpg,DCIM/context_s20250520155654454.jpg,DCIM/context_w20250520155648111.jpg,2025-05-20T15:55:47Z,15.75971074,49.78848748,DCIM/plot_e_20250520155218909.jpg,DCIM/plot_n_20250520155236606.jpg,TRUE,18,5,0.5,0.5
18,SM,small,0.8–1.0,1,NA,1,1,100,1,olistení,NA,NA,0,0-20,NA,1,80-100,NA,0,NA,NA,NA,NA,NA,NA,T2228OSM4,228_T2_AH_20250827,NA,1,NA,NA,1,NA,1,0,NA,DCIM/context_n20250520160624388.jpg,DCIM/context_e20250520160613111.jpg,DCIM/context_s20250520160605828.jpg,DCIM/context_w20250520160557620.jpg,2025-05-20T16:05:18Z,15.75998735,49.78847493,DCIM/plot_e_20250520155949506.jpg,DCIM/plot_n_20250520155956790.jpg,TRUE,18,5,0.9,0.9
13,BK,small,1.3–2.0,1,NA,1,1,100,1,olistení,NA,NA,0,0-20,NA,1,80-100,NA,0,NA,NA,NA,NA,NA,NA,Mráz,228_T2_AH_20250827,NA,1,NA,NA,1,NA,1,0,NA,DCIM/context_n20250520160624388.jpg,DCIM/context_e20250520160613111.jpg,DCIM/context_s20250520160605828.jpg,DCIM/context_w20250520160557620.jpg,2025-05-20T16:05:18Z,15.75998735,49.78847493,DCIM/plot_e_20250520155949506.jpg,DCIM/plot_n_20250520155956790.jpg,TRUE,18,5,1.7,1.7
18,SM,small,0.8–1.0,3,NA,0,0,0,NA,NA,NA,NA,0,NA,NA,0,NA,NA,0,NA,NA,NA,NA,NA,NA,NA,229_T2_AH_20250827,1,1,NA,NA,1,NA,NA,0,NA,DCIM/context_n20250520161605590.jpg,DCIM/context_e20250520161557154.jpg,DCIM/context_s20250520161548015.jpg,DCIM/context_w20250520161538317.jpg,2025-05-20T16:14:55Z,15.75968966,49.78831379,DCIM/plot_e_20250520161212506.jpg,DCIM/plot_n_20250520161222096.jpg,TRUE,18,5,0.9,0.9
18,SM,small,0.4–0.6,1,NA,0,0,0,NA,NA,NA,NA,0,NA,NA,0,NA,NA,0,NA,NA,NA,NA,NA,NA,NA,230_T2_AH_20250827,NA,1,NA,NA,1,1,1,0,NA,DCIM/context_n20250520162546803.jpg,DCIM/context_e20250520162539769.jpg,DCIM/context_s20250520162532050.jpg,DCIM/context_w20250520162522951.jpg,2025-05-20T16:24:33Z,15.75943151,49.7885066,DCIM/plot_e_20250520162319768.jpg,DCIM/plot_n_20250520162344008.jpg,TRUE,18,5,0.5,0.5
18,SM,small,0.2–0.4,3,NA,1,1,33.33333333333333,1,olistení,NA,NA,0,0-20,NA,1,80-100,NA,0,NA,NA,NA,NA,NA,NA,Mráz,231_T2_AH_20250827,NA,1,NA,NA,1,1,NA,1,NA,DCIM/context_n20250520163240295.jpg,DCIM/context_e20250520163232810.jpg,DCIM/context_s20250520163226396.jpg,DCIM/context_w20250520163218753.jpg,2025-05-20T16:31:09Z,15.75972702,49.7886701,DCIM/plot_e_20250520162936602.jpg,DCIM/plot_n_20250520162945841.jpg,TRUE,18,5,0.3,0.3
17,MD,advanced,2–4,1,NA,1,1,100,1,olistení,NA,NA,0,0-20,NA,1,0-20,NA,0,NA,NA,NA,NA,NA,NA,T2232PMD4,232_T2_AH_20250827,NA,1,NA,NA,NA,NA,1,1,NA,DCIM/context_n20250520170139695.jpg,DCIM/context_e20250520170130441.jpg,DCIM/context_s20250520170121040.jpg,DCIM/context_w20250520170113388.jpg,2025-05-20T17:00:30Z,15.76128402,49.79003572,DCIM/plot_e_20250520164730824.jpg,DCIM/plot_n_20250520164800880.jpg,TRUE,19,5,3,3
10,BR,advanced,2–4,2,NA,0,0,0,NA,NA,NA,NA,0,NA,NA,0,NA,NA,0,NA,NA,NA,NA,NA,NA,NA,232_T2_AH_20250827,NA,1,NA,NA,NA,NA,1,1,NA,DCIM/context_n20250520170139695.jpg,DCIM/context_e20250520170130441.jpg,DCIM/context_s20250520170121040.jpg,DCIM/context_w20250520170113388.jpg,2025-05-20T17:00:30Z,15.76128402,49.79003572,DCIM/plot_e_20250520164730824.jpg,DCIM/plot_n_20250520164800880.jpg,TRUE,19,5,3,3
18,SM,small,1.0–1.3,2,NA,1,1,50,1,kmen,NA,NA,0,NA,NA,0,NA,cerstve,1,nejasna,40-60,0-10,NA,NA,T2232OSM2,NA,232_T2_AH_20250827,NA,1,NA,NA,NA,NA,1,1,NA,DCIM/context_n20250520170139695.jpg,DCIM/context_e20250520170130441.jpg,DCIM/context_s20250520170121040.jpg,DCIM/context_w20250520170113388.jpg,2025-05-20T17:00:30Z,15.76128402,49.79003572,DCIM/plot_e_20250520164730824.jpg,DCIM/plot_n_20250520164800880.jpg,TRUE,19,5,1.2,1.2
17,MD,small,1.3–2.0,1,NA,0,0,0,NA,NA,NA,NA,0,NA,NA,0,NA,NA,0,NA,NA,NA,NA,NA,NA,NA,232_T2_AH_20250827,NA,1,NA,NA,NA,NA,1,1,NA,DCIM/context_n20250520170139695.jpg,DCIM/context_e20250520170130441.jpg,DCIM/context_s20250520170121040.jpg,DCIM/context_w20250520170113388.jpg,2025-05-20T17:00:30Z,15.76128402,49.79003572,DCIM/plot_e_20250520164730824.jpg,DCIM/plot_n_20250520164800880.jpg,TRUE,19,5,1.7,1.7
13,BK,small,0.6–0.8,1,NA,1,1,100,1,olistení,NA,NA,0,80-100,NA,1,80-100,NA,0,NA,NA,NA,NA,NA,NA,Mráz,233_T2_AH_20250827,NA,1,NA,NA,NA,NA,1,0,NA,DCIM/context_n20250520170825120.jpg,DCIM/context_e20250520170817584.jpg,DCIM/context_s20250520170809281.jpg,DCIM/context_w20250520170758949.jpg,2025-05-20T17:07:22Z,15.76130627,49.79021687,DCIM/plot_e_20250520170546741.jpg,DCIM/plot_n_20250520170558166.jpg,TRUE,19,5,0.7,0.7
18,SM,small,1.3–2.0,1,NA,0,0,0,NA,NA,NA,NA,0,NA,NA,0,NA,NA,0,NA,NA,NA,NA,NA,NA,NA,234_T2_AH_20250827,NA,1,NA,NA,NA,NA,NA,0,NA,DCIM/context_n20250520171804545.jpg,DCIM/context_e20250520171754338.jpg,DCIM/context_s20250520171745013.jpg,DCIM/context_w20250520171730268.jpg,2025-05-20T17:16:24Z,15.76158493,49.79019841,DCIM/plot_e_20250520171456057.jpg,DCIM/plot_n_20250520171505247.jpg,TRUE,19,5,1.7,1.7
18,SM,advanced,2–4,1,NA,1,0,0,1,kmen,NA,NA,0,NA,NA,0,NA,NA,0,nejasna,0-20,0-10,NA,NA,T2235PSM2,NA,235_T2_AH_20250827,NA,1,NA,NA,NA,NA,NA,0,NA,DCIM/context_n20250520173127237.jpg,DCIM/context_e20250520173120386.jpg,DCIM/context_s20250520173114007.jpg,DCIM/context_w20250520173105595.jpg,2025-05-20T17:30:34Z,15.76133016,49.79039026,DCIM/plot_e_20250520172213740.jpg,DCIM/plot_n_20250520172224017.jpg,TRUE,19,5,3,3
27,JIV,small,0.8–1.0,1,NA,0,0,0,NA,NA,NA,NA,0,NA,NA,0,NA,NA,0,NA,NA,NA,NA,NA,NA,NA,235_T2_AH_20250827,NA,1,NA,NA,NA,NA,NA,0,NA,DCIM/context_n20250520173127237.jpg,DCIM/context_e20250520173120386.jpg,DCIM/context_s20250520173114007.jpg,DCIM/context_w20250520173105595.jpg,2025-05-20T17:30:34Z,15.76133016,49.79039026,DCIM/plot_e_20250520172213740.jpg,DCIM/plot_n_20250520172224017.jpg,TRUE,19,5,0.9,0.9
18,SM,small,0.2–0.4,2,NA,0,0,0,NA,NA,NA,NA,0,NA,NA,0,NA,NA,0,NA,NA,NA,NA,NA,NA,NA,235_T2_AH_20250827,NA,1,NA,NA,NA,NA,NA,0,NA,DCIM/context_n20250520173127237.jpg,DCIM/context_e20250520173120386.jpg,DCIM/context_s20250520173114007.jpg,DCIM/context_w20250520173105595.jpg,2025-05-20T17:30:34Z,15.76133016,49.79039026,DCIM/plot_e_20250520172213740.jpg,DCIM/plot_n_20250520172224017.jpg,TRUE,19,5,0.3,0.3
18,SM,small,1.0–1.3,2,NA,1,1,50,1,olistení,NA,NA,0,0-20,NA,1,80-100,NA,0,NA,NA,NA,NA,NA,NA,Okus?,236_T2_AH_20250827,NA,1,NA,NA,NA,NA,NA,0,NA,DCIM/context_n20250520174100079.jpg,DCIM/context_e20250520174053563.jpg,DCIM/context_s20250520174047057.jpg,DCIM/context_w20250520174040120.jpg,2025-05-20T17:40:13Z,15.76103127,49.79022568,DCIM/plot_e_20250520173446782.jpg,DCIM/plot_n_20250520173457439.jpg,TRUE,19,5,1.2,1.2
10,BR,small,0.8–1.0,6,NA,0,0,0,NA,NA,NA,NA,0,NA,NA,0,NA,NA,0,NA,NA,NA,NA,NA,NA,NA,236_T2_AH_20250827,NA,1,NA,NA,NA,NA,NA,0,NA,DCIM/context_n20250520174100079.jpg,DCIM/context_e20250520174053563.jpg,DCIM/context_s20250520174047057.jpg,DCIM/context_w20250520174040120.jpg,2025-05-20T17:40:13Z,15.76103127,49.79022568,DCIM/plot_e_20250520173446782.jpg,DCIM/plot_n_20250520173457439.jpg,TRUE,19,5,0.9,0.9
20,OS,small,0.2–0.4,1,NA,0,0,0,NA,NA,NA,NA,0,NA,NA,0,NA,NA,0,NA,NA,NA,NA,NA,NA,NA,236_T2_AH_20250827,NA,1,NA,NA,NA,NA,NA,0,NA,DCIM/context_n20250520174100079.jpg,DCIM/context_e20250520174053563.jpg,DCIM/context_s20250520174047057.jpg,DCIM/context_w20250520174040120.jpg,2025-05-20T17:40:13Z,15.76103127,49.79022568,DCIM/plot_e_20250520173446782.jpg,DCIM/plot_n_20250520173457439.jpg,TRUE,19,5,0.3,0.3
27,JIV,small,0.2–0.4,1,NA,1,1,100,1,kmen,NA,NA,0,NA,NA,0,NA,stare,1,zver,NA,NA,NA,NA,NA,NA,236_T2_AH_20250827,NA,1,NA,NA,NA,NA,NA,0,NA,DCIM/context_n20250520174100079.jpg,DCIM/context_e20250520174053563.jpg,DCIM/context_s20250520174047057.jpg,DCIM/context_w20250520174040120.jpg,2025-05-20T17:40:13Z,15.76103127,49.79022568,DCIM/plot_e_20250520173446782.jpg,DCIM/plot_n_20250520173457439.jpg,TRUE,19,5,0.3,0.3
18,SM,small,0.4–0.6,2,NA,1,2,100,1,olistení,NA,NA,0,0-20,1,2,80-100,NA,0,NA,NA,NA,NA,NA,NA,Mráz,237_T2_AH_20250827,NA,1,NA,NA,1,NA,1,1,NA,DCIM/context_n20250522083720087.jpg,DCIM/context_e20250522083709901.jpg,DCIM/context_s20250522083650166.jpg,DCIM/context_w20250522083635918.jpg,2025-05-22T08:35:50Z,15.68177476,49.83407493,DCIM/plot_e_20250522082639572.jpg,DCIM/plot_n_20250522082654153.jpg,TRUE,20,5,0.5,0.5
10,BR,small,0.4–0.6,2,NA,0,0,0,NA,NA,NA,NA,0,NA,NA,0,NA,NA,0,NA,NA,NA,NA,NA,NA,NA,237_T2_AH_20250827,NA,1,NA,NA,1,NA,1,1,NA,DCIM/context_n20250522083720087.jpg,DCIM/context_e20250522083709901.jpg,DCIM/context_s20250522083650166.jpg,DCIM/context_w20250522083635918.jpg,2025-05-22T08:35:50Z,15.68177476,49.83407493,DCIM/plot_e_20250522082639572.jpg,DCIM/plot_n_20250522082654153.jpg,TRUE,20,5,0.5,0.5
19,BO,small,0.6–0.8,1,NA,1,1,100,1,olistení,NA,NA,0,0-20,NA,1,40-60,NA,0,NA,NA,NA,NA,NA,NA,T2237,237_T2_AH_20250827,NA,1,NA,NA,1,NA,1,1,NA,DCIM/context_n20250522083720087.jpg,DCIM/context_e20250522083709901.jpg,DCIM/context_s20250522083650166.jpg,DCIM/context_w20250522083635918.jpg,2025-05-22T08:35:50Z,15.68177476,49.83407493,DCIM/plot_e_20250522082639572.jpg,DCIM/plot_n_20250522082654153.jpg,TRUE,20,5,0.7,0.7
1,JD,advanced,2–4,2,NA,1,1,50,2,olistení,NA,NA,0,0-20,NA,1,80-100,NA,0,NA,NA,NA,NA,NA,NA,Mráz,238_T2_AH_20250827,NA,1,NA,NA,1,NA,NA,1,NA,DCIM/context_n20250522085608229.jpg,DCIM/context_e20250522085600361.jpg,DCIM/context_s20250522085553543.jpg,DCIM/context_w20250522085545564.jpg,2025-05-22T08:54:52Z,15.68204905,49.83406175,DCIM/plot_e_20250522084901938.jpg,DCIM/plot_n_20250522084913698.jpg,TRUE,20,5,3,3
30,JR,advanced,2–4,1,NA,0,0,0,NA,NA,NA,NA,0,NA,NA,0,NA,NA,0,NA,NA,NA,NA,NA,NA,NA,238_T2_AH_20250827,NA,1,NA,NA,1,NA,NA,1,NA,DCIM/context_n20250522085608229.jpg,DCIM/context_e20250522085600361.jpg,DCIM/context_s20250522085553543.jpg,DCIM/context_w20250522085545564.jpg,2025-05-22T08:54:52Z,15.68204905,49.83406175,DCIM/plot_e_20250522084901938.jpg,DCIM/plot_n_20250522084913698.jpg,TRUE,20,5,3,3
1,JD,small,0.4–0.6,4,NA,1,4,100,1,olistení,NA,NA,0,0-20,4,5,80-100,NA,0,NA,NA,NA,NA,NA,NA,Mráz,238_T2_AH_20250827,NA,1,NA,NA,1,NA,NA,1,NA,DCIM/context_n20250522085608229.jpg,DCIM/context_e20250522085600361.jpg,DCIM/context_s20250522085553543.jpg,DCIM/context_w20250522085545564.jpg,2025-05-22T08:54:52Z,15.68204905,49.83406175,DCIM/plot_e_20250522084901938.jpg,DCIM/plot_n_20250522084913698.jpg,TRUE,20,5,0.5,0.5
4,KL,small,0.2–0.4,4,NA,0,0,0,NA,NA,NA,NA,0,NA,NA,0,NA,NA,0,NA,NA,NA,NA,NA,NA,NA,238_T2_AH_20250827,NA,1,NA,NA,1,NA,NA,1,NA,DCIM/context_n20250522085608229.jpg,DCIM/context_e20250522085600361.jpg,DCIM/context_s20250522085553543.jpg,DCIM/context_w20250522085545564.jpg,2025-05-22T08:54:52Z,15.68204905,49.83406175,DCIM/plot_e_20250522084901938.jpg,DCIM/plot_n_20250522084913698.jpg,TRUE,20,5,0.3,0.3
30,JR,small,0.8–1.0,1,NA,0,0,0,NA,NA,NA,NA,0,NA,NA,0,NA,NA,0,NA,NA,NA,NA,NA,NA,NA,239_T2_AH_20250827,NA,1,NA,NA,NA,NA,NA,0,NA,DCIM/context_n20250522090348916.jpg,DCIM/context_e20250522090341919.jpg,DCIM/context_s20250522090332114.jpg,DCIM/context_w20250522090323997.jpg,2025-05-22T09:02:50Z,15.68174869,49.83389577,DCIM/plot_e_20250522090001221.jpg,DCIM/plot_n_20250522090013933.jpg,TRUE,20,5,0.9,0.9
10,BR,small,0.6–0.8,1,NA,0,0,0,NA,NA,NA,NA,0,NA,NA,0,NA,NA,0,NA,NA,NA,NA,NA,NA,NA,239_T2_AH_20250827,NA,1,NA,NA,NA,NA,NA,0,NA,DCIM/context_n20250522090348916.jpg,DCIM/context_e20250522090341919.jpg,DCIM/context_s20250522090332114.jpg,DCIM/context_w20250522090323997.jpg,2025-05-22T09:02:50Z,15.68174869,49.83389577,DCIM/plot_e_20250522090001221.jpg,DCIM/plot_n_20250522090013933.jpg,TRUE,20,5,0.7,0.7
20,OS,small,0.4–0.6,3,NA,0,0,0,NA,NA,NA,NA,0,NA,NA,0,NA,NA,0,NA,NA,NA,NA,NA,NA,NA,239_T2_AH_20250827,NA,1,NA,NA,NA,NA,NA,0,NA,DCIM/context_n20250522090348916.jpg,DCIM/context_e20250522090341919.jpg,DCIM/context_s20250522090332114.jpg,DCIM/context_w20250522090323997.jpg,2025-05-22T09:02:50Z,15.68174869,49.83389577,DCIM/plot_e_20250522090001221.jpg,DCIM/plot_n_20250522090013933.jpg,TRUE,20,5,0.5,0.5
28,VRX,small,0.4–0.6,2,NA,0,0,0,NA,NA,NA,NA,0,NA,NA,0,NA,NA,0,NA,NA,NA,NA,NA,NA,NA,239_T2_AH_20250827,NA,1,NA,NA,NA,NA,NA,0,NA,DCIM/context_n20250522090348916.jpg,DCIM/context_e20250522090341919.jpg,DCIM/context_s20250522090332114.jpg,DCIM/context_w20250522090323997.jpg,2025-05-22T09:02:50Z,15.68174869,49.83389577,DCIM/plot_e_20250522090001221.jpg,DCIM/plot_n_20250522090013933.jpg,TRUE,20,5,0.5,0.5
4,KL,advanced,2–4,2,NA,0,0,0,NA,NA,NA,NA,0,NA,NA,0,NA,NA,0,NA,NA,NA,NA,NA,NA,NA,240_T2_AH_20250827,NA,NA,NA,NA,1,NA,1,1,NA,DCIM/context_n20250522091134503.jpg,DCIM/context_e20250522091124042.jpg,DCIM/context_s20250522091116926.jpg,DCIM/context_w20250522091110550.jpg,2025-05-22T09:10:31Z,15.68149347,49.83409068,DCIM/plot_e_20250522090839727.jpg,DCIM/plot_n_20250522090853448.jpg,TRUE,20,5,3,3
4,KL,small,1.3–2.0,1,NA,0,0,0,NA,NA,NA,NA,0,NA,NA,0,NA,NA,0,NA,NA,NA,NA,NA,NA,NA,240_T2_AH_20250827,NA,NA,NA,NA,1,NA,1,1,NA,DCIM/context_n20250522091134503.jpg,DCIM/context_e20250522091124042.jpg,DCIM/context_s20250522091116926.jpg,DCIM/context_w20250522091110550.jpg,2025-05-22T09:10:31Z,15.68149347,49.83409068,DCIM/plot_e_20250522090839727.jpg,DCIM/plot_n_20250522090853448.jpg,TRUE,20,5,1.7,1.7
27,JIV,advanced,2–4,1,NA,0,0,0,NA,NA,NA,NA,0,NA,NA,0,NA,NA,0,NA,NA,NA,NA,NA,NA,NA,241_T2_AH_20250827,NA,1,NA,NA,1,NA,NA,0,"Bez černý 2,5 m",DCIM/context_n20250522092150296.jpg,DCIM/context_e20250522092142762.jpg,DCIM/context_s20250522092135159.jpg,DCIM/context_w20250522092127150.jpg,2025-05-22T09:20:21Z,15.68178889,49.83425382,DCIM/plot_e_20250522091737189.jpg,DCIM/plot_n_20250522091750436.jpg,TRUE,20,5,3,3
10,BR,advanced,2–4,1,NA,0,0,0,NA,NA,NA,NA,0,NA,NA,0,NA,NA,0,NA,NA,NA,NA,NA,NA,NA,241_T2_AH_20250827,NA,1,NA,NA,1,NA,NA,0,"Bez černý 2,5 m",DCIM/context_n20250522092150296.jpg,DCIM/context_e20250522092142762.jpg,DCIM/context_s20250522092135159.jpg,DCIM/context_w20250522092127150.jpg,2025-05-22T09:20:21Z,15.68178889,49.83425382,DCIM/plot_e_20250522091737189.jpg,DCIM/plot_n_20250522091750436.jpg,TRUE,20,5,3,3
10,BR,advanced,2–4,1,NA,0,0,0,NA,NA,NA,NA,0,NA,NA,0,NA,NA,0,NA,NA,NA,NA,NA,NA,NA,242_T2_AH_20250827,NA,1,NA,NA,NA,NA,NA,0,NA,DCIM/context_n20250522094744455.jpg,DCIM/context_e20250522094736353.jpg,DCIM/context_s20250522094730025.jpg,DCIM/context_w20250522094722517.jpg,2025-05-22T09:46:45Z,15.67539356,49.83204821,DCIM/plot_e_20250522094042008.jpg,DCIM/plot_n_20250522094052449.jpg,TRUE,21,5,3,3
1,JD,advanced,2–4,1,NA,1,1,100,1,kmen,NA,NA,0,0-20,NA,1,80-100,stare,1,zver,NA,NA,NA,NA,NA,Mráz,242_T2_AH_20250827,NA,1,NA,NA,NA,NA,NA,0,NA,DCIM/context_n20250522094744455.jpg,DCIM/context_e20250522094736353.jpg,DCIM/context_s20250522094730025.jpg,DCIM/context_w20250522094722517.jpg,2025-05-22T09:46:45Z,15.67539356,49.83204821,DCIM/plot_e_20250522094042008.jpg,DCIM/plot_n_20250522094052449.jpg,TRUE,21,5,3,3
18,SM,small,0.6–0.8,8,NA,0,0,0,NA,NA,NA,NA,0,NA,NA,0,NA,NA,0,NA,NA,NA,NA,NA,NA,NA,242_T2_AH_20250827,NA,1,NA,NA,NA,NA,NA,0,NA,DCIM/context_n20250522094744455.jpg,DCIM/context_e20250522094736353.jpg,DCIM/context_s20250522094730025.jpg,DCIM/context_w20250522094722517.jpg,2025-05-22T09:46:45Z,15.67539356,49.83204821,DCIM/plot_e_20250522094042008.jpg,DCIM/plot_n_20250522094052449.jpg,TRUE,21,5,0.7,0.7
10,BR,small,0.8–1.0,2,NA,0,0,0,NA,NA,NA,NA,0,NA,NA,0,NA,NA,0,NA,NA,NA,NA,NA,NA,NA,242_T2_AH_20250827,NA,1,NA,NA,NA,NA,NA,0,NA,DCIM/context_n20250522094744455.jpg,DCIM/context_e20250522094736353.jpg,DCIM/context_s20250522094730025.jpg,DCIM/context_w20250522094722517.jpg,2025-05-22T09:46:45Z,15.67539356,49.83204821,DCIM/plot_e_20250522094042008.jpg,DCIM/plot_n_20250522094052449.jpg,TRUE,21,5,0.9,0.9
18,SM,small,0.4–0.6,8,NA,0,0,0,NA,NA,NA,NA,0,NA,NA,0,NA,NA,0,NA,NA,NA,NA,NA,NA,NA,243_T2_AH_20250827,NA,1,NA,NA,NA,NA,1,1,NA,DCIM/context_n20250522095736392.jpg,DCIM/context_e20250522095726888.jpg,DCIM/context_s20250522095719205.jpg,DCIM/context_w20250522095711411.jpg,2025-05-22T09:56:34Z,15.67541829,49.83223014,DCIM/plot_e_20250522095152339.jpg,DCIM/plot_n_20250522095157669.jpg,TRUE,21,5,0.5,0.5
13,BK,small,0.6–0.8,7,NA,1,7,100,1,olistení,NA,NA,0,0-20,6,7,40-60,NA,0,NA,NA,NA,NA,NA,NA,Mráz,243_T2_AH_20250827,NA,1,NA,NA,NA,NA,1,1,NA,DCIM/context_n20250522095736392.jpg,DCIM/context_e20250522095726888.jpg,DCIM/context_s20250522095719205.jpg,DCIM/context_w20250522095711411.jpg,2025-05-22T09:56:34Z,15.67541829,49.83223014,DCIM/plot_e_20250522095152339.jpg,DCIM/plot_n_20250522095157669.jpg,TRUE,21,5,0.7,0.7
20,OS,small,1.0–1.3,2,NA,0,0,0,NA,NA,NA,NA,0,NA,NA,0,NA,NA,0,NA,NA,NA,NA,NA,NA,NA,243_T2_AH_20250827,NA,1,NA,NA,NA,NA,1,1,NA,DCIM/context_n20250522095736392.jpg,DCIM/context_e20250522095726888.jpg,DCIM/context_s20250522095719205.jpg,DCIM/context_w20250522095711411.jpg,2025-05-22T09:56:34Z,15.67541829,49.83223014,DCIM/plot_e_20250522095152339.jpg,DCIM/plot_n_20250522095157669.jpg,TRUE,21,5,1.2,1.2
27,JIV,small,0.4–0.6,1,NA,0,0,0,NA,NA,NA,NA,0,NA,NA,0,NA,NA,0,NA,NA,NA,NA,NA,NA,NA,243_T2_AH_20250827,NA,1,NA,NA,NA,NA,1,1,NA,DCIM/context_n20250522095736392.jpg,DCIM/context_e20250522095726888.jpg,DCIM/context_s20250522095719205.jpg,DCIM/context_w20250522095711411.jpg,2025-05-22T09:56:34Z,15.67541829,49.83223014,DCIM/plot_e_20250522095152339.jpg,DCIM/plot_n_20250522095157669.jpg,TRUE,21,5,0.5,0.5
10,BR,small,1.0–1.3,1,NA,0,0,0,NA,NA,NA,NA,0,NA,NA,0,NA,NA,0,NA,NA,NA,NA,NA,NA,NA,243_T2_AH_20250827,NA,1,NA,NA,NA,NA,1,1,NA,DCIM/context_n20250522095736392.jpg,DCIM/context_e20250522095726888.jpg,DCIM/context_s20250522095719205.jpg,DCIM/context_w20250522095711411.jpg,2025-05-22T09:56:34Z,15.67541829,49.83223014,DCIM/plot_e_20250522095152339.jpg,DCIM/plot_n_20250522095157669.jpg,TRUE,21,5,1.2,1.2
18,SM,small,0.4–0.6,4,NA,1,3,75,1,olistení,NA,NA,0,0-20,2,3,80-100,NA,0,NA,NA,NA,NA,NA,NA,Mráz,244_T2_AH_20250827,NA,1,NA,NA,NA,NA,1,1,NA,DCIM/context_n20250522100902222.jpg,DCIM/context_e20250522100855223.jpg,DCIM/context_s20250522100847792.jpg,DCIM/context_w20250522100836380.jpg,2025-05-22T10:08:23Z,15.67544077,49.83240846,DCIM/plot_e_20250522100543997.jpg,DCIM/plot_n_20250522100554338.jpg,TRUE,21,5,0.5,0.5
13,BK,small,0.6–0.8,2,NA,1,2,100,1,olistení,NA,NA,0,80-100,1,2,80-100,NA,0,NA,NA,NA,NA,NA,NA,Mráz,244_T2_AH_20250827,NA,1,NA,NA,NA,NA,1,1,NA,DCIM/context_n20250522100902222.jpg,DCIM/context_e20250522100855223.jpg,DCIM/context_s20250522100847792.jpg,DCIM/context_w20250522100836380.jpg,2025-05-22T10:08:23Z,15.67544077,49.83240846,DCIM/plot_e_20250522100543997.jpg,DCIM/plot_n_20250522100554338.jpg,TRUE,21,5,0.7,0.7
18,SM,small,0.6–0.8,9,NA,1,5,55.55555555555556,1,olistení,NA,NA,0,0-20,4,5,80-100,NA,0,NA,NA,NA,NA,NA,NA,Mráz,245_T2_AH_20250827,NA,1,NA,NA,NA,NA,1,1,NA,DCIM/context_n20250522102104123.jpg,DCIM/context_e20250522102057839.jpg,DCIM/context_s20250522102050571.jpg,DCIM/context_w20250522102043627.jpg,2025-05-22T10:20:06Z,15.67514309,49.83224414,DCIM/plot_e_20250522101641245.jpg,DCIM/plot_n_20250522101653820.jpg,TRUE,21,5,0.7,0.7
13,BK,small,0.2–0.4,2,NA,1,2,100,1,olistení,NA,NA,0,80-100,1,2,80-100,NA,0,NA,NA,NA,NA,NA,NA,Mráz,245_T2_AH_20250827,NA,1,NA,NA,NA,NA,1,1,NA,DCIM/context_n20250522102104123.jpg,DCIM/context_e20250522102057839.jpg,DCIM/context_s20250522102050571.jpg,DCIM/context_w20250522102043627.jpg,2025-05-22T10:20:06Z,15.67514309,49.83224414,DCIM/plot_e_20250522101641245.jpg,DCIM/plot_n_20250522101653820.jpg,TRUE,21,5,0.3,0.3
10,BR,small,0.6–0.8,1,NA,0,0,0,NA,NA,NA,NA,0,NA,NA,0,NA,NA,0,NA,NA,NA,NA,NA,NA,NA,245_T2_AH_20250827,NA,1,NA,NA,NA,NA,1,1,NA,DCIM/context_n20250522102104123.jpg,DCIM/context_e20250522102057839.jpg,DCIM/context_s20250522102050571.jpg,DCIM/context_w20250522102043627.jpg,2025-05-22T10:20:06Z,15.67514309,49.83224414,DCIM/plot_e_20250522101641245.jpg,DCIM/plot_n_20250522101653820.jpg,TRUE,21,5,0.7,0.7
30,JR,advanced,2–4,2,NA,0,0,0,NA,NA,NA,NA,0,NA,NA,0,NA,NA,0,NA,NA,NA,NA,NA,NA,NA,246_T2_AH_20250827,NA,1,NA,NA,NA,NA,NA,0,NA,DCIM/context_n20250522102905344.jpg,DCIM/context_e20250522102856054.jpg,DCIM/context_s20250522102847367.jpg,DCIM/context_w20250522102816067.jpg,2025-05-22T10:27:50Z,15.6756953,49.83221432,DCIM/plot_e_20250522102558719.jpg,DCIM/plot_n_20250522102631525.jpg,TRUE,21,5,3,3
18,SM,advanced,2–4,4,NA,0,0,0,NA,NA,NA,NA,0,NA,NA,0,NA,NA,0,NA,NA,NA,NA,NA,NA,NA,247_T2_AH_20250827,NA,1,NA,NA,NA,NA,NA,0,NA,DCIM/context_n20250522105730233.jpg,DCIM/context_e20250522105721430.jpg,DCIM/context_s20250522105714465.jpg,DCIM/context_w20250522105705824.jpg,2025-05-22T10:56:20Z,15.6882758,49.84186104,DCIM/plot_e_20250522105343641.jpg,DCIM/plot_n_20250522105356453.jpg,TRUE,22,5,3,3
18,SM,small,0.4–0.6,1,NA,0,0,0,NA,NA,NA,NA,0,NA,NA,0,NA,NA,0,NA,NA,NA,NA,NA,NA,NA,247_T2_AH_20250827,NA,1,NA,NA,NA,NA,NA,0,NA,DCIM/context_n20250522105730233.jpg,DCIM/context_e20250522105721430.jpg,DCIM/context_s20250522105714465.jpg,DCIM/context_w20250522105705824.jpg,2025-05-22T10:56:20Z,15.6882758,49.84186104,DCIM/plot_e_20250522105343641.jpg,DCIM/plot_n_20250522105356453.jpg,TRUE,22,5,0.5,0.5
18,SM,mature,NA,1,10–20cm,1,1,100,1,olistení,NA,NA,0,0-20,NA,1,80-100,NA,0,NA,NA,NA,NA,NA,NA,T2248DSM4,248_T2_AH_20250827,NA,1,NA,NA,NA,1,NA,0,NA,DCIM/context_n20250522111644772.jpg,DCIM/context_e20250522111636620.jpg,DCIM/context_s20250522111629836.jpg,DCIM/context_w20250522111559708.jpg,2025-05-22T11:14:37Z,15.68799835,49.84188184,DCIM/plot_e_20250522111131318.jpg,DCIM/plot_n_20250522111145672.jpg,TRUE,22,5,10,15
18,SM,small,1.3–2.0,1,NA,0,0,0,NA,NA,NA,NA,0,NA,NA,0,NA,NA,0,NA,NA,NA,NA,NA,NA,NA,248_T2_AH_20250827,NA,1,NA,NA,NA,1,NA,0,NA,DCIM/context_n20250522111644772.jpg,DCIM/context_e20250522111636620.jpg,DCIM/context_s20250522111629836.jpg,DCIM/context_w20250522111559708.jpg,2025-05-22T11:14:37Z,15.68799835,49.84188184,DCIM/plot_e_20250522111131318.jpg,DCIM/plot_n_20250522111145672.jpg,TRUE,22,5,1.7,1.7
18,SM,advanced,2–4,4,NA,1,1,25,1,kmen,NA,NA,0,NA,NA,0,NA,cerstve,1,zver,20-40,20-30,NA,NA,NA,NA,249_T2_AH_20250827,NA,NA,NA,NA,1,1,NA,0,NA,DCIM/context_n20250522114026249.jpg,DCIM/context_e20250522114016199.jpg,DCIM/context_s20250522114005787.jpg,DCIM/context_w20250522113956076.jpg,2025-05-22T11:39:02Z,15.68771374,49.8418891,DCIM/plot_e_20250522113410611.jpg,DCIM/plot_n_20250522113427673.jpg,TRUE,22,5,3,3
23,DG,advanced,2–4,1,NA,1,1,100,1,kmen,NA,NA,0,NA,NA,0,NA,stare,1,nejasna,20-40,20-30,NA,NA,NA,NA,251_T2_AH_20250827,NA,1,NA,NA,1,NA,NA,0,NA,DCIM/context_n20250522120616940.jpg,DCIM/context_e20250522120547032.jpg,DCIM/context_s20250522120538865.jpg,DCIM/context_w20250522120529875.jpg,2025-05-22T12:04:42Z,15.68802025,49.8420558,DCIM/plot_e_20250522120214840.jpg,DCIM/plot_n_20250522120227838.jpg,TRUE,22,5,3,3
19,BO,advanced,2–4,4,NA,1,4,100,2,olistení,NA,NA,0,0-20,3,4,40-60,NA,0,NA,NA,NA,NA,NA,NA,T2252PBO4,252_T2_AH_20250827,NA,1,NA,NA,NA,NA,1,0,NA,DCIM/context_n20250526084835075.jpg,DCIM/context_e20250526084826656.jpg,DCIM/context_s20250526084815495.jpg,DCIM/context_w20250526084759792.jpg,2025-05-26T08:47:02Z,15.70060582,49.83060468,DCIM/plot_e_20250526083832597.jpg,DCIM/plot_n_20250526083847253.jpg,TRUE,23,5,3,3
24,DB,small,1.3–2.0,1,NA,1,1,100,1,olistení,NA,NA,0,20-40,NA,1,20-40,NA,0,NA,NA,NA,NA,NA,NA,T2253ODB4,253_T2_AH_20250827,NA,1,NA,NA,NA,1,NA,0,NA,DCIM/context_n20250526090110188.jpg,DCIM/context_e20250526090102622.jpg,DCIM/context_s20250526090052417.jpg,DCIM/context_w20250526090043448.jpg,2025-05-26T08:59:52Z,15.70088014,49.83059084,DCIM/plot_e_20250526085409695.jpg,DCIM/plot_n_20250526085509772.jpg,TRUE,23,5,1.7,1.7
10,BR,small,0.8–1.0,1,NA,0,0,0,NA,NA,NA,NA,0,NA,NA,0,NA,NA,0,NA,NA,NA,NA,NA,NA,NA,253_T2_AH_20250827,NA,1,NA,NA,NA,1,NA,0,NA,DCIM/context_n20250526090110188.jpg,DCIM/context_e20250526090102622.jpg,DCIM/context_s20250526090052417.jpg,DCIM/context_w20250526090043448.jpg,2025-05-26T08:59:52Z,15.70088014,49.83059084,DCIM/plot_e_20250526085409695.jpg,DCIM/plot_n_20250526085509772.jpg,TRUE,23,5,0.9,0.9
13,BK,small,0.2–0.4,1,NA,1,1,100,1,olistení,NA,NA,0,80-100,NA,1,80-100,NA,0,NA,NA,NA,NA,NA,NA,Mráz,255_T2_AH_20250827,NA,1,NA,NA,NA,NA,1,0,NA,DCIM/context_n20250526091728237.jpg,DCIM/context_e20250526091721119.jpg,DCIM/context_s20250526091711296.jpg,DCIM/context_w20250526091702340.jpg,2025-05-26T09:16:14Z,15.7008997,49.83077135,DCIM/plot_e_20250526091433266.jpg,DCIM/plot_n_20250526091441719.jpg,TRUE,23,5,0.3,0.3
13,BK,small,1.0–1.3,8,NA,1,3,37.5,2,olistení,NA,NA,0,60-80,2,3,40-60,NA,0,NA,NA,NA,NA,NA,NA,Mráz,256_T2_AH_20250827,NA,1,NA,NA,NA,1,1,0,NA,DCIM/context_n20250526092342467.jpg,DCIM/context_e20250526092335338.jpg,DCIM/context_s20250526092328724.jpg,DCIM/context_w20250526092323109.jpg,2025-05-26T09:22:51Z,15.70086113,49.83041251,DCIM/plot_e_20250526092003809.jpg,DCIM/plot_n_20250526092009237.jpg,TRUE,23,5,1.2,1.2
4,KL,small,1.0–1.3,1,NA,0,0,0,NA,NA,NA,NA,0,NA,NA,0,NA,NA,0,NA,NA,NA,NA,NA,NA,NA,256_T2_AH_20250827,NA,1,NA,NA,NA,1,1,0,NA,DCIM/context_n20250526092342467.jpg,DCIM/context_e20250526092335338.jpg,DCIM/context_s20250526092328724.jpg,DCIM/context_w20250526092323109.jpg,2025-05-26T09:22:51Z,15.70086113,49.83041251,DCIM/plot_e_20250526092003809.jpg,DCIM/plot_n_20250526092009237.jpg,TRUE,23,5,1.2,1.2
19,BO,small,1.0–1.3,3,NA,1,3,100,1,olistení,NA,NA,0,20-40,2,3,0-20,NA,0,NA,NA,NA,NA,NA,NA,T2257OBO4,257_T2_AH_20250827,1,1,NA,1,1,NA,1,0,NA,DCIM/context_n20250526111342642.jpg,DCIM/context_e20250526111336094.jpg,DCIM/context_s20250526111323215.jpg,DCIM/context_w20250526111303062.jpg,2025-05-26T11:12:25Z,15.71442779,49.80142125,DCIM/plot_e_20250526110632444.jpg,DCIM/plot_n_20250526110642351.jpg,TRUE,24,5,1.2,1.2
18,SM,small,0.2–0.4,2,NA,0,0,0,NA,NA,NA,NA,0,NA,NA,0,NA,NA,0,NA,NA,NA,NA,NA,NA,NA,257_T2_AH_20250827,1,1,NA,1,1,NA,1,0,NA,DCIM/context_n20250526111342642.jpg,DCIM/context_e20250526111336094.jpg,DCIM/context_s20250526111323215.jpg,DCIM/context_w20250526111303062.jpg,2025-05-26T11:12:25Z,15.71442779,49.80142125,DCIM/plot_e_20250526110632444.jpg,DCIM/plot_n_20250526110642351.jpg,TRUE,24,5,0.3,0.3
10,BR,small,0.2–0.4,1,NA,1,1,100,1,kmen,NA,NA,0,NA,NA,0,NA,stare,1,mechanizace,80-100,NA,NA,NA,NA,NA,257_T2_AH_20250827,1,1,NA,1,1,NA,1,0,NA,DCIM/context_n20250526111342642.jpg,DCIM/context_e20250526111336094.jpg,DCIM/context_s20250526111323215.jpg,DCIM/context_w20250526111303062.jpg,2025-05-26T11:12:25Z,15.71442779,49.80142125,DCIM/plot_e_20250526110632444.jpg,DCIM/plot_n_20250526110642351.jpg,TRUE,24,5,0.3,0.3
19,BO,small,0.6–0.8,5,NA,0,0,0,NA,NA,NA,NA,0,NA,NA,0,NA,NA,0,NA,NA,NA,NA,NA,NA,NA,258_T2_AH_20250827,NA,NA,NA,NA,NA,NA,NA,0,NA,NA,NA,NA,NA,NA,15.71444514,49.80160304,DCIM/plot_e_20250526111732996.jpg,DCIM/plot_n_20250526111742117.jpg,TRUE,24,5,0.7,0.7
18,SM,small,0.2–0.4,3,NA,1,3,100,1,olistení,NA,NA,0,0-20,2,3,80-100,NA,0,NA,NA,NA,NA,NA,NA,Mráz,258_T2_AH_20250827,NA,NA,NA,NA,NA,NA,NA,0,NA,NA,NA,NA,NA,NA,15.71444514,49.80160304,DCIM/plot_e_20250526111732996.jpg,DCIM/plot_n_20250526111742117.jpg,TRUE,24,5,0.3,0.3
19,BO,small,1.0–1.3,2,NA,0,0,0,NA,NA,NA,NA,0,NA,NA,0,NA,NA,0,NA,NA,NA,NA,NA,NA,NA,259_T2_AH_20250827,NA,NA,NA,NA,NA,NA,NA,0,NA,NA,NA,NA,NA,NA,15.71446705,49.80178284,DCIM/plot_e_20250526112428693.jpg,DCIM/plot_n_20250526112439986.jpg,TRUE,24,5,1.2,1.2
18,SM,small,0.2–0.4,2,NA,0,0,0,NA,NA,NA,NA,0,NA,NA,0,NA,NA,0,NA,NA,NA,NA,NA,NA,NA,259_T2_AH_20250827,NA,NA,NA,NA,NA,NA,NA,0,NA,NA,NA,NA,NA,NA,15.71446705,49.80178284,DCIM/plot_e_20250526112428693.jpg,DCIM/plot_n_20250526112439986.jpg,TRUE,24,5,0.3,0.3
10,BR,small,0.2–0.4,1,NA,1,1,100,1,kmen,NA,NA,0,NA,NA,0,NA,stare,1,mechanizace,NA,NA,NA,NA,NA,NA,259_T2_AH_20250827,NA,NA,NA,NA,NA,NA,NA,0,NA,NA,NA,NA,NA,NA,15.71446705,49.80178284,DCIM/plot_e_20250526112428693.jpg,DCIM/plot_n_20250526112439986.jpg,TRUE,24,5,0.3,0.3
19,BO,small,0.6–0.8,5,NA,0,0,0,NA,NA,NA,NA,0,NA,NA,0,NA,NA,0,NA,NA,NA,NA,NA,NA,NA,260_T2_AH_20250827,1,1,NA,NA,1,1,1,1,NA,DCIM/context_n20250526113535211.jpg,DCIM/context_e20250526113529212.jpg,DCIM/context_s20250526113522964.jpg,DCIM/context_w20250526113515934.jpg,2025-05-26T11:34:41Z,15.71417135,49.80161493,DCIM/plot_e_20250526113249879.jpg,DCIM/plot_n_20250526113301058.jpg,TRUE,24,5,0.7,0.7
10,BR,small,0.8–1.0,1,NA,0,0,0,NA,NA,NA,NA,0,NA,NA,0,NA,NA,0,NA,NA,NA,NA,NA,NA,NA,260_T2_AH_20250827,1,1,NA,NA,1,1,1,1,NA,DCIM/context_n20250526113535211.jpg,DCIM/context_e20250526113529212.jpg,DCIM/context_s20250526113522964.jpg,DCIM/context_w20250526113515934.jpg,2025-05-26T11:34:41Z,15.71417135,49.80161493,DCIM/plot_e_20250526113249879.jpg,DCIM/plot_n_20250526113301058.jpg,TRUE,24,5,0.9,0.9
18,SM,small,0.2–0.4,1,NA,0,0,0,NA,NA,NA,NA,0,NA,NA,0,NA,NA,0,NA,NA,NA,NA,NA,NA,NA,260_T2_AH_20250827,1,1,NA,NA,1,1,1,1,NA,DCIM/context_n20250526113535211.jpg,DCIM/context_e20250526113529212.jpg,DCIM/context_s20250526113522964.jpg,DCIM/context_w20250526113515934.jpg,2025-05-26T11:34:41Z,15.71417135,49.80161493,DCIM/plot_e_20250526113249879.jpg,DCIM/plot_n_20250526113301058.jpg,TRUE,24,5,0.3,0.3
19,BO,small,1.3–2.0,6,NA,0,0,0,NA,NA,NA,NA,0,NA,NA,0,NA,NA,0,NA,NA,NA,NA,NA,NA,NA,261_T2_AH_20250827,NA,NA,NA,NA,NA,NA,NA,0,NA,NA,NA,NA,NA,NA,15.7147269,49.80158803,DCIM/plot_e_20250526114043215.jpg,DCIM/plot_n_20250526114054310.jpg,TRUE,24,5,1.7,1.7
18,SM,small,0.4–0.6,3,NA,0,0,0,NA,NA,NA,NA,0,NA,NA,0,NA,NA,0,NA,NA,NA,NA,NA,NA,NA,261_T2_AH_20250827,NA,NA,NA,NA,NA,NA,NA,0,NA,NA,NA,NA,NA,NA,15.7147269,49.80158803,DCIM/plot_e_20250526114043215.jpg,DCIM/plot_n_20250526114054310.jpg,TRUE,24,5,0.5,0.5
18,SM,small,0.4–0.6,1,NA,1,1,100,1,olistení,NA,NA,0,0-20,NA,1,80-100,NA,0,NA,NA,NA,NA,NA,NA,Mráz,262_T2_AH_20250827,NA,NA,NA,NA,NA,NA,NA,0,NA,NA,NA,NA,NA,NA,15.71904669,49.78171886,DCIM/plot_e_20250526122557177.jpg,DCIM/plot_n_20250526122606366.jpg,TRUE,25,5,0.5,0.5
19,BO,small,0.8–1.0,1,NA,1,1,100,1,kmen,NA,NA,0,NA,NA,0,NA,cerstve,1,nejasna,0-20,0-10,NA,NA,T2263OBO2,NA,263_T2_AH_20250827,NA,NA,NA,NA,NA,NA,NA,0,NA,NA,NA,NA,NA,NA,15.71932663,49.78170411,DCIM/plot_e_20250526123100041.jpg,DCIM/plot_n_20250526123109159.jpg,TRUE,25,5,0.9,0.9
17,MD,small,1.3–2.0,1,NA,1,1,100,1,olistení,NA,NA,0,80-100,NA,1,40-60,NA,0,NA,NA,NA,NA,NA,NA,NA,263_T2_AH_20250827,NA,NA,NA,NA,NA,NA,NA,0,NA,NA,NA,NA,NA,NA,15.71932663,49.78170411,DCIM/plot_e_20250526123100041.jpg,DCIM/plot_n_20250526123109159.jpg,TRUE,25,5,1.7,1.7
10,BR,small,1.0–1.3,1,NA,0,0,0,NA,NA,NA,NA,0,NA,NA,0,NA,NA,0,NA,NA,NA,NA,NA,NA,NA,264_T2_AH_20250827,NA,NA,NA,NA,NA,NA,NA,0,NA,NA,NA,NA,NA,NA,15.71960469,49.7816896,DCIM/plot_e_20250526124237005.jpg,DCIM/plot_n_20250526124246629.jpg,TRUE,25,5,1.2,1.2
18,SM,small,1.0–1.3,3,NA,0,0,0,NA,NA,NA,NA,0,NA,NA,0,NA,NA,0,NA,NA,NA,NA,NA,NA,NA,264_T2_AH_20250827,NA,NA,NA,NA,NA,NA,NA,0,NA,NA,NA,NA,NA,NA,15.71960469,49.7816896,DCIM/plot_e_20250526124237005.jpg,DCIM/plot_n_20250526124246629.jpg,TRUE,25,5,1.2,1.2
13,BK,small,1.3–2.0,1,NA,0,0,0,NA,NA,NA,NA,0,NA,NA,0,NA,NA,0,NA,NA,NA,NA,NA,NA,NA,264_T2_AH_20250827,NA,NA,NA,NA,NA,NA,NA,0,NA,NA,NA,NA,NA,NA,15.71960469,49.7816896,DCIM/plot_e_20250526124237005.jpg,DCIM/plot_n_20250526124246629.jpg,TRUE,25,5,1.7,1.7
10,BR,small,1.0–1.3,1,NA,1,1,100,1,kmen,NA,NA,0,NA,NA,0,NA,stare,1,zver,NA,NA,NA,NA,NA,NA,265_T2_AH_20250827,NA,NA,NA,NA,NA,NA,NA,0,NA,NA,NA,NA,NA,NA,15.71930802,49.78152575,DCIM/plot_e_20250526125016474.jpg,DCIM/plot_n_20250526125027317.jpg,TRUE,25,5,1.2,1.2
18,SM,small,0.8–1.0,1,NA,0,0,0,NA,NA,NA,NA,0,NA,NA,0,NA,NA,0,NA,NA,NA,NA,NA,NA,NA,266_T2_AH_20250827,NA,NA,NA,NA,NA,NA,NA,0,NA,NA,NA,NA,NA,NA,15.7193485,49.78188207,DCIM/plot_e_20250526125559732.jpg,DCIM/plot_n_20250526125609187.jpg,TRUE,25,5,0.9,0.9
19,BO,small,1.0–1.3,1,NA,0,0,0,NA,NA,NA,NA,0,NA,NA,0,NA,NA,0,NA,NA,NA,NA,NA,NA,NA,266_T2_AH_20250827,NA,NA,NA,NA,NA,NA,NA,0,NA,NA,NA,NA,NA,NA,15.7193485,49.78188207,DCIM/plot_e_20250526125559732.jpg,DCIM/plot_n_20250526125609187.jpg,TRUE,25,5,1.2,1.2
18,SM,small,0.4–0.6,2,NA,1,2,100,1,olistení,NA,NA,0,40-60,1,2,80-100,NA,0,NA,NA,NA,NA,NA,NA,Mráz,267_T2_AH_20250827,NA,NA,NA,NA,NA,NA,NA,0,NA,NA,NA,NA,NA,2025-05-27T08:19:51Z,15.75417783,49.82609311,DCIM/plot_e_20250527081900526.jpg,DCIM/plot_n_20250527081915926.jpg,TRUE,26,5,0.5,0.5
10,BR,small,1.0–1.3,3,NA,0,0,0,NA,NA,NA,NA,0,NA,NA,0,NA,NA,0,NA,NA,NA,NA,NA,NA,NA,267_T2_AH_20250827,NA,NA,NA,NA,NA,NA,NA,0,NA,NA,NA,NA,NA,2025-05-27T08:19:51Z,15.75417783,49.82609311,DCIM/plot_e_20250527081900526.jpg,DCIM/plot_n_20250527081915926.jpg,TRUE,26,5,1.2,1.2
18,SM,small,0.6–0.8,1,NA,1,1,100,1,olistení,NA,NA,0,0-20,NA,1,80-100,NA,0,NA,NA,NA,NA,NA,NA,Mráz,268_T2_AH_20250827,1,1,NA,NA,NA,NA,1,1,NA,DCIM/context_n20250527082956575.jpg,DCIM/context_e20250527082951158.jpg,DCIM/context_s20250527082945174.jpg,DCIM/context_w20250527082940408.jpg,2025-05-27T08:29:14Z,15.75387609,49.82593063,DCIM/plot_e_20250527082739537.jpg,DCIM/plot_n_20250527082747904.jpg,TRUE,26,5,0.7,0.7
10,BR,small,0.4–0.6,2,NA,0,0,0,NA,NA,NA,NA,0,NA,NA,0,NA,NA,0,NA,NA,NA,NA,NA,NA,NA,268_T2_AH_20250827,1,1,NA,NA,NA,NA,1,1,NA,DCIM/context_n20250527082956575.jpg,DCIM/context_e20250527082951158.jpg,DCIM/context_s20250527082945174.jpg,DCIM/context_w20250527082940408.jpg,2025-05-27T08:29:14Z,15.75387609,49.82593063,DCIM/plot_e_20250527082739537.jpg,DCIM/plot_n_20250527082747904.jpg,TRUE,26,5,0.5,0.5
18,SM,small,0.4–0.6,2,NA,1,2,100,1,olistení,NA,NA,0,20-40,1,2,80-100,NA,0,NA,NA,NA,NA,NA,NA,Mráz,269_T2_AH_20250827,NA,1,NA,NA,NA,NA,1,1,NA,DCIM/context_n20250527083516252.jpg,DCIM/context_e20250527083507399.jpg,DCIM/context_s20250527083502483.jpg,DCIM/context_w20250527083456840.jpg,2025-05-27T08:34:31Z,15.75390114,49.82610821,DCIM/plot_e_20250527083313896.jpg,DCIM/plot_n_20250527083325196.jpg,TRUE,26,5,0.5,0.5
18,SM,advanced,>4,6,NA,0,0,0,NA,NA,NA,NA,0,NA,NA,0,NA,NA,0,NA,NA,NA,NA,NA,NA,NA,270_T2_AH_20250827,NA,NA,NA,NA,NA,NA,NA,0,NA,DCIM/context_n20250527084407202.jpg,DCIM/context_e20250527084400015.jpg,DCIM/context_s20250527084352097.jpg,DCIM/context_w20250527084346312.jpg,2025-05-27T08:43:27Z,15.75362135,49.826124,DCIM/plot_e_20250527084010723.jpg,DCIM/plot_n_20250527084024039.jpg,TRUE,26,5,5,5
18,SM,small,1.3–2.0,1,NA,0,0,0,NA,NA,NA,NA,0,NA,NA,0,NA,NA,0,NA,NA,NA,NA,NA,NA,NA,270_T2_AH_20250827,NA,NA,NA,NA,NA,NA,NA,0,NA,DCIM/context_n20250527084407202.jpg,DCIM/context_e20250527084400015.jpg,DCIM/context_s20250527084352097.jpg,DCIM/context_w20250527084346312.jpg,2025-05-27T08:43:27Z,15.75362135,49.826124,DCIM/plot_e_20250527084010723.jpg,DCIM/plot_n_20250527084024039.jpg,TRUE,26,5,1.7,1.7
18,SM,small,0.2–0.4,1,NA,0,0,0,NA,NA,NA,NA,0,NA,NA,0,NA,NA,0,NA,NA,NA,NA,NA,NA,NA,271_T2_AH_20250827,NA,1,NA,NA,1,NA,0,0,NA,DCIM/context_n20250527084927993.jpg,DCIM/context_e20250527084917239.jpg,DCIM/context_s20250527084907709.jpg,DCIM/context_w20250527084900603.jpg,2025-05-27T08:48:21Z,15.75392014,49.82628778,DCIM/plot_e_20250527084738701.jpg,DCIM/plot_n_20250527084746984.jpg,TRUE,26,5,0.3,0.3
18,SM,small,0.6–0.8,1,NA,1,1,100,1,olistení,NA,NA,0,0-20,NA,1,80-100,NA,0,NA,NA,NA,NA,NA,NA,Mráz,273_T2_AH_20250827,NA,1,NA,NA,1,NA,1,1,NA,DCIM/context_n20250527095151558.jpg,DCIM/context_e20250527095144424.jpg,DCIM/context_s20250527095138292.jpg,DCIM/context_w20250527095122575.jpg,2025-05-27T09:51:00Z,15.57787508,49.7054778,DCIM/plot_e_20250527095000256.jpg,DCIM/plot_n_20250527095008977.jpg,TRUE,27,5,0.7,0.7
18,SM,small,0.6–0.8,1,NA,1,1,100,1,olistení,NA,NA,0,0-20,NA,1,80-100,NA,0,NA,NA,NA,NA,NA,NA,Mráz,274_T2_AH_20250827,NA,1,NA,NA,NA,1,1,1,NA,DCIM/context_n20250527095818387.jpg,DCIM/context_e20250527095811636.jpg,DCIM/context_s20250527095805857.jpg,DCIM/context_w20250527095800261.jpg,2025-05-27T09:57:14Z,15.57783175,49.70511867,DCIM/plot_e_20250527095625781.jpg,DCIM/plot_n_20250527095633065.jpg,TRUE,27,5,0.7,0.7
18,SM,small,0.6–0.8,5,NA,1,4,80,1,kmen,NA,NA,0,0-20,2,3,80-100,cerstve,1,zver,80-100,NA,NA,NA,NA,Mráz,275_T2_AH_20250827,NA,NA,1,NA,NA,NA,1,1,"Pařezy ofrézované, nahodilá těžba asi byla",DCIM/context_n20250527104713433.jpg,DCIM/context_e20250527104705179.jpg,DCIM/context_s20250527104659166.jpg,DCIM/context_w20250527104651547.jpg,2025-05-27T10:45:46Z,15.57290988,49.69382454,DCIM/plot_e_20250527104103327.jpg,DCIM/plot_n_20250527104112952.jpg,TRUE,28,5,0.7,0.7
10,BR,small,0.6–0.8,4,NA,0,0,0,NA,NA,NA,NA,0,NA,NA,0,NA,NA,0,NA,NA,NA,NA,NA,NA,NA,275_T2_AH_20250827,NA,NA,1,NA,NA,NA,1,1,"Pařezy ofrézované, nahodilá těžba asi byla",DCIM/context_n20250527104713433.jpg,DCIM/context_e20250527104705179.jpg,DCIM/context_s20250527104659166.jpg,DCIM/context_w20250527104651547.jpg,2025-05-27T10:45:46Z,15.57290988,49.69382454,DCIM/plot_e_20250527104103327.jpg,DCIM/plot_n_20250527104112952.jpg,TRUE,28,5,0.7,0.7
18,SM,small,0.6–0.8,2,NA,0,0,0,NA,NA,NA,NA,0,NA,NA,0,NA,NA,0,NA,NA,NA,NA,NA,NA,NA,276_T2_AH_20250827,NA,1,1,NA,NA,NA,1,1,NA,DCIM/context_n20250527105639608.jpg,DCIM/context_e20250527105633294.jpg,DCIM/context_s20250527105627428.jpg,DCIM/context_w20250527105619362.jpg,2025-05-27T10:55:37Z,15.57288962,49.69364421,DCIM/plot_e_20250527105436592.jpg,DCIM/plot_n_20250527105446452.jpg,TRUE,28,5,0.7,0.7
19,BO,small,0.4–0.6,1,NA,0,0,0,NA,NA,NA,NA,0,NA,NA,0,NA,NA,0,NA,NA,NA,NA,NA,NA,NA,277_T2_AH_20250827,NA,1,1,NA,NA,NA,NA,0,NA,DCIM/context_n20250527110322326.jpg,DCIM/context_e20250527110313486.jpg,DCIM/context_s20250527110308440.jpg,DCIM/context_w20250527110300557.jpg,2025-05-27T11:02:19Z,15.57287006,49.69346419,DCIM/plot_e_20250527105948276.jpg,DCIM/plot_n_20250527110003629.jpg,TRUE,28,5,0.5,0.5
10,BR,small,0.6–0.8,2,NA,0,0,0,NA,NA,NA,NA,0,NA,NA,0,NA,NA,0,NA,NA,NA,NA,NA,NA,NA,277_T2_AH_20250827,NA,1,1,NA,NA,NA,NA,0,NA,DCIM/context_n20250527110322326.jpg,DCIM/context_e20250527110313486.jpg,DCIM/context_s20250527110308440.jpg,DCIM/context_w20250527110300557.jpg,2025-05-27T11:02:19Z,15.57287006,49.69346419,DCIM/plot_e_20250527105948276.jpg,DCIM/plot_n_20250527110003629.jpg,TRUE,28,5,0.7,0.7
13,BK,advanced,2–4,4,NA,0,0,0,NA,NA,NA,NA,0,NA,NA,0,NA,NA,0,NA,NA,NA,NA,NA,NA,NA,278_T2_AH_20250827,NA,1,NA,NA,NA,NA,1,1,NA,DCIM/context_n20250527111000113.jpg,DCIM/context_e20250527110953079.jpg,DCIM/context_s20250527110945192.jpg,DCIM/context_w20250527110938965.jpg,2025-05-27T11:08:58Z,15.57261484,49.69365873,DCIM/plot_e_20250527110800507.jpg,DCIM/plot_n_20250527110826504.jpg,TRUE,28,5,3,3
18,SM,small,0.4–0.6,8,NA,1,7,87.5,1,olistení,NA,NA,0,0-20,6,7,80-100,NA,0,NA,NA,NA,NA,NA,NA,Mráz,279_T2_AH_20250827,NA,1,1,NA,NA,1,1,1,NA,DCIM/context_n20250527111711514.jpg,DCIM/context_e20250527111705165.jpg,DCIM/context_s20250527111658483.jpg,DCIM/context_w20250527111651769.jpg,2025-05-27T11:16:00Z,15.5731646,49.69363015,DCIM/plot_e_20250527111404013.jpg,DCIM/plot_n_20250527111412852.jpg,TRUE,28,5,0.5,0.5
10,BR,small,0.2–0.4,3,NA,0,0,0,NA,NA,NA,NA,0,NA,NA,0,NA,NA,0,NA,NA,NA,NA,NA,NA,NA,279_T2_AH_20250827,NA,1,1,NA,NA,1,1,1,NA,DCIM/context_n20250527111711514.jpg,DCIM/context_e20250527111705165.jpg,DCIM/context_s20250527111658483.jpg,DCIM/context_w20250527111651769.jpg,2025-05-27T11:16:00Z,15.5731646,49.69363015,DCIM/plot_e_20250527111404013.jpg,DCIM/plot_n_20250527111412852.jpg,TRUE,28,5,0.3,0.3
17,MD,small,1.0–1.3,5,NA,0,0,0,NA,NA,NA,NA,0,NA,NA,0,NA,NA,0,NA,NA,NA,NA,NA,NA,NA,280_T2_AH_20250827,1,1,NA,NA,NA,NA,1,1,NA,DCIM/context_n20250527124333338.jpg,DCIM/context_e20250527124323729.jpg,DCIM/context_s20250527124316413.jpg,DCIM/context_w20250527124309897.jpg,2025-05-27T12:42:17Z,15.54908823,49.6365879,DCIM/plot_e_20250527123555555.jpg,DCIM/plot_n_20250527123605528.jpg,TRUE,29,5,1.2,1.2
19,BO,small,1.0–1.3,1,NA,0,0,0,NA,NA,NA,NA,0,NA,NA,0,NA,NA,0,NA,NA,NA,NA,NA,NA,NA,280_T2_AH_20250827,1,1,NA,NA,NA,NA,1,1,NA,DCIM/context_n20250527124333338.jpg,DCIM/context_e20250527124323729.jpg,DCIM/context_s20250527124316413.jpg,DCIM/context_w20250527124309897.jpg,2025-05-27T12:42:17Z,15.54908823,49.6365879,DCIM/plot_e_20250527123555555.jpg,DCIM/plot_n_20250527123605528.jpg,TRUE,29,5,1.2,1.2
10,BR,small,1.0–1.3,1,NA,0,0,0,NA,NA,NA,NA,0,NA,NA,0,NA,NA,0,NA,NA,NA,NA,NA,NA,NA,280_T2_AH_20250827,1,1,NA,NA,NA,NA,1,1,NA,DCIM/context_n20250527124333338.jpg,DCIM/context_e20250527124323729.jpg,DCIM/context_s20250527124316413.jpg,DCIM/context_w20250527124309897.jpg,2025-05-27T12:42:17Z,15.54908823,49.6365879,DCIM/plot_e_20250527123555555.jpg,DCIM/plot_n_20250527123605528.jpg,TRUE,29,5,1.2,1.2
20,OS,small,0.6–0.8,2,NA,0,0,0,NA,NA,NA,NA,0,NA,NA,0,NA,NA,0,NA,NA,NA,NA,NA,NA,NA,280_T2_AH_20250827,1,1,NA,NA,NA,NA,1,1,NA,DCIM/context_n20250527124333338.jpg,DCIM/context_e20250527124323729.jpg,DCIM/context_s20250527124316413.jpg,DCIM/context_w20250527124309897.jpg,2025-05-27T12:42:17Z,15.54908823,49.6365879,DCIM/plot_e_20250527123555555.jpg,DCIM/plot_n_20250527123605528.jpg,TRUE,29,5,0.7,0.7
27,JIV,small,0.4–0.6,1,NA,0,0,0,NA,NA,NA,NA,0,NA,NA,0,NA,NA,0,NA,NA,NA,NA,NA,NA,NA,280_T2_AH_20250827,1,1,NA,NA,NA,NA,1,1,NA,DCIM/context_n20250527124333338.jpg,DCIM/context_e20250527124323729.jpg,DCIM/context_s20250527124316413.jpg,DCIM/context_w20250527124309897.jpg,2025-05-27T12:42:17Z,15.54908823,49.6365879,DCIM/plot_e_20250527123555555.jpg,DCIM/plot_n_20250527123605528.jpg,TRUE,29,5,0.5,0.5
18,SM,small,0.6–0.8,1,NA,1,1,100,1,olistení,NA,NA,0,0-20,NA,1,80-100,NA,0,NA,NA,NA,NA,NA,NA,Mráz,281_T2_AH_20250827,1,1,NA,NA,1,NA,1,1,NA,DCIM/context_n20250527125921745.jpg,DCIM/context_e20250527125914760.jpg,DCIM/context_s20250527125907874.jpg,DCIM/context_w20250527125858277.jpg,2025-05-27T12:58:24Z,15.54881988,49.63659748,DCIM/plot_e_20250527125659905.jpg,DCIM/plot_n_20250527125711372.jpg,TRUE,29,5,0.7,0.7
17,MD,small,1.3–2.0,3,NA,1,1,33.33333333333333,1,kmen,NA,NA,0,NA,NA,0,NA,stare,1,zver,NA,NA,NA,NA,NA,NA,282_T2_AH_20250827,1,1,NA,NA,1,NA,1,1,NA,DCIM/context_n20250527131159682.jpg,DCIM/context_e20250527131151980.jpg,DCIM/context_s20250527131145730.jpg,DCIM/context_w20250527131139078.jpg,2025-05-27T13:11:08Z,15.54853872,49.63661368,DCIM/plot_e_20250527130229732.jpg,DCIM/plot_n_20250527130242348.jpg,TRUE,29,5,1.7,1.7
19,BO,small,1.0–1.3,2,NA,1,1,50,1,olistení,NA,NA,0,0-20,NA,1,40-60,NA,0,NA,NA,NA,NA,NA,NA,T2282OBO4,282_T2_AH_20250827,1,1,NA,NA,1,NA,1,1,NA,DCIM/context_n20250527131159682.jpg,DCIM/context_e20250527131151980.jpg,DCIM/context_s20250527131145730.jpg,DCIM/context_w20250527131139078.jpg,2025-05-27T13:11:08Z,15.54853872,49.63661368,DCIM/plot_e_20250527130229732.jpg,DCIM/plot_n_20250527130242348.jpg,TRUE,29,5,1.2,1.2
18,SM,small,0.2–0.4,2,NA,1,2,100,1,olistení,NA,NA,0,0-20,1,2,80-100,NA,0,NA,NA,NA,NA,NA,NA,Mráz,282_T2_AH_20250827,1,1,NA,NA,1,NA,1,1,NA,DCIM/context_n20250527131159682.jpg,DCIM/context_e20250527131151980.jpg,DCIM/context_s20250527131145730.jpg,DCIM/context_w20250527131139078.jpg,2025-05-27T13:11:08Z,15.54853872,49.63661368,DCIM/plot_e_20250527130229732.jpg,DCIM/plot_n_20250527130242348.jpg,TRUE,29,5,0.3,0.3
27,JIV,small,0.4–0.6,1,NA,0,0,0,NA,NA,NA,NA,0,NA,NA,0,NA,NA,0,NA,NA,NA,NA,NA,NA,NA,282_T2_AH_20250827,1,1,NA,NA,1,NA,1,1,NA,DCIM/context_n20250527131159682.jpg,DCIM/context_e20250527131151980.jpg,DCIM/context_s20250527131145730.jpg,DCIM/context_w20250527131139078.jpg,2025-05-27T13:11:08Z,15.54853872,49.63661368,DCIM/plot_e_20250527130229732.jpg,DCIM/plot_n_20250527130242348.jpg,TRUE,29,5,0.5,0.5
10,BR,small,0.4–0.6,1,NA,0,0,0,NA,NA,NA,NA,0,NA,NA,0,NA,NA,0,NA,NA,NA,NA,NA,NA,NA,283_T2_AH_20250827,NA,1,NA,NA,NA,NA,NA,0,NA,DCIM/context_n20250527131709687.jpg,DCIM/context_e20250527131704203.jpg,DCIM/context_s20250527131657538.jpg,DCIM/context_w20250527131650721.jpg,2025-05-27T13:16:26Z,15.54883433,49.6367814,DCIM/plot_e_20250527131452565.jpg,DCIM/plot_n_20250527131501284.jpg,TRUE,29,5,0.5,0.5
27,JIV,small,0.2–0.4,1,NA,1,1,100,1,kmen,NA,NA,0,NA,NA,0,NA,stare,1,mechanizace,NA,NA,NA,NA,Ožnut,NA,283_T2_AH_20250827,NA,1,NA,NA,NA,NA,NA,0,NA,DCIM/context_n20250527131709687.jpg,DCIM/context_e20250527131704203.jpg,DCIM/context_s20250527131657538.jpg,DCIM/context_w20250527131650721.jpg,2025-05-27T13:16:26Z,15.54883433,49.6367814,DCIM/plot_e_20250527131452565.jpg,DCIM/plot_n_20250527131501284.jpg,TRUE,29,5,0.3,0.3
18,SM,small,0.8–1.0,1,NA,1,1,100,1,olistení,NA,NA,0,0-20,NA,1,80-100,NA,0,NA,NA,NA,NA,NA,NA,Mráz,284_T2_AH_20250827,NA,1,NA,NA,1,1,1,1,NA,DCIM/context_n20250527132558433.jpg,DCIM/context_e20250527132551549.jpg,DCIM/context_s20250527132544499.jpg,DCIM/context_w20250527132538403.jpg,2025-05-27T13:25:11Z,15.54879334,49.63642191,DCIM/plot_e_20250527132130221.jpg,DCIM/plot_n_20250527132143464.jpg,TRUE,29,5,0.9,0.9
18,SM,small,0.2–0.4,1,NA,0,0,0,NA,NA,NA,NA,0,NA,NA,0,NA,NA,0,NA,NA,NA,NA,NA,NA,NA,285_T2_AH_20250827,NA,1,NA,NA,NA,1,NA,0,NA,DCIM/context_n20250527135713678.jpg,DCIM/context_e20250527135707995.jpg,DCIM/context_s20250527135701227.jpg,DCIM/context_w20250527135655527.jpg,2025-05-27T13:56:19Z,15.46356398,49.67356671,DCIM/plot_e_20250527135522140.jpg,DCIM/plot_n_20250527135535558.jpg,TRUE,30,5,0.3,0.3
4,KL,advanced,2–4,1,NA,0,0,0,NA,NA,NA,NA,0,NA,NA,0,NA,NA,0,NA,NA,NA,NA,NA,NA,NA,289_T2_AH_20250827,NA,1,NA,NA,NA,1,1,1,NA,DCIM/context_n20250527143612485.jpg,DCIM/context_e20250527143605468.jpg,DCIM/context_s20250527143554737.jpg,DCIM/context_w20250527143540734.jpg,2025-05-27T14:35:07Z,15.46331091,49.67375688,DCIM/plot_e_20250527143143727.jpg,DCIM/plot_n_20250527143203795.jpg,TRUE,30,5,3,3
27,JIV,advanced,2–4,1,NA,0,0,0,NA,NA,NA,NA,0,NA,NA,0,NA,NA,0,NA,NA,NA,NA,NA,NA,NA,289_T2_AH_20250827,NA,1,NA,NA,NA,1,1,1,NA,DCIM/context_n20250527143612485.jpg,DCIM/context_e20250527143605468.jpg,DCIM/context_s20250527143554737.jpg,DCIM/context_w20250527143540734.jpg,2025-05-27T14:35:07Z,15.46331091,49.67375688,DCIM/plot_e_20250527143143727.jpg,DCIM/plot_n_20250527143203795.jpg,TRUE,30,5,3,3
20,OS,small,0.8–1.0,2,NA,0,0,0,NA,NA,NA,NA,0,NA,NA,0,NA,NA,0,NA,NA,NA,NA,NA,NA,NA,289_T2_AH_20250827,NA,1,NA,NA,NA,1,1,1,NA,DCIM/context_n20250527143612485.jpg,DCIM/context_e20250527143605468.jpg,DCIM/context_s20250527143554737.jpg,DCIM/context_w20250527143540734.jpg,2025-05-27T14:35:07Z,15.46331091,49.67375688,DCIM/plot_e_20250527143143727.jpg,DCIM/plot_n_20250527143203795.jpg,TRUE,30,5,0.9,0.9
27,JIV,small,0.6–0.8,1,NA,1,1,100,1,kmen,NA,NA,0,NA,NA,0,NA,stare,1,zver,NA,NA,NA,NA,NA,NA,289_T2_AH_20250827,NA,1,NA,NA,NA,1,1,1,NA,DCIM/context_n20250527143612485.jpg,DCIM/context_e20250527143605468.jpg,DCIM/context_s20250527143554737.jpg,DCIM/context_w20250527143540734.jpg,2025-05-27T14:35:07Z,15.46331091,49.67375688,DCIM/plot_e_20250527143143727.jpg,DCIM/plot_n_20250527143203795.jpg,TRUE,30,5,0.7,0.7
19,BO,advanced,2–4,1,NA,0,0,0,NA,NA,NA,NA,0,NA,NA,0,NA,NA,0,NA,NA,NA,NA,NA,NA,NA,290_T2_AH_20250827,NA,1,NA,NA,NA,NA,1,0,NA,DCIM/context_n20250527153444709.jpg,DCIM/context_e20250527153436103.jpg,DCIM/context_s20250527153429522.jpg,DCIM/context_w20250527153416056.jpg,2025-05-27T15:33:35Z,15.37410431,49.73120698,DCIM/plot_e_20250527153148684.jpg,DCIM/plot_n_20250527153201683.jpg,TRUE,31,5,3,3
19,BO,small,1.3–2.0,2,NA,0,0,0,NA,NA,NA,NA,0,NA,NA,0,NA,NA,0,NA,NA,NA,NA,NA,NA,NA,290_T2_AH_20250827,NA,1,NA,NA,NA,NA,1,0,NA,DCIM/context_n20250527153444709.jpg,DCIM/context_e20250527153436103.jpg,DCIM/context_s20250527153429522.jpg,DCIM/context_w20250527153416056.jpg,2025-05-27T15:33:35Z,15.37410431,49.73120698,DCIM/plot_e_20250527153148684.jpg,DCIM/plot_n_20250527153201683.jpg,TRUE,31,5,1.7,1.7
19,BO,advanced,2–4,1,NA,0,0,0,NA,NA,NA,NA,0,NA,NA,0,NA,NA,0,NA,NA,NA,NA,NA,NA,NA,291_T2_AH_20250827,NA,1,NA,NA,NA,NA,1,0,NA,DCIM/context_n20250527154450781.jpg,DCIM/context_e20250527154442860.jpg,DCIM/context_s20250527154435310.jpg,DCIM/context_w20250527154427032.jpg,2025-05-27T15:43:53Z,15.37438301,49.73119154,DCIM/plot_e_20250527153923008.jpg,DCIM/plot_n_20250527153940618.jpg,TRUE,31,5,3,3
17,MD,advanced,2–4,1,NA,1,1,100,1,olistení,NA,NA,0,0-20,NA,1,20-40,NA,0,NA,NA,NA,NA,NA,NA,T2291PMD4,291_T2_AH_20250827,NA,1,NA,NA,NA,NA,1,0,NA,DCIM/context_n20250527154450781.jpg,DCIM/context_e20250527154442860.jpg,DCIM/context_s20250527154435310.jpg,DCIM/context_w20250527154427032.jpg,2025-05-27T15:43:53Z,15.37438301,49.73119154,DCIM/plot_e_20250527153923008.jpg,DCIM/plot_n_20250527153940618.jpg,TRUE,31,5,3,3
17,MD,small,1.3–2.0,2,NA,0,0,0,NA,NA,NA,NA,0,NA,NA,0,NA,NA,0,NA,NA,NA,NA,NA,NA,NA,291_T2_AH_20250827,NA,1,NA,NA,NA,NA,1,0,NA,DCIM/context_n20250527154450781.jpg,DCIM/context_e20250527154442860.jpg,DCIM/context_s20250527154435310.jpg,DCIM/context_w20250527154427032.jpg,2025-05-27T15:43:53Z,15.37438301,49.73119154,DCIM/plot_e_20250527153923008.jpg,DCIM/plot_n_20250527153940618.jpg,TRUE,31,5,1.7,1.7
10,BR,small,1.3–2.0,1,NA,0,0,0,NA,NA,NA,NA,0,NA,NA,0,NA,NA,0,NA,NA,NA,NA,NA,NA,NA,291_T2_AH_20250827,NA,1,NA,NA,NA,NA,1,0,NA,DCIM/context_n20250527154450781.jpg,DCIM/context_e20250527154442860.jpg,DCIM/context_s20250527154435310.jpg,DCIM/context_w20250527154427032.jpg,2025-05-27T15:43:53Z,15.37438301,49.73119154,DCIM/plot_e_20250527153923008.jpg,DCIM/plot_n_20250527153940618.jpg,TRUE,31,5,1.7,1.7
17,MD,small,1.3–2.0,2,NA,1,2,100,1,olistení,NA,NA,0,0-20,1,2,20-40,NA,0,NA,NA,NA,NA,NA,NA,T2292OMD4,292_T2_AH_20250827,NA,1,NA,NA,NA,NA,1,0,Borovice vejmutovka 36 cm,DCIM/context_n20250527155941066.jpg,DCIM/context_e20250527155933214.jpg,DCIM/context_s20250527155926665.jpg,DCIM/context_w20250527155919927.jpg,2025-05-27T15:53:15Z,15.37465599,49.73117843,DCIM/plot_e_20250527154744294.jpg,DCIM/plot_n_20250527154753082.jpg,TRUE,31,5,1.7,1.7
17,MD,advanced,>4,1,NA,1,1,100,1,olistení,NA,NA,0,40-60,NA,1,40-60,NA,0,NA,NA,NA,NA,NA,NA,T2293PMD4,293_T2_AH_20250827,NA,1,NA,NA,NA,NA,1,0,NA,DCIM/context_n20250527161229545.jpg,DCIM/context_e20250527161223765.jpg,DCIM/context_s20250527161218517.jpg,DCIM/context_w20250527161210788.jpg,2025-05-27T16:11:43Z,15.37435874,49.73101832,DCIM/plot_e_20250527160632035.jpg,DCIM/plot_n_20250527160644096.jpg,TRUE,31,5,5,5
19,BO,small,1.3–2.0,3,NA,0,0,0,NA,NA,NA,NA,0,NA,NA,0,NA,NA,0,NA,NA,NA,NA,NA,NA,NA,293_T2_AH_20250827,NA,1,NA,NA,NA,NA,1,0,NA,DCIM/context_n20250527161229545.jpg,DCIM/context_e20250527161223765.jpg,DCIM/context_s20250527161218517.jpg,DCIM/context_w20250527161210788.jpg,2025-05-27T16:11:43Z,15.37435874,49.73101832,DCIM/plot_e_20250527160632035.jpg,DCIM/plot_n_20250527160644096.jpg,TRUE,31,5,1.7,1.7
17,MD,small,1.0–1.3,1,NA,0,0,0,NA,NA,NA,NA,0,NA,NA,0,NA,NA,0,NA,NA,NA,NA,NA,NA,NA,294_T2_AH_20250827,NA,1,1,NA,NA,NA,1,0,NA,DCIM/context_n20250527161707278.jpg,DCIM/context_e20250527161700027.jpg,DCIM/context_s20250527161653477.jpg,DCIM/context_w20250527161647646.jpg,2025-05-27T16:16:15Z,15.37440081,49.73136894,DCIM/plot_e_20250527161516343.jpg,DCIM/plot_n_20250527161523945.jpg,TRUE,31,5,1.2,1.2
17,MD,small,0.4–0.6,2,NA,0,0,0,NA,NA,NA,NA,0,NA,NA,0,NA,NA,0,NA,NA,NA,NA,NA,NA,NA,295_T2_AH_20250827,NA,NA,NA,NA,NA,NA,NA,0,NA,NA,NA,NA,NA,NA,14.993098699999999,49.72397489,DCIM/plot_e_20250604091823176.jpg,DCIM/plot_n_20250604091834669.jpg,TRUE,32,5,0.5,0.5
4,KL,small,0.6–0.8,1,NA,0,0,0,NA,NA,NA,NA,0,NA,NA,0,NA,NA,0,NA,NA,NA,NA,NA,NA,NA,296_T2_AH_20250827,NA,1,NA,NA,1,NA,1,1,Oplocenka,DCIM/context_n20250604093105322.jpg,DCIM/context_e20250604093058322.jpg,DCIM/context_s20250604093051789.jpg,DCIM/context_w20250604093045573.jpg,2025-06-04T09:29:41Z,14.99311644,49.7241536,DCIM/plot_e_20250604092724195.jpg,DCIM/plot_n_20250604092729069.jpg,TRUE,32,5,0.7,0.7
19,BO,small,0.4–0.6,4,NA,0,0,0,NA,NA,NA,NA,0,NA,NA,0,NA,NA,0,NA,NA,NA,NA,NA,NA,NA,297_T2_AH_20250827,NA,1,1,NA,1,NA,1,1,Oplocenka,DCIM/context_n20250604094418219.jpg,DCIM/context_e20250604094411403.jpg,DCIM/context_s20250604094403518.jpg,DCIM/context_w20250604094354281.jpg,2025-06-04T09:42:59Z,14.99313562,49.72433294,DCIM/plot_e_20250604093512015.jpg,DCIM/plot_n_20250604093520601.jpg,TRUE,32,5,0.5,0.5
10,BR,small,1.3–2.0,1,NA,0,0,0,NA,NA,NA,NA,0,NA,NA,0,NA,NA,0,NA,NA,NA,NA,NA,NA,NA,297_T2_AH_20250827,NA,1,1,NA,1,NA,1,1,Oplocenka,DCIM/context_n20250604094418219.jpg,DCIM/context_e20250604094411403.jpg,DCIM/context_s20250604094403518.jpg,DCIM/context_w20250604094354281.jpg,2025-06-04T09:42:59Z,14.99313562,49.72433294,DCIM/plot_e_20250604093512015.jpg,DCIM/plot_n_20250604093520601.jpg,TRUE,32,5,1.7,1.7
13,BK,small,0.2–0.4,1,NA,1,1,100,1,terminal,chybajuci,NA,1,NA,NA,0,NA,NA,0,NA,NA,NA,NA,Mráz,NA,NA,297_T2_AH_20250827,NA,1,1,NA,1,NA,1,1,Oplocenka,DCIM/context_n20250604094418219.jpg,DCIM/context_e20250604094411403.jpg,DCIM/context_s20250604094403518.jpg,DCIM/context_w20250604094354281.jpg,2025-06-04T09:42:59Z,14.99313562,49.72433294,DCIM/plot_e_20250604093512015.jpg,DCIM/plot_n_20250604093520601.jpg,TRUE,32,5,0.3,0.3
20,OS,small,0.2–0.4,2,NA,0,0,0,NA,NA,NA,NA,0,NA,NA,0,NA,NA,0,NA,NA,NA,NA,NA,NA,NA,297_T2_AH_20250827,NA,1,1,NA,1,NA,1,1,Oplocenka,DCIM/context_n20250604094418219.jpg,DCIM/context_e20250604094411403.jpg,DCIM/context_s20250604094403518.jpg,DCIM/context_w20250604094354281.jpg,2025-06-04T09:42:59Z,14.99313562,49.72433294,DCIM/plot_e_20250604093512015.jpg,DCIM/plot_n_20250604093520601.jpg,TRUE,32,5,0.3,0.3
20,OS,small,0.2–0.4,1,NA,0,0,0,NA,NA,NA,NA,0,NA,NA,0,NA,NA,0,NA,NA,NA,NA,NA,NA,NA,298_T2_AH_20250827,NA,1,NA,NA,1,NA,NA,1,Oplocenka,DCIM/context_n20250604095236496.jpg,DCIM/context_e20250604095230185.jpg,DCIM/context_s20250604095215062.jpg,DCIM/context_w20250604095208598.jpg,2025-06-04T09:51:16Z,14.9928407,49.72416553,DCIM/plot_e_20250604094903184.jpg,DCIM/plot_n_20250604094913476.jpg,TRUE,32,5,0.3,0.3
10,BR,small,0.6–0.8,1,NA,0,0,0,NA,NA,NA,NA,0,NA,NA,0,NA,NA,0,NA,NA,NA,NA,NA,NA,NA,299_T2_AH_20250827,NA,1,NA,NA,NA,NA,1,1,NA,DCIM/context_n20250604100902879.jpg,DCIM/context_e20250604100857098.jpg,DCIM/context_s20250604100850482.jpg,DCIM/context_w20250604100843684.jpg,2025-06-04T10:07:52Z,14.99339603,49.72413936,DCIM/plot_e_20250604100657425.jpg,DCIM/plot_n_20250604100706984.jpg,TRUE,32,5,0.7,0.7
17,MD,small,0.8–1.0,1,NA,0,0,0,NA,NA,NA,NA,0,NA,NA,0,NA,NA,0,NA,NA,NA,NA,NA,NA,NA,299_T2_AH_20250827,NA,1,NA,NA,NA,NA,1,1,NA,DCIM/context_n20250604100902879.jpg,DCIM/context_e20250604100857098.jpg,DCIM/context_s20250604100850482.jpg,DCIM/context_w20250604100843684.jpg,2025-06-04T10:07:52Z,14.99339603,49.72413936,DCIM/plot_e_20250604100657425.jpg,DCIM/plot_n_20250604100706984.jpg,TRUE,32,5,0.9,0.9
19,BO,small,1.0–1.3,14,NA,0,0,0,NA,NA,NA,NA,0,NA,NA,0,NA,NA,0,NA,NA,NA,NA,NA,NA,NA,300_T2_AH_20250827,NA,1,NA,NA,1,NA,NA,0,NA,DCIM/context_n20250604114214544.jpg,DCIM/context_e20250604114207092.jpg,DCIM/context_s20250604114158305.jpg,DCIM/context_w20250604114148599.jpg,2025-06-04T11:40:24Z,14.90119897,49.77177434,DCIM/plot_e_20250604113731614.jpg,DCIM/plot_n_20250604113742910.jpg,TRUE,33,5,1.2,1.2
18,SM,small,0.4–0.6,1,NA,0,0,0,NA,NA,NA,NA,0,NA,NA,0,NA,NA,0,NA,NA,NA,NA,NA,NA,NA,300_T2_AH_20250827,NA,1,NA,NA,1,NA,NA,0,NA,DCIM/context_n20250604114214544.jpg,DCIM/context_e20250604114207092.jpg,DCIM/context_s20250604114158305.jpg,DCIM/context_w20250604114148599.jpg,2025-06-04T11:40:24Z,14.90119897,49.77177434,DCIM/plot_e_20250604113731614.jpg,DCIM/plot_n_20250604113742910.jpg,TRUE,33,5,0.5,0.5
10,BR,small,0.6–0.8,1,NA,0,0,0,NA,NA,NA,NA,0,NA,NA,0,NA,NA,0,NA,NA,NA,NA,NA,NA,NA,300_T2_AH_20250827,NA,1,NA,NA,1,NA,NA,0,NA,DCIM/context_n20250604114214544.jpg,DCIM/context_e20250604114207092.jpg,DCIM/context_s20250604114158305.jpg,DCIM/context_w20250604114148599.jpg,2025-06-04T11:40:24Z,14.90119897,49.77177434,DCIM/plot_e_20250604113731614.jpg,DCIM/plot_n_20250604113742910.jpg,TRUE,33,5,0.7,0.7
24,DB,small,0.6–0.8,5,NA,0,0,0,NA,NA,NA,NA,0,NA,NA,0,NA,NA,0,NA,NA,NA,NA,NA,NA,NA,301_T3_JL_20250717,NA,1,NA,NA,NA,NA,1,0,Čerstvá výsadba DB,DCIM/context_n20250520141726551.jpg,DCIM/context_e20250520141719314.jpg,DCIM/context_s20250520141711081.jpg,DCIM/context_w20250520141704548.jpg,2025-05-20T14:15:22Z,15.7568992,49.78375605,DCIM/plot_e_20250520142434511.jpg,DCIM/plot_n_20250520142446275.jpg,TRUE,116,5,0.7,0.7
24,DB,small,0.6–0.8,4,NA,0,0,0,NA,NA,NA,NA,0,NA,NA,0,NA,NA,0,NA,NA,NA,NA,NA,NA,NA,301_T3_JL_20250717,NA,1,NA,NA,NA,NA,1,0,Čerstvá výsadba DB,DCIM/context_n20250520141726551.jpg,DCIM/context_e20250520141719314.jpg,DCIM/context_s20250520141711081.jpg,DCIM/context_w20250520141704548.jpg,2025-05-20T14:15:22Z,15.7568992,49.78375605,DCIM/plot_e_20250520142434511.jpg,DCIM/plot_n_20250520142446275.jpg,TRUE,116,5,0.7,0.7
24,DB,small,0.6–0.8,3,NA,0,0,0,NA,NA,NA,NA,0,NA,NA,0,NA,NA,0,NA,NA,NA,NA,NA,NA,NA,302_T3_JL_20250717,NA,1,NA,NA,NA,NA,1,0,Výsadba DB,DCIM/context_n20250520143256197.jpg,DCIM/context_e20250520143250300.jpg,DCIM/context_s20250520143243366.jpg,DCIM/context_w20250520143237320.jpg,2025-05-20T14:31:16Z,15.75661672,49.78389581,DCIM/plot_e_20250520143008712.jpg,DCIM/plot_n_20250520143017133.jpg,TRUE,116,5,0.7,0.7
24,DB,small,0.6–0.8,2,NA,0,0,0,NA,NA,NA,NA,0,NA,NA,0,NA,NA,0,NA,NA,NA,NA,NA,NA,NA,303_T3_JL_20250717,NA,1,NA,NA,NA,NA,1,0,Výsadba DB,DCIM/context_n20250520144652253.jpg,DCIM/context_e20250520144647443.jpg,DCIM/context_s20250520144642162.jpg,DCIM/context_w20250520144637040.jpg,2025-05-20T14:45:01Z,15.75663606,49.78378068,DCIM/plot_e_20250520144058872.jpg,DCIM/plot_n_20250520144107509.jpg,TRUE,116,5,0.7,0.7
18,SM,small,0.2–0.4,1,NA,1,1,100,1,olistení,NA,NA,0,0-20,NA,1,60-80,NA,0,NA,NA,NA,NA,NA,NA,Mráz,303_T3_JL_20250717,NA,1,NA,NA,NA,NA,1,0,Výsadba DB,DCIM/context_n20250520144652253.jpg,DCIM/context_e20250520144647443.jpg,DCIM/context_s20250520144642162.jpg,DCIM/context_w20250520144637040.jpg,2025-05-20T14:45:01Z,15.75663606,49.78378068,DCIM/plot_e_20250520144058872.jpg,DCIM/plot_n_20250520144107509.jpg,TRUE,116,5,0.3,0.3
10,BR,advanced,2–4,1,NA,0,0,0,NA,NA,NA,NA,0,NA,NA,0,NA,NA,0,NA,NA,NA,NA,NA,NA,NA,304_T2_AH_20250827,1,1,NA,NA,1,NA,NA,0,NA,DCIM/context_n20250604121135004.jpg,DCIM/context_e20250604121125012.jpg,DCIM/context_s20250604121117344.jpg,DCIM/context_w20250604121110895.jpg,2025-06-04T12:10:25Z,14.90090236,49.77160627,DCIM/plot_e_20250604120706908.jpg,DCIM/plot_n_20250604120722130.jpg,TRUE,33,5,3,3
19,BO,small,0.4–0.6,1,NA,0,0,0,NA,NA,NA,NA,0,NA,NA,0,NA,NA,0,NA,NA,NA,NA,NA,NA,NA,304_T2_AH_20250827,1,1,NA,NA,1,NA,NA,0,NA,DCIM/context_n20250604121135004.jpg,DCIM/context_e20250604121125012.jpg,DCIM/context_s20250604121117344.jpg,DCIM/context_w20250604121110895.jpg,2025-06-04T12:10:25Z,14.90090236,49.77160627,DCIM/plot_e_20250604120706908.jpg,DCIM/plot_n_20250604120722130.jpg,TRUE,33,5,0.5,0.5
1,JD,small,0.2–0.4,1,NA,0,0,0,NA,NA,NA,NA,0,NA,NA,0,NA,NA,0,NA,NA,NA,NA,NA,NA,NA,304_T2_AH_20250827,1,1,NA,NA,1,NA,NA,0,NA,DCIM/context_n20250604121135004.jpg,DCIM/context_e20250604121125012.jpg,DCIM/context_s20250604121117344.jpg,DCIM/context_w20250604121110895.jpg,2025-06-04T12:10:25Z,14.90090236,49.77160627,DCIM/plot_e_20250604120706908.jpg,DCIM/plot_n_20250604120722130.jpg,TRUE,33,5,0.3,0.3
24,DB,small,0.6–0.8,4,NA,0,0,0,NA,NA,NA,NA,0,NA,NA,0,NA,NA,0,NA,NA,NA,NA,NA,NA,NA,304_T3_JL_20250717,1,1,NA,NA,NA,NA,1,0,NA,DCIM/context_n20250520145722618.jpg,DCIM/context_e20250520145716870.jpg,DCIM/context_s20250520145712110.jpg,DCIM/context_w20250520145706228.jpg,2025-05-20T14:56:13Z,15.75635697,49.78379395,DCIM/plot_e_20250520145505355.jpg,DCIM/plot_n_20250520145514811.jpg,TRUE,116,5,0.7,0.7
18,SM,small,0.4–0.6,1,NA,0,0,0,NA,NA,NA,NA,0,NA,NA,0,NA,NA,0,NA,NA,NA,NA,NA,NA,NA,305_T2_AH_20250827,1,1,NA,NA,NA,NA,1,1,Nátěr,DCIM/context_n20250604132137051.jpg,DCIM/context_e20250604132129784.jpg,DCIM/context_s20250604132123185.jpg,DCIM/context_w20250604132114965.jpg,2025-06-04T13:20:01Z,14.96302861,49.82889959,DCIM/plot_e_20250604131847392.jpg,DCIM/plot_n_20250604131859840.jpg,TRUE,34,5,0.5,0.5
24,DB,small,0.4–0.6,1,NA,0,0,0,NA,NA,NA,NA,0,NA,NA,0,NA,NA,0,NA,NA,NA,NA,NA,NA,NA,305_T3_JL_20250717,NA,1,NA,NA,NA,NA,1,0,NA,DCIM/context_n20250520150540080.jpg,DCIM/context_e20250520150533396.jpg,DCIM/context_s20250520150526847.jpg,DCIM/context_w20250520150521098.jpg,2025-05-20T15:04:44Z,15.75661356,49.78360067,DCIM/plot_e_20250520150328415.jpg,DCIM/plot_n_20250520150335161.jpg,TRUE,116,5,0.5,0.5
18,SM,small,0.4–0.6,1,NA,1,0,0,1,olistení,NA,NA,0,NA,NA,0,NA,NA,0,NA,NA,NA,NA,NA,NA,Mráz,306_T2_AH_20250827,NA,1,NA,NA,NA,NA,1,1,Nátěr,DCIM/context_n20250604132858377.jpg,DCIM/context_e20250604132852312.jpg,DCIM/context_s20250604132846498.jpg,DCIM/context_w20250604132839756.jpg,2025-06-04T13:27:48Z,14.96300985,49.8287223,DCIM/plot_e_20250604132623589.jpg,DCIM/plot_n_20250604132631791.jpg,TRUE,34,5,0.5,0.5
18,SM,small,0.2–0.4,1,NA,0,0,0,NA,NA,NA,NA,0,NA,NA,0,NA,NA,0,NA,NA,NA,NA,NA,NA,NA,307_T2_AH_20250827,1,1,NA,NA,NA,NA,1,0,NA,DCIM/context_n20250604133412248.jpg,DCIM/context_e20250604133405497.jpg,DCIM/context_s20250604133354471.jpg,DCIM/context_w20250604133349226.jpg,2025-06-04T13:32:57Z,14.96273696,49.82873421,DCIM/plot_e_20250604133143356.jpg,DCIM/plot_n_20250604133151674.jpg,TRUE,34,5,0.3,0.3
10,BR,small,0.4–0.6,1,NA,1,1,100,1,kmen,NA,NA,0,NA,NA,0,NA,stare,1,mechanizace,80-100,NA,NA,NA,Ožnuto,NA,307_T3_JL_20250717,1,1,NA,NA,NA,NA,NA,0,Spadlá oplocenka,DCIM/context_n20250520152850246.jpg,DCIM/context_e20250520152842675.jpg,DCIM/context_s20250520152836647.jpg,DCIM/context_w20250520152831238.jpg,2025-05-20T15:27:42Z,15.75989589,49.78307375,DCIM/plot_e_20250520152505060.jpg,DCIM/plot_n_20250520152513929.jpg,TRUE,117,6,0.5,0.5
24,DB,advanced,2–4,1,NA,1,0,0,1,olistení,NA,NA,0,NA,NA,0,NA,NA,0,NA,NA,NA,NA,NA,NA,Mráz,308_T2_AH_20250827,1,1,NA,NA,NA,NA,1,1,Oplocenka,DCIM/context_n20250604134753469.jpg,DCIM/context_e20250604134746169.jpg,DCIM/context_s20250604134731482.jpg,DCIM/context_w20250604134724383.jpg,2025-06-04T13:46:38Z,14.96329042,49.8287102,DCIM/plot_e_20250604134049901.jpg,DCIM/plot_n_20250604134037892.jpg,TRUE,34,5,3,3
24,DB,small,1.3–2.0,1,NA,1,1,100,1,terminal,odumrety,NA,1,NA,NA,0,NA,NA,0,NA,NA,NA,NA,Suchý terminál,NA,NA,308_T2_AH_20250827,1,1,NA,NA,NA,NA,1,1,Oplocenka,DCIM/context_n20250604134753469.jpg,DCIM/context_e20250604134746169.jpg,DCIM/context_s20250604134731482.jpg,DCIM/context_w20250604134724383.jpg,2025-06-04T13:46:38Z,14.96329042,49.8287102,DCIM/plot_e_20250604134049901.jpg,DCIM/plot_n_20250604134037892.jpg,TRUE,34,5,1.7,1.7
18,SM,small,0.2–0.4,1,NA,0,0,0,NA,NA,NA,NA,0,NA,NA,0,NA,NA,0,NA,NA,NA,NA,NA,NA,NA,308_T2_AH_20250827,1,1,NA,NA,NA,NA,1,1,Oplocenka,DCIM/context_n20250604134753469.jpg,DCIM/context_e20250604134746169.jpg,DCIM/context_s20250604134731482.jpg,DCIM/context_w20250604134724383.jpg,2025-06-04T13:46:38Z,14.96329042,49.8287102,DCIM/plot_e_20250604134049901.jpg,DCIM/plot_n_20250604134037892.jpg,TRUE,34,5,0.3,0.3
24,DB,small,1.3–2.0,1,NA,0,0,0,NA,NA,NA,NA,0,NA,NA,0,NA,NA,0,NA,NA,NA,NA,NA,NA,NA,309_T2_AH_20250827,1,1,NA,NA,NA,NA,1,1,Oplocenka,DCIM/context_n20250604135416303.jpg,DCIM/context_e20250604135409469.jpg,DCIM/context_s20250604135345196.jpg,DCIM/context_w20250604135339203.jpg,2025-06-04T13:53:10Z,14.96299207,49.82854181,DCIM/plot_e_20250604135140595.jpg,DCIM/plot_n_20250604135150017.jpg,TRUE,34,5,1.7,1.7
7,OL,advanced,2–4,1,NA,0,0,0,NA,NA,NA,NA,0,NA,NA,0,NA,NA,0,NA,NA,NA,NA,NA,NA,NA,309_T3_JL_20250717,NA,1,NA,NA,NA,NA,NA,0,Spadlávoplocenka,DCIM/context_n20250520154756604.jpg,DCIM/context_e20250520154750970.jpg,DCIM/context_s20250520154746093.jpg,DCIM/context_w20250520154740981.jpg,2025-05-20T15:46:24Z,15.76014839,49.78288215,DCIM/plot_e_20250520154428771.jpg,DCIM/plot_n_20250520154436338.jpg,TRUE,117,6,3,3
18,SM,small,0.8–1.0,1,NA,1,0,0,1,olistení,NA,NA,0,NA,NA,0,NA,NA,0,NA,NA,NA,NA,NA,NA,Mráz,310_T2_AH_20250827,NA,1,NA,NA,NA,1,1,1,Nátěr,DCIM/context_n20250604143411682.jpg,DCIM/context_e20250604143359869.jpg,DCIM/context_s20250604143352618.jpg,DCIM/context_w20250604143341643.jpg,2025-06-04T14:32:25Z,14.93615465,49.84394993,DCIM/plot_e_20250604143107391.jpg,DCIM/plot_n_20250604143116694.jpg,TRUE,35,5,0.9,0.9
13,BK,small,0.4–0.6,1,NA,1,1,100,1,olistení,NA,NA,0,80-100,NA,1,80-100,NA,0,NA,NA,NA,NA,NA,NA,NA,310_T3_JL_20250717,NA,1,NA,NA,NA,NA,1,0,NA,DCIM/context_n20250520155417683.jpg,DCIM/context_e20250520155411785.jpg,DCIM/context_s20250520155405955.jpg,DCIM/context_w20250520155400699.jpg,2025-05-20T15:53:02Z,15.76044694,49.78304459,DCIM/plot_e_20250520155125052.jpg,DCIM/plot_n_20250520155132419.jpg,TRUE,117,6,0.5,0.5
18,SM,small,0.2–0.4,3,NA,0,0,0,NA,NA,NA,NA,0,NA,NA,0,NA,NA,0,NA,NA,NA,NA,NA,NA,NA,311_T2_AH_20250827,NA,1,NA,NA,NA,NA,1,1,Nátěr,DCIM/context_n20250604144048502.jpg,DCIM/context_e20250604144041166.jpg,DCIM/context_s20250604144034666.jpg,DCIM/context_w20250604144028589.jpg,2025-06-04T14:39:32Z,14.93587451,49.84396162,DCIM/plot_e_20250604143748735.jpg,DCIM/plot_n_20250604143758892.jpg,TRUE,35,5,0.3,0.3
18,SM,small,1.0–1.3,1,NA,1,1,100,1,olistení,NA,NA,0,0-20,NA,1,0-20,cerstve,1,zver,NA,NA,NA,NA,NA,Okus boční,311_T3_JL_20250717,1,1,NA,NA,NA,NA,1,1,NA,DCIM/context_n20250520160401586.jpg,DCIM/context_e20250520160356556.jpg,DCIM/context_s20250520160350624.jpg,DCIM/context_w20250520160345288.jpg,2025-05-20T16:03:08Z,15.76019081,49.78324079,DCIM/plot_e_20250520155841034.jpg,DCIM/plot_n_20250520155849804.jpg,TRUE,117,6,1.2,1.2
18,SM,small,0.4–0.6,2,NA,0,0,0,NA,NA,NA,NA,0,NA,NA,0,NA,NA,0,NA,NA,NA,NA,NA,NA,NA,312_T2_AH_20250827,NA,1,NA,NA,NA,NA,1,0,NA,DCIM/context_n20250604144907564.jpg,DCIM/context_e20250604144900965.jpg,DCIM/context_s20250604144854768.jpg,DCIM/context_w20250604144846639.jpg,2025-06-04T14:48:09Z,14.93559894,49.84397121,DCIM/plot_e_20250604144625192.jpg,DCIM/plot_n_20250604144640479.jpg,TRUE,35,5,0.5,0.5
18,SM,advanced,>4,1,NA,0,0,0,NA,NA,NA,NA,0,NA,NA,0,NA,NA,0,NA,NA,NA,NA,NA,NA,NA,312_T3_JL_20250717,NA,1,NA,NA,NA,NA,1,1,NA,DCIM/context_n20250520163758310.jpg,DCIM/context_e20250520163750874.jpg,DCIM/context_s20250520163743505.jpg,DCIM/context_w20250520163735944.jpg,2025-05-20T16:36:28Z,15.75278117,49.78415598,DCIM/plot_e_20250520162735947.jpg,DCIM/plot_n_20250520162800103.jpg,TRUE,118,5,5,5
18,SM,small,1.3–2.0,6,NA,0,0,0,NA,NA,NA,NA,0,NA,NA,0,NA,NA,0,NA,NA,NA,NA,NA,NA,NA,312_T3_JL_20250717,NA,1,NA,NA,NA,NA,1,1,NA,DCIM/context_n20250520163758310.jpg,DCIM/context_e20250520163750874.jpg,DCIM/context_s20250520163743505.jpg,DCIM/context_w20250520163735944.jpg,2025-05-20T16:36:28Z,15.75278117,49.78415598,DCIM/plot_e_20250520162735947.jpg,DCIM/plot_n_20250520162800103.jpg,TRUE,118,5,1.7,1.7
13,BK,small,1.3–2.0,1,NA,1,1,100,1,olistení,NA,NA,0,0-20,NA,1,40-60,NA,0,NA,NA,NA,NA,NA,NA,Mráz,312_T3_JL_20250717,NA,1,NA,NA,NA,NA,1,1,NA,DCIM/context_n20250520163758310.jpg,DCIM/context_e20250520163750874.jpg,DCIM/context_s20250520163743505.jpg,DCIM/context_w20250520163735944.jpg,2025-05-20T16:36:28Z,15.75278117,49.78415598,DCIM/plot_e_20250520162735947.jpg,DCIM/plot_n_20250520162800103.jpg,TRUE,118,5,1.7,1.7
18,SM,small,0.2–0.4,1,NA,0,0,0,NA,NA,NA,NA,0,NA,NA,0,NA,NA,0,NA,NA,NA,NA,NA,NA,NA,313_T2_AH_20250827,NA,1,NA,NA,NA,NA,1,0,NA,DCIM/context_n20250604145704225.jpg,DCIM/context_e20250604145656974.jpg,DCIM/context_s20250604145649040.jpg,DCIM/context_w20250604145642473.jpg,2025-06-04T14:56:05Z,14.93589467,49.84413947,DCIM/plot_e_20250604145438290.jpg,DCIM/plot_n_20250604145445959.jpg,TRUE,35,5,0.3,0.3
24,DB,small,0.4–0.6,2,NA,0,0,0,NA,NA,NA,NA,0,NA,NA,0,NA,NA,0,NA,NA,NA,NA,NA,NA,NA,313_T3_JL_20250717,NA,1,NA,1,NA,NA,1,0,NA,DCIM/context_n20250520164456593.jpg,DCIM/context_e20250520164451263.jpg,DCIM/context_s20250520164445616.jpg,DCIM/context_w20250520164439536.jpg,2025-05-20T16:44:06Z,15.75305646,49.78414103,DCIM/plot_e_20250520164251177.jpg,DCIM/plot_n_20250520164300381.jpg,TRUE,118,5,0.5,0.5
24,DB,small,0.6–0.8,2,NA,0,0,0,NA,NA,NA,NA,0,NA,NA,0,NA,NA,0,NA,NA,NA,NA,NA,NA,NA,314_T3_JL_20250717,NA,1,NA,1,NA,NA,1,0,NA,DCIM/context_n20250520165027387.jpg,DCIM/context_e20250520165022576.jpg,DCIM/context_s20250520165016914.jpg,DCIM/context_w20250520165010898.jpg,2025-05-20T16:49:38Z,15.75307755,49.784320460000004,DCIM/plot_e_20250520164815487.jpg,DCIM/plot_n_20250520164825414.jpg,TRUE,118,5,0.7,0.7
18,SM,advanced,>4,3,NA,1,1,33.33333333333333,1,olistení,NA,NA,0,80-100,NA,1,80-100,NA,0,NA,NA,NA,NA,NA,NA,Souše,315_T3_JL_20250717,NA,NA,NA,NA,NA,1,NA,0,NA,DCIM/context_n20250520170421724.jpg,DCIM/context_e20250520170414338.jpg,DCIM/context_s20250520170405903.jpg,DCIM/context_w20250520170400597.jpg,2025-05-20T17:03:19Z,15.75334149,49.78413891,DCIM/plot_e_20250520165707765.jpg,DCIM/plot_n_20250520165716768.jpg,TRUE,118,5,5,5
18,SM,small,1.3–2.0,3,NA,1,3,100,1,olistení,NA,NA,0,80-100,2,3,80-100,NA,0,NA,NA,NA,NA,NA,NA,NA,315_T3_JL_20250717,NA,NA,NA,NA,NA,1,NA,0,NA,DCIM/context_n20250520170421724.jpg,DCIM/context_e20250520170414338.jpg,DCIM/context_s20250520170405903.jpg,DCIM/context_w20250520170400597.jpg,2025-05-20T17:03:19Z,15.75334149,49.78413891,DCIM/plot_e_20250520165707765.jpg,DCIM/plot_n_20250520165716768.jpg,TRUE,118,5,1.7,1.7
13,BK,small,0.6–0.8,1,NA,0,0,0,NA,NA,NA,NA,0,NA,NA,0,NA,NA,0,NA,NA,NA,NA,NA,NA,NA,316_T2_AH_20250827,NA,1,NA,NA,NA,NA,1,1,Oplocenka,DCIM/context_n20250623083755941.jpg,DCIM/context_e20250623083750629.jpg,DCIM/context_s20250623083744999.jpg,DCIM/context_w20250623083739223.jpg,2025-06-23T08:36:15Z,15.71557576,49.16708946,DCIM/plot_e_20250623083423295.jpg,DCIM/plot_n_20250623083432317.jpg,TRUE,36,5,0.7,0.7
33,LP,small,0.8–1.0,1,NA,0,0,0,NA,NA,NA,NA,0,NA,NA,0,NA,NA,0,NA,NA,NA,NA,NA,NA,NA,316_T2_AH_20250827,NA,1,NA,NA,NA,NA,1,1,Oplocenka,DCIM/context_n20250623083755941.jpg,DCIM/context_e20250623083750629.jpg,DCIM/context_s20250623083744999.jpg,DCIM/context_w20250623083739223.jpg,2025-06-23T08:36:15Z,15.71557576,49.16708946,DCIM/plot_e_20250623083423295.jpg,DCIM/plot_n_20250623083432317.jpg,TRUE,36,5,0.9,0.9
33,LP,small,0.8–1.0,2,NA,0,0,0,NA,NA,NA,NA,0,NA,NA,0,NA,NA,0,NA,NA,NA,NA,NA,NA,NA,317_T2_AH_20250827,NA,1,NA,NA,1,NA,1,1,Oplocenka,DCIM/context_n20250623084213275.jpg,DCIM/context_e20250623084206243.jpg,DCIM/context_s20250623084159442.jpg,DCIM/context_w20250623084153462.jpg,2025-06-23T08:41:22Z,15.71530983,49.16710194,DCIM/plot_e_20250623083955479.jpg,DCIM/plot_n_20250623084002761.jpg,TRUE,36,5,0.9,0.9
13,BK,small,0.6–0.8,1,NA,0,0,0,NA,NA,NA,NA,0,NA,NA,0,NA,NA,0,NA,NA,NA,NA,NA,NA,NA,317_T2_AH_20250827,NA,1,NA,NA,1,NA,1,1,Oplocenka,DCIM/context_n20250623084213275.jpg,DCIM/context_e20250623084206243.jpg,DCIM/context_s20250623084159442.jpg,DCIM/context_w20250623084153462.jpg,2025-06-23T08:41:22Z,15.71530983,49.16710194,DCIM/plot_e_20250623083955479.jpg,DCIM/plot_n_20250623084002761.jpg,TRUE,36,5,0.7,0.7
33,LP,small,0.8–1.0,2,NA,0,0,0,NA,NA,NA,NA,0,NA,NA,0,NA,NA,0,NA,NA,NA,NA,NA,NA,NA,318_T2_AH_20250827,NA,1,NA,NA,NA,NA,1,1,Oplocenka,DCIM/context_n20250623084931142.jpg,DCIM/context_e20250623084924510.jpg,DCIM/context_s20250623084918947.jpg,DCIM/context_w20250623084912030.jpg,2025-06-23T08:48:49Z,15.71585659,49.16707257,DCIM/plot_e_20250623084706227.jpg,DCIM/plot_n_20250623084727412.jpg,TRUE,36,5,0.9,0.9
13,BK,small,0.4–0.6,2,NA,0,0,0,NA,NA,NA,NA,0,NA,NA,0,NA,NA,0,NA,NA,NA,NA,NA,NA,NA,318_T2_AH_20250827,NA,1,NA,NA,NA,NA,1,1,Oplocenka,DCIM/context_n20250623084931142.jpg,DCIM/context_e20250623084924510.jpg,DCIM/context_s20250623084918947.jpg,DCIM/context_w20250623084912030.jpg,2025-06-23T08:48:49Z,15.71585659,49.16707257,DCIM/plot_e_20250623084706227.jpg,DCIM/plot_n_20250623084727412.jpg,TRUE,36,5,0.5,0.5
1,JD,small,0.8–1.0,17,NA,0,0,0,NA,NA,NA,NA,0,NA,NA,0,NA,NA,0,NA,NA,NA,NA,NA,NA,NA,318_T3_JL_20250717,NA,1,NA,NA,1,NA,NA,1,Oplocenka,DCIM/context_n20250709081834030.jpg,DCIM/context_e20250709081826400.jpg,DCIM/context_s20250709081819412.jpg,DCIM/context_w20250709081812949.jpg,2025-07-09T08:17:00Z,16.21552149,49.25500537,DCIM/plot_e_20250709081209844.jpg,DCIM/plot_n_20250709081220986.jpg,TRUE,48,6,0.9,0.9
17,MD,small,1.3–2.0,5,NA,1,3,60,2,terminal,odumrety,2,3,NA,NA,0,NA,NA,0,NA,NA,NA,NA,NA,NA,NA,318_T3_JL_20250717,NA,1,NA,NA,1,NA,NA,1,Oplocenka,DCIM/context_n20250709081834030.jpg,DCIM/context_e20250709081826400.jpg,DCIM/context_s20250709081819412.jpg,DCIM/context_w20250709081812949.jpg,2025-07-09T08:17:00Z,16.21552149,49.25500537,DCIM/plot_e_20250709081209844.jpg,DCIM/plot_n_20250709081220986.jpg,TRUE,48,6,1.7,1.7
18,SM,small,0.4–0.6,3,NA,0,0,0,NA,NA,NA,NA,0,NA,NA,0,NA,NA,0,NA,NA,NA,NA,NA,NA,NA,318_T3_JL_20250717,NA,1,NA,NA,1,NA,NA,1,Oplocenka,DCIM/context_n20250709081834030.jpg,DCIM/context_e20250709081826400.jpg,DCIM/context_s20250709081819412.jpg,DCIM/context_w20250709081812949.jpg,2025-07-09T08:17:00Z,16.21552149,49.25500537,DCIM/plot_e_20250709081209844.jpg,DCIM/plot_n_20250709081220986.jpg,TRUE,48,6,0.5,0.5
24,DB,small,0.2–0.4,1,NA,0,0,0,NA,NA,NA,NA,0,NA,NA,0,NA,NA,0,NA,NA,NA,NA,NA,NA,NA,318_T3_JL_20250717,NA,1,NA,NA,1,NA,NA,1,Oplocenka,DCIM/context_n20250709081834030.jpg,DCIM/context_e20250709081826400.jpg,DCIM/context_s20250709081819412.jpg,DCIM/context_w20250709081812949.jpg,2025-07-09T08:17:00Z,16.21552149,49.25500537,DCIM/plot_e_20250709081209844.jpg,DCIM/plot_n_20250709081220986.jpg,TRUE,48,6,0.3,0.3
13,BK,small,1.0–1.3,1,NA,0,0,0,NA,NA,NA,NA,0,NA,NA,0,NA,NA,0,NA,NA,NA,NA,NA,NA,NA,319_T2_AH_20250827,1,1,NA,NA,NA,NA,1,1,Oplocenka,DCIM/context_n20250623085430413.jpg,DCIM/context_e20250623085422138.jpg,DCIM/context_s20250623085414957.jpg,DCIM/context_w20250623085408929.jpg,2025-06-23T08:53:38Z,15.71555333,49.16690949,DCIM/plot_e_20250623085235150.jpg,DCIM/plot_n_20250623085244439.jpg,TRUE,36,5,1.2,1.2
19,BO,small,0.4–0.6,1,NA,0,0,0,NA,NA,NA,NA,0,NA,NA,0,NA,NA,0,NA,NA,NA,NA,NA,NA,NA,319_T3_JL_20250717,NA,NA,NA,NA,0,NA,1,0,NA,DCIM/context_n20250709083703138.jpg,DCIM/context_e20250709083655438.jpg,DCIM/context_s20250709083648004.jpg,DCIM/context_w20250709083641140.jpg,2025-07-09T08:35:13Z,16.21549155,49.2548259,DCIM/plot_e_20250709082704106.jpg,DCIM/plot_n_20250709082721628.jpg,TRUE,48,6,0.5,0.5
24,DB,small,0.4–0.6,1,NA,1,1,100,1,olistení,NA,NA,0,0-20,0,1,0-20,NA,0,NA,NA,NA,NA,NA,NA,T3319ODB4,319_T3_JL_20250717,NA,NA,NA,NA,0,NA,1,0,NA,DCIM/context_n20250709083703138.jpg,DCIM/context_e20250709083655438.jpg,DCIM/context_s20250709083648004.jpg,DCIM/context_w20250709083641140.jpg,2025-07-09T08:35:13Z,16.21549155,49.2548259,DCIM/plot_e_20250709082704106.jpg,DCIM/plot_n_20250709082721628.jpg,TRUE,48,6,0.5,0.5
30,JR,small,0.6–0.8,1,NA,0,0,0,NA,NA,NA,NA,0,NA,NA,0,NA,NA,0,NA,NA,NA,NA,NA,NA,NA,319_T3_JL_20250717,NA,NA,NA,NA,0,NA,1,0,NA,DCIM/context_n20250709083703138.jpg,DCIM/context_e20250709083655438.jpg,DCIM/context_s20250709083648004.jpg,DCIM/context_w20250709083641140.jpg,2025-07-09T08:35:13Z,16.21549155,49.2548259,DCIM/plot_e_20250709082704106.jpg,DCIM/plot_n_20250709082721628.jpg,TRUE,48,6,0.7,0.7
18,SM,small,1.0–1.3,1,NA,0,0,0,NA,NA,NA,NA,0,NA,NA,0,NA,NA,0,NA,NA,NA,NA,NA,NA,NA,320_T2_AH_20250827,1,1,NA,NA,1,NA,1,0,NA,DCIM/context_n20250623091039185.jpg,DCIM/context_e20250623091033252.jpg,DCIM/context_s20250623091028123.jpg,DCIM/context_w20250623091022813.jpg,2025-06-23T09:09:34Z,15.71232699,49.16526722,DCIM/plot_e_20250623090728440.jpg,DCIM/plot_n_20250623090713905.jpg,TRUE,37,5,1.2,1.2
4,KL,small,0.6–0.8,10,NA,0,0,0,NA,NA,NA,NA,0,NA,NA,0,NA,NA,0,NA,NA,NA,NA,NA,NA,NA,320_T2_AH_20250827,1,1,NA,NA,1,NA,1,0,NA,DCIM/context_n20250623091039185.jpg,DCIM/context_e20250623091033252.jpg,DCIM/context_s20250623091028123.jpg,DCIM/context_w20250623091022813.jpg,2025-06-23T09:09:34Z,15.71232699,49.16526722,DCIM/plot_e_20250623090728440.jpg,DCIM/plot_n_20250623090713905.jpg,TRUE,37,5,0.7,0.7
27,JIV,small,1.3–2.0,3,NA,0,0,0,NA,NA,NA,NA,0,NA,NA,0,NA,NA,0,NA,NA,NA,NA,NA,NA,NA,320_T3_JL_20250717,NA,NA,1,NA,NA,NA,0,1,Oplocenka,DCIM/context_n20250709085739692.jpg,DCIM/context_e20250709085728931.jpg,DCIM/context_s20250709085719310.jpg,DCIM/context_w20250709085713360.jpg,2025-07-09T08:55:40Z,16.22477757,49.25412003,DCIM/plot_e_20250709085337740.jpg,DCIM/plot_n_20250709085346864.jpg,TRUE,49,5,1.7,1.7
1,JD,small,0.2–0.4,1,NA,0,0,0,NA,NA,NA,NA,0,NA,NA,0,NA,NA,0,NA,NA,NA,NA,NA,NA,NA,320_T3_JL_20250717,NA,NA,1,NA,NA,NA,0,1,Oplocenka,DCIM/context_n20250709085739692.jpg,DCIM/context_e20250709085728931.jpg,DCIM/context_s20250709085719310.jpg,DCIM/context_w20250709085713360.jpg,2025-07-09T08:55:40Z,16.22477757,49.25412003,DCIM/plot_e_20250709085337740.jpg,DCIM/plot_n_20250709085346864.jpg,TRUE,49,5,0.3,0.3
18,SM,small,1.3–2.0,2,NA,0,0,0,NA,NA,NA,NA,0,NA,NA,0,NA,NA,0,NA,NA,NA,NA,NA,NA,NA,321_T2_AH_20250827,NA,1,NA,NA,NA,NA,1,0,NA,DCIM/context_n20250623091901003.jpg,DCIM/context_e20250623091855039.jpg,DCIM/context_s20250623091845015.jpg,DCIM/context_w20250623091838032.jpg,2025-06-23T09:18:13Z,15.71263687,49.16543625,DCIM/plot_e_20250623091549593.jpg,DCIM/plot_n_20250623091605467.jpg,TRUE,37,5,1.7,1.7
3,JV,small,0.2–0.4,1,NA,0,0,0,NA,NA,NA,NA,0,NA,NA,0,NA,NA,0,NA,NA,NA,NA,NA,NA,NA,321_T2_AH_20250827,NA,1,NA,NA,NA,NA,1,0,NA,DCIM/context_n20250623091901003.jpg,DCIM/context_e20250623091855039.jpg,DCIM/context_s20250623091845015.jpg,DCIM/context_w20250623091838032.jpg,2025-06-23T09:18:13Z,15.71263687,49.16543625,DCIM/plot_e_20250623091549593.jpg,DCIM/plot_n_20250623091605467.jpg,TRUE,37,5,0.3,0.3
18,SM,small,1.0–1.3,1,NA,0,0,0,NA,NA,NA,NA,0,NA,NA,0,NA,NA,0,NA,NA,NA,NA,NA,NA,NA,322_T2_AH_20250827,1,1,NA,NA,NA,NA,1,0,NA,DCIM/context_n20250623092526378.jpg,DCIM/context_e20250623092520899.jpg,DCIM/context_s20250623092514869.jpg,DCIM/context_w20250623092507808.jpg,2025-06-23T09:24:45Z,15.71261507,49.16525575,DCIM/plot_e_20250623092137697.jpg,DCIM/plot_n_20250623092147335.jpg,TRUE,37,5,1.2,1.2
20,OS,small,0.6–0.8,1,NA,0,0,0,NA,NA,NA,NA,0,NA,NA,0,NA,NA,0,NA,NA,NA,NA,NA,NA,NA,322_T2_AH_20250827,1,1,NA,NA,NA,NA,1,0,NA,DCIM/context_n20250623092526378.jpg,DCIM/context_e20250623092520899.jpg,DCIM/context_s20250623092514869.jpg,DCIM/context_w20250623092507808.jpg,2025-06-23T09:24:45Z,15.71261507,49.16525575,DCIM/plot_e_20250623092137697.jpg,DCIM/plot_n_20250623092147335.jpg,TRUE,37,5,0.7,0.7
3,JV,small,0.2–0.4,2,NA,0,0,0,NA,NA,NA,NA,0,NA,NA,0,NA,NA,0,NA,NA,NA,NA,NA,NA,NA,322_T2_AH_20250827,1,1,NA,NA,NA,NA,1,0,NA,DCIM/context_n20250623092526378.jpg,DCIM/context_e20250623092520899.jpg,DCIM/context_s20250623092514869.jpg,DCIM/context_w20250623092507808.jpg,2025-06-23T09:24:45Z,15.71261507,49.16525575,DCIM/plot_e_20250623092137697.jpg,DCIM/plot_n_20250623092147335.jpg,TRUE,37,5,0.3,0.3
30,JR,small,0.2–0.4,1,NA,0,0,0,NA,NA,NA,NA,0,NA,NA,0,NA,NA,0,NA,NA,NA,NA,NA,NA,NA,322_T2_AH_20250827,1,1,NA,NA,NA,NA,1,0,NA,DCIM/context_n20250623092526378.jpg,DCIM/context_e20250623092520899.jpg,DCIM/context_s20250623092514869.jpg,DCIM/context_w20250623092507808.jpg,2025-06-23T09:24:45Z,15.71261507,49.16525575,DCIM/plot_e_20250623092137697.jpg,DCIM/plot_n_20250623092147335.jpg,TRUE,37,5,0.3,0.3
18,SM,small,1.3–2.0,2,NA,0,0,0,NA,NA,NA,NA,0,NA,NA,0,NA,NA,0,NA,NA,NA,NA,NA,NA,NA,323_T2_AH_20250827,NA,1,NA,NA,1,NA,1,0,NA,DCIM/context_n20250623093035688.jpg,DCIM/context_e20250623093027068.jpg,DCIM/context_s20250623093021137.jpg,DCIM/context_w20250623093015606.jpg,2025-06-23T09:29:51Z,15.71259103,49.16507617,DCIM/plot_e_20250623092836986.jpg,DCIM/plot_n_20250623092845505.jpg,TRUE,37,5,1.7,1.7
24,DB,advanced,2–4,3,NA,0,0,0,NA,NA,NA,NA,0,NA,NA,0,NA,NA,0,NA,NA,NA,NA,NA,NA,NA,323_T3_JL_20250717,NA,1,NA,NA,NA,NA,1,0,NA,DCIM/context_n20250709110804176.jpg,DCIM/context_e20250709110749589.jpg,DCIM/context_s20250709110741873.jpg,DCIM/context_w20250709110732468.jpg,2025-07-09T11:06:47Z,15.93626229,49.0349336,DCIM/plot_e_20250709110335148.jpg,DCIM/plot_n_20250709110344928.jpg,TRUE,119,5,3,3
27,JIV,advanced,2–4,1,NA,0,0,0,NA,NA,NA,NA,0,NA,NA,0,NA,NA,0,NA,NA,NA,NA,NA,NA,NA,323_T3_JL_20250717,NA,1,NA,NA,NA,NA,1,0,NA,DCIM/context_n20250709110804176.jpg,DCIM/context_e20250709110749589.jpg,DCIM/context_s20250709110741873.jpg,DCIM/context_w20250709110732468.jpg,2025-07-09T11:06:47Z,15.93626229,49.0349336,DCIM/plot_e_20250709110335148.jpg,DCIM/plot_n_20250709110344928.jpg,TRUE,119,5,3,3
24,DB,small,1.3–2.0,1,NA,0,0,0,NA,NA,NA,NA,0,NA,NA,0,NA,NA,0,NA,NA,NA,NA,NA,NA,NA,323_T3_JL_20250717,NA,1,NA,NA,NA,NA,1,0,NA,DCIM/context_n20250709110804176.jpg,DCIM/context_e20250709110749589.jpg,DCIM/context_s20250709110741873.jpg,DCIM/context_w20250709110732468.jpg,2025-07-09T11:06:47Z,15.93626229,49.0349336,DCIM/plot_e_20250709110335148.jpg,DCIM/plot_n_20250709110344928.jpg,TRUE,119,5,1.7,1.7
18,SM,small,1.3–2.0,2,NA,0,0,0,NA,NA,NA,NA,0,NA,NA,0,NA,NA,0,NA,NA,NA,NA,NA,NA,NA,324_T2_AH_20250827,NA,1,NA,NA,NA,NA,1,0,NA,DCIM/context_n20250623093744934.jpg,DCIM/context_e20250623093737182.jpg,DCIM/context_s20250623093731320.jpg,DCIM/context_w20250623093723936.jpg,2025-06-23T09:36:55Z,15.71288285,49.16524317,DCIM/plot_e_20250623093434610.jpg,DCIM/plot_n_20250623093444385.jpg,TRUE,37,5,1.7,1.7
17,MD,small,0.4–0.6,1,NA,0,0,0,NA,NA,NA,NA,0,NA,NA,0,NA,NA,0,NA,NA,NA,NA,NA,NA,NA,324_T2_AH_20250827,NA,1,NA,NA,NA,NA,1,0,NA,DCIM/context_n20250623093744934.jpg,DCIM/context_e20250623093737182.jpg,DCIM/context_s20250623093731320.jpg,DCIM/context_w20250623093723936.jpg,2025-06-23T09:36:55Z,15.71288285,49.16524317,DCIM/plot_e_20250623093434610.jpg,DCIM/plot_n_20250623093444385.jpg,TRUE,37,5,0.5,0.5
4,KL,small,0.4–0.6,2,NA,0,0,0,NA,NA,NA,NA,0,NA,NA,0,NA,NA,0,NA,NA,NA,NA,NA,NA,NA,324_T2_AH_20250827,NA,1,NA,NA,NA,NA,1,0,NA,DCIM/context_n20250623093744934.jpg,DCIM/context_e20250623093737182.jpg,DCIM/context_s20250623093731320.jpg,DCIM/context_w20250623093723936.jpg,2025-06-23T09:36:55Z,15.71288285,49.16524317,DCIM/plot_e_20250623093434610.jpg,DCIM/plot_n_20250623093444385.jpg,TRUE,37,5,0.5,0.5
24,DB,advanced,2–4,2,NA,0,0,0,NA,NA,NA,NA,0,NA,NA,0,NA,NA,0,NA,NA,NA,NA,NA,NA,NA,324_T3_JL_20250717,NA,NA,NA,NA,NA,NA,NA,0,NA,DCIM/context_n20250709111407347.jpg,DCIM/context_e20250709111359061.jpg,DCIM/context_s20250709111350991.jpg,DCIM/context_w20250709111344140.jpg,2025-07-09T11:13:17Z,15.93621782,49.03476424,DCIM/plot_e_20250709111044177.jpg,DCIM/plot_n_20250709111050374.jpg,TRUE,119,5,3,3
24,DB,small,1.3–2.0,2,NA,0,0,0,NA,NA,NA,NA,0,NA,NA,0,NA,NA,0,NA,NA,NA,NA,NA,NA,NA,324_T3_JL_20250717,NA,NA,NA,NA,NA,NA,NA,0,NA,DCIM/context_n20250709111407347.jpg,DCIM/context_e20250709111359061.jpg,DCIM/context_s20250709111350991.jpg,DCIM/context_w20250709111344140.jpg,2025-07-09T11:13:17Z,15.93621782,49.03476424,DCIM/plot_e_20250709111044177.jpg,DCIM/plot_n_20250709111050374.jpg,TRUE,119,5,1.7,1.7
20,OS,small,0.2–0.4,2,NA,0,0,0,NA,NA,NA,NA,0,NA,NA,0,NA,NA,0,NA,NA,NA,NA,NA,NA,NA,325_T2_AH_20250827,NA,NA,NA,1,1,1,NA,0,NA,DCIM/context_n20250623102249229.jpg,DCIM/context_e20250623102242916.jpg,DCIM/context_s20250623102228247.jpg,DCIM/context_w20250623102222953.jpg,2025-06-23T10:21:55Z,15.70512808,49.21435412,DCIM/plot_e_20250623102047836.jpg,DCIM/plot_n_20250623102056089.jpg,TRUE,38,5,0.3,0.3
24,DB,advanced,2–4,3,NA,1,2,66.66666666666666,2,olistení,NA,NA,0,0-20,1,2,0-20,NA,0,NA,NA,NA,NA,NA,NA,T3325PDB4,325_T3_JL_20250717,NA,1,NA,NA,NA,NA,1,0,NA,DCIM/context_n20250709112143374.jpg,DCIM/context_e20250709112135572.jpg,DCIM/context_s20250709112126285.jpg,DCIM/context_w20250709112120169.jpg,2025-07-09T11:20:40Z,15.93595748,49.03481739,DCIM/plot_e_20250709111630423.jpg,DCIM/plot_n_20250709111648215.jpg,TRUE,119,5,3,3
20,OS,small,1.3–2.0,1,NA,0,0,0,NA,NA,NA,NA,0,NA,NA,0,NA,NA,0,NA,NA,NA,NA,NA,NA,NA,325_T3_JL_20250717,NA,1,NA,NA,NA,NA,1,0,NA,DCIM/context_n20250709112143374.jpg,DCIM/context_e20250709112135572.jpg,DCIM/context_s20250709112126285.jpg,DCIM/context_w20250709112120169.jpg,2025-07-09T11:20:40Z,15.93595748,49.03481739,DCIM/plot_e_20250709111630423.jpg,DCIM/plot_n_20250709111648215.jpg,TRUE,119,5,1.7,1.7
24,DB,advanced,2–4,3,NA,1,1,33.33333333333333,2,olistení,NA,NA,0,0-20,NA,1,0-20,NA,0,NA,NA,NA,NA,NA,NA,NA,326_T3_JL_20250717,NA,1,NA,NA,NA,NA,1,0,Staré poškození mrazem,DCIM/context_n20250709113144436.jpg,DCIM/context_e20250709113136349.jpg,DCIM/context_s20250709113126927.jpg,DCIM/context_w20250709113120795.jpg,2025-07-09T11:29:26Z,15.93608602,49.03459287,DCIM/plot_e_20250709112740080.jpg,DCIM/plot_n_20250709112752411.jpg,TRUE,119,5,3,3
20,OS,small,0.4–0.6,1,NA,0,0,0,NA,NA,NA,NA,0,NA,NA,0,NA,NA,0,NA,NA,NA,NA,NA,NA,NA,327_T2_AH_20250827,NA,1,NA,NA,1,NA,NA,0,NA,DCIM/context_n20250623103427372.jpg,DCIM/context_e20250623103408643.jpg,DCIM/context_s20250623103401560.jpg,DCIM/context_w20250623103355680.jpg,2025-06-23T10:33:34Z,15.70513406,49.21450532,DCIM/plot_e_20250623103245075.jpg,DCIM/plot_n_20250623103253413.jpg,TRUE,38,5,0.5,0.5
24,DB,small,1.3–2.0,1,NA,0,0,0,NA,NA,NA,NA,0,NA,NA,0,NA,NA,0,NA,NA,NA,NA,NA,NA,NA,327_T3_JL_20250717,NA,1,NA,NA,NA,NA,1,0,NA,DCIM/context_n20250709113740357.jpg,DCIM/context_e20250709113734024.jpg,DCIM/context_s20250709113727573.jpg,DCIM/context_w20250709113722578.jpg,2025-07-09T11:36:58Z,15.93650912,49.03476569,DCIM/plot_e_20250709113548987.jpg,DCIM/plot_n_20250709113558209.jpg,TRUE,119,5,1.7,1.7
18,SM,small,0.4–0.6,1,NA,0,0,0,NA,NA,NA,NA,0,NA,NA,0,NA,NA,0,NA,NA,NA,NA,NA,NA,NA,328_T2_AH_20250827,NA,1,NA,NA,1,NA,1,0,NA,DCIM/context_n20250623103931920.jpg,DCIM/context_e20250623103921293.jpg,DCIM/context_s20250623103915546.jpg,DCIM/context_w20250623103907728.jpg,2025-06-23T10:38:45Z,15.70486345,49.21451683,DCIM/plot_e_20250623103810238.jpg,DCIM/plot_n_20250623103818258.jpg,TRUE,38,5,0.5,0.5
24,DB,small,1.0–1.3,4,NA,1,2,50,1,olistení,NA,NA,0,0-20,1,2,0-20,NA,0,NA,NA,NA,NA,NA,NA,T3328ODB4,328_T3_JL_20250717,NA,1,NA,NA,NA,NA,1,1,Oplocenka,DCIM/context_n20250709114937325.jpg,DCIM/context_e20250709114928989.jpg,DCIM/context_s20250709114922690.jpg,DCIM/context_w20250709114916189.jpg,2025-07-09T11:48:51Z,15.94150442,49.03430892,DCIM/plot_e_20250709114529865.jpg,DCIM/plot_n_20250709114537415.jpg,TRUE,120,5,1.2,1.2
18,SM,small,1.0–1.3,2,NA,0,0,0,NA,NA,NA,NA,0,NA,NA,0,NA,NA,0,NA,NA,NA,NA,NA,NA,NA,329_T2_AH_20250827,NA,1,NA,NA,1,NA,1,0,NA,DCIM/context_n20250623104732538.jpg,DCIM/context_e20250623104722432.jpg,DCIM/context_s20250623104712159.jpg,DCIM/context_w20250623104703004.jpg,2025-06-23T10:46:10Z,15.70515826,49.21468226,DCIM/plot_e_20250623104513122.jpg,DCIM/plot_n_20250623104530680.jpg,TRUE,38,5,1.2,1.2
24,DB,small,0.4–0.6,1,NA,0,0,0,NA,NA,NA,NA,0,NA,NA,0,NA,NA,0,NA,NA,NA,NA,NA,NA,NA,329_T3_JL_20250717,NA,1,NA,NA,NA,NA,1,1,Oplocenka,DCIM/context_n20250709115601546.jpg,DCIM/context_e20250709115555382.jpg,DCIM/context_s20250709115549084.jpg,DCIM/context_w20250709115544139.jpg,2025-07-09T11:55:07Z,15.9416657,49.03446348,DCIM/plot_e_20250709115408226.jpg,DCIM/plot_n_20250709115416127.jpg,TRUE,120,5,0.5,0.5
19,BO,small,0.2–0.4,1,NA,0,0,0,NA,NA,NA,NA,0,NA,NA,0,NA,NA,0,NA,NA,NA,NA,NA,NA,NA,329_T3_JL_20250717,NA,1,NA,NA,NA,NA,1,1,Oplocenka,DCIM/context_n20250709115601546.jpg,DCIM/context_e20250709115555382.jpg,DCIM/context_s20250709115549084.jpg,DCIM/context_w20250709115544139.jpg,2025-07-09T11:55:07Z,15.9416657,49.03446348,DCIM/plot_e_20250709115408226.jpg,DCIM/plot_n_20250709115416127.jpg,TRUE,120,5,0.3,0.3
18,SM,advanced,2–4,1,NA,0,0,0,NA,NA,NA,NA,0,NA,NA,0,NA,NA,0,NA,NA,NA,NA,NA,NA,NA,330_T2_AH_20250827,NA,1,NA,NA,1,NA,1,0,NA,DCIM/context_n20250623110903701.jpg,DCIM/context_e20250623110853762.jpg,DCIM/context_s20250623110847328.jpg,DCIM/context_w20250623110817707.jpg,2025-06-23T11:07:38Z,15.70138444,49.21776014,DCIM/plot_e_20250623110644851.jpg,DCIM/plot_n_20250623110654372.jpg,TRUE,39,5,3,3
24,DB,small,1.3–2.0,3,NA,0,0,0,NA,NA,NA,NA,0,NA,NA,0,NA,NA,0,NA,NA,NA,NA,NA,NA,NA,330_T3_JL_20250717,NA,1,NA,NA,NA,NA,1,1,Oplocenka,DCIM/context_n20250709120116937.jpg,DCIM/context_e20250709120110639.jpg,DCIM/context_s20250709120104256.jpg,DCIM/context_w20250709120058192.jpg,2025-07-09T12:00:22Z,15.94186213,49.03444731,DCIM/plot_e_20250709115907359.jpg,DCIM/plot_n_20250709115918786.jpg,TRUE,120,5,1.7,1.7
18,SM,advanced,2–4,2,NA,0,0,0,NA,NA,NA,NA,0,NA,NA,0,NA,NA,0,NA,NA,NA,NA,NA,NA,NA,331_T2_AH_20250827,1,1,NA,NA,1,NA,1,0,NA,DCIM/context_n20250623111936168.jpg,DCIM/context_e20250623111930655.jpg,DCIM/context_s20250623111923773.jpg,DCIM/context_w20250623111917675.jpg,2025-06-23T11:18:53Z,15.70139151,49.21758929,DCIM/plot_e_20250623111622720.jpg,DCIM/plot_n_20250623111631642.jpg,TRUE,39,5,3,3
18,SM,small,1.0–1.3,2,NA,0,0,0,NA,NA,NA,NA,0,NA,NA,0,NA,NA,0,NA,NA,NA,NA,NA,NA,NA,331_T2_AH_20250827,1,1,NA,NA,1,NA,1,0,NA,DCIM/context_n20250623111936168.jpg,DCIM/context_e20250623111930655.jpg,DCIM/context_s20250623111923773.jpg,DCIM/context_w20250623111917675.jpg,2025-06-23T11:18:53Z,15.70139151,49.21758929,DCIM/plot_e_20250623111622720.jpg,DCIM/plot_n_20250623111631642.jpg,TRUE,39,5,1.2,1.2
24,DB,advanced,2–4,1,NA,1,1,100,1,olistení,NA,NA,0,0-20,0,1,0-20,NA,0,NA,NA,NA,NA,NA,NA,T3331PDB4,331_T3_JL_20250717,NA,1,NA,NA,NA,NA,1,1,Oplocenka,DCIM/context_n20250709120935251.jpg,DCIM/context_e20250709120928903.jpg,DCIM/context_s20250709120923140.jpg,DCIM/context_w20250709120917976.jpg,2025-07-09T12:08:43Z,15.94168742,49.0346392,DCIM/plot_e_20250709120404406.jpg,DCIM/plot_n_20250709120411142.jpg,TRUE,120,5,3,3
24,DB,small,1.0–1.3,2,NA,0,0,0,NA,NA,NA,NA,0,NA,NA,0,NA,NA,0,NA,NA,NA,NA,NA,NA,NA,331_T3_JL_20250717,NA,1,NA,NA,NA,NA,1,1,Oplocenka,DCIM/context_n20250709120935251.jpg,DCIM/context_e20250709120928903.jpg,DCIM/context_s20250709120923140.jpg,DCIM/context_w20250709120917976.jpg,2025-07-09T12:08:43Z,15.94168742,49.0346392,DCIM/plot_e_20250709120404406.jpg,DCIM/plot_n_20250709120411142.jpg,TRUE,120,5,1.2,1.2
18,SM,advanced,2–4,3,NA,1,1,33.33333333333333,1,olistení,NA,NA,0,0-20,NA,1,NA,NA,0,NA,NA,NA,NA,NA,NA,NA,332_T2_AH_20250827,NA,1,NA,NA,NA,NA,1,0,NA,DCIM/context_n20250623114045131.jpg,DCIM/context_e20250623114037580.jpg,DCIM/context_s20250623114031015.jpg,DCIM/context_w20250623114019503.jpg,2025-06-23T11:39:36Z,15.70109191,49.21759211,DCIM/plot_e_20250623113743961.jpg,DCIM/plot_n_20250623113759765.jpg,TRUE,39,5,3,3
18,SM,small,0.8–1.0,1,NA,0,0,0,NA,NA,NA,NA,0,NA,NA,0,NA,NA,0,NA,NA,NA,NA,NA,NA,NA,332_T2_AH_20250827,NA,1,NA,NA,NA,NA,1,0,NA,DCIM/context_n20250623114045131.jpg,DCIM/context_e20250623114037580.jpg,DCIM/context_s20250623114031015.jpg,DCIM/context_w20250623114019503.jpg,2025-06-23T11:39:36Z,15.70109191,49.21759211,DCIM/plot_e_20250623113743961.jpg,DCIM/plot_n_20250623113759765.jpg,TRUE,39,5,0.9,0.9
24,DB,small,0.8–1.0,5,NA,0,0,0,NA,NA,NA,NA,0,NA,NA,0,NA,NA,0,NA,NA,NA,NA,NA,NA,NA,332_T3_JL_20250717,NA,1,NA,NA,NA,NA,1,1,Oplocenka,DCIM/context_n20250709121714586.jpg,DCIM/context_e20250709121709490.jpg,DCIM/context_s20250709121703743.jpg,DCIM/context_w20250709121656877.jpg,2025-07-09T12:16:15Z,15.94141707,49.0345011,DCIM/plot_e_20250709121231824.jpg,DCIM/plot_n_20250709121240746.jpg,TRUE,120,5,0.9,0.9
19,BO,small,0.4–0.6,2,NA,1,1,50,2,terminal,zivy,NA,1,NA,NA,0,NA,NA,0,NA,NA,NA,NA,NA,NA,NA,332_T3_JL_20250717,NA,1,NA,NA,NA,NA,1,1,Oplocenka,DCIM/context_n20250709121714586.jpg,DCIM/context_e20250709121709490.jpg,DCIM/context_s20250709121703743.jpg,DCIM/context_w20250709121656877.jpg,2025-07-09T12:16:15Z,15.94141707,49.0345011,DCIM/plot_e_20250709121231824.jpg,DCIM/plot_n_20250709121240746.jpg,TRUE,120,5,0.5,0.5
17,MD,small,0.2–0.4,1,NA,0,0,0,NA,NA,NA,NA,0,NA,NA,0,NA,NA,0,NA,NA,NA,NA,NA,NA,NA,332_T3_JL_20250717,NA,1,NA,NA,NA,NA,1,1,Oplocenka,DCIM/context_n20250709121714586.jpg,DCIM/context_e20250709121709490.jpg,DCIM/context_s20250709121703743.jpg,DCIM/context_w20250709121656877.jpg,2025-07-09T12:16:15Z,15.94141707,49.0345011,DCIM/plot_e_20250709121231824.jpg,DCIM/plot_n_20250709121240746.jpg,TRUE,120,5,0.3,0.3
18,SM,small,1.3–2.0,1,NA,0,0,0,NA,NA,NA,NA,0,NA,NA,0,NA,NA,0,NA,NA,NA,NA,NA,NA,NA,333_T2_AH_20250827,NA,1,NA,NA,1,1,1,0,NA,DCIM/context_n20250623114804236.jpg,DCIM/context_e20250623114756833.jpg,DCIM/context_s20250623114748766.jpg,DCIM/context_w20250623114741079.jpg,2025-06-23T11:47:10Z,15.70164027,49.21756752,DCIM/plot_e_20250623114629958.jpg,DCIM/plot_n_20250623114638679.jpg,TRUE,39,5,1.7,1.7
18,SM,advanced,2–4,2,NA,0,0,0,NA,NA,NA,NA,0,NA,NA,0,NA,NA,0,NA,NA,NA,NA,NA,NA,NA,334_T2_AH_20250827,NA,1,NA,NA,NA,NA,1,0,NA,DCIM/context_n20250623115728856.jpg,DCIM/context_e20250623115721422.jpg,DCIM/context_s20250623115715425.jpg,DCIM/context_w20250623115708975.jpg,2025-06-23T11:56:46Z,15.70138301,49.21738213,DCIM/plot_e_20250623115343414.jpg,DCIM/plot_n_20250623115351851.jpg,TRUE,39,5,3,3
18,SM,small,1.0–1.3,1,NA,1,1,100,1,kmen,NA,NA,0,NA,NA,0,NA,stare,1,mechanizace,NA,NA,NA,NA,Vyřízlý kmen,NA,334_T2_AH_20250827,NA,1,NA,NA,NA,NA,1,0,NA,DCIM/context_n20250623115728856.jpg,DCIM/context_e20250623115721422.jpg,DCIM/context_s20250623115715425.jpg,DCIM/context_w20250623115708975.jpg,2025-06-23T11:56:46Z,15.70138301,49.21738213,DCIM/plot_e_20250623115343414.jpg,DCIM/plot_n_20250623115351851.jpg,TRUE,39,5,1.2,1.2
24,DB,small,1.3–2.0,4,NA,0,0,0,NA,NA,NA,NA,0,NA,NA,0,NA,NA,0,NA,NA,NA,NA,NA,NA,NA,334_T3_JL_20250717,NA,1,1,NA,NA,NA,1,1,Oplocenka,DCIM/context_n20250709123700131.jpg,DCIM/context_e20250709123655069.jpg,DCIM/context_s20250709123648337.jpg,DCIM/context_w20250709123639791.jpg,2025-07-09T12:35:59Z,15.94411387,49.03954031,DCIM/plot_e_20250709123505873.jpg,DCIM/plot_n_20250709123513592.jpg,TRUE,52,5,1.7,1.7
10,BR,small,0.8–1.0,1,NA,0,0,0,NA,NA,NA,NA,0,NA,NA,0,NA,NA,0,NA,NA,NA,NA,NA,NA,NA,335_T2_AH_20250827,1,1,NA,NA,1,NA,1,0,NA,DCIM/context_n20250623133348126.jpg,DCIM/context_e20250623133338754.jpg,DCIM/context_s20250623133331438.jpg,DCIM/context_w20250623133323311.jpg,2025-06-23T13:32:49Z,15.88062022,49.32892788,DCIM/plot_e_20250623133139142.jpg,DCIM/plot_n_20250623133149726.jpg,TRUE,40,5,0.9,0.9
18,SM,small,0.8–1.0,3,NA,0,0,0,NA,NA,NA,NA,0,NA,NA,0,NA,NA,0,NA,NA,NA,NA,NA,NA,NA,335_T2_AH_20250827,1,1,NA,NA,1,NA,1,0,NA,DCIM/context_n20250623133348126.jpg,DCIM/context_e20250623133338754.jpg,DCIM/context_s20250623133331438.jpg,DCIM/context_w20250623133323311.jpg,2025-06-23T13:32:49Z,15.88062022,49.32892788,DCIM/plot_e_20250623133139142.jpg,DCIM/plot_n_20250623133149726.jpg,TRUE,40,5,0.9,0.9
24,DB,small,0.6–0.8,1,NA,0,0,0,NA,NA,NA,NA,0,NA,NA,0,NA,NA,0,NA,NA,NA,NA,NA,NA,NA,335_T3_JL_20250717,NA,1,1,NA,NA,NA,1,1,Oplocenka,DCIM/context_n20250709124439336.jpg,DCIM/context_e20250709124425419.jpg,DCIM/context_s20250709124416663.jpg,DCIM/context_w20250709124410981.jpg,2025-07-09T12:43:15Z,15.94446817,49.03938221,DCIM/plot_e_20250709124211493.jpg,DCIM/plot_n_20250709124219434.jpg,TRUE,52,5,0.7,0.7
10,BR,small,0.8–1.0,2,NA,0,0,0,NA,NA,NA,NA,0,NA,NA,0,NA,NA,0,NA,NA,NA,NA,NA,NA,NA,336_T2_AH_20250827,NA,1,NA,NA,NA,NA,1,0,NA,DCIM/context_n20250623134000564.jpg,DCIM/context_e20250623133949754.jpg,DCIM/context_s20250623133941388.jpg,DCIM/context_w20250623133934107.jpg,2025-06-23T13:39:06Z,15.88064445,49.32910767,DCIM/plot_e_20250623133620735.jpg,DCIM/plot_n_20250623133629539.jpg,TRUE,40,5,0.9,0.9
18,SM,small,0.6–0.8,1,NA,1,1,100,1,terminal,odumrety,NA,1,NA,NA,0,NA,NA,0,NA,NA,NA,NA,NA,NA,NA,336_T2_AH_20250827,NA,1,NA,NA,NA,NA,1,0,NA,DCIM/context_n20250623134000564.jpg,DCIM/context_e20250623133949754.jpg,DCIM/context_s20250623133941388.jpg,DCIM/context_w20250623133934107.jpg,2025-06-23T13:39:06Z,15.88064445,49.32910767,DCIM/plot_e_20250623133620735.jpg,DCIM/plot_n_20250623133629539.jpg,TRUE,40,5,0.7,0.7
24,DB,advanced,2–4,1,NA,1,1,100,1,olistení,NA,NA,0,60-80,0,1,20-40,NA,0,NA,NA,NA,NA,NA,NA,T3336PDB4,336_T3_JL_20250717,NA,NA,NA,NA,NA,NA,NA,0,NA,NA,NA,NA,NA,2025-07-09T12:51:01Z,15.94394671,49.03932937,DCIM/plot_e_20250709124754515.jpg,DCIM/plot_n_20250709124802788.jpg,TRUE,52,5,3,3
18,SM,small,0.6–0.8,1,NA,1,1,100,1,terminal,odumrety,NA,1,NA,NA,0,NA,NA,0,NA,NA,NA,NA,NA,NA,NA,337_T2_AH_20250827,NA,1,NA,NA,NA,NA,1,0,NA,DCIM/context_n20250623134651217.jpg,DCIM/context_e20250623134644684.jpg,DCIM/context_s20250623134638269.jpg,DCIM/context_w20250623134631785.jpg,2025-06-23T13:46:05Z,15.8806673,49.32928601,DCIM/plot_e_20250623134451060.jpg,DCIM/plot_n_20250623134500783.jpg,TRUE,40,5,0.7,0.7
27,JIV,small,1.0–1.3,2,NA,0,0,0,NA,NA,NA,NA,0,NA,NA,0,NA,NA,0,NA,NA,NA,NA,NA,NA,NA,337_T3_JL_20250717,NA,1,NA,NA,NA,NA,NA,0,NA,DCIM/context_n20250709144458385.jpg,DCIM/context_e20250709144452186.jpg,DCIM/context_s20250709144446425.jpg,DCIM/context_w20250709144439108.jpg,2025-07-09T14:43:52Z,15.7947688,49.43113037,DCIM/plot_e_20250709144236561.jpg,DCIM/plot_n_20250709144245933.jpg,TRUE,121,5,1.2,1.2
18,SM,small,1.0–1.3,2,NA,0,0,0,NA,NA,NA,NA,0,NA,NA,0,NA,NA,0,NA,NA,NA,NA,NA,NA,NA,338_T2_AH_20250827,1,1,NA,NA,NA,NA,1,0,NA,DCIM/context_n20250623135250581.jpg,DCIM/context_e20250623135243662.jpg,DCIM/context_s20250623135238149.jpg,DCIM/context_w20250623135228780.jpg,2025-06-23T13:51:55Z,15.88036832,49.32912014,DCIM/plot_e_20250623135100780.jpg,DCIM/plot_n_20250623135113696.jpg,TRUE,40,5,1.2,1.2
27,JIV,small,0.6–0.8,3,NA,0,0,0,NA,NA,NA,NA,0,NA,NA,0,NA,NA,0,NA,NA,NA,NA,NA,NA,NA,338_T3_JL_20250717,NA,1,NA,NA,NA,NA,NA,0,NA,DCIM/context_n20250709144857560.jpg,DCIM/context_e20250709144851095.jpg,DCIM/context_s20250709144845349.jpg,DCIM/context_w20250709144839569.jpg,2025-07-09T14:48:06Z,15.79448167,49.43111948,DCIM/plot_e_20250709144650052.jpg,DCIM/plot_n_20250709144659259.jpg,TRUE,121,5,0.7,0.7
19,BO,small,0.4–0.6,1,NA,0,0,0,NA,NA,NA,NA,0,NA,NA,0,NA,NA,0,NA,NA,NA,NA,NA,NA,NA,339_T2_AH_20250827,NA,1,NA,NA,1,NA,1,0,NA,DCIM/context_n20250623135822409.jpg,DCIM/context_e20250623135815459.jpg,DCIM/context_s20250623135809596.jpg,DCIM/context_w20250623135803702.jpg,2025-06-23T13:57:35Z,15.88091786,49.3290924,DCIM/plot_e_20250623135603975.jpg,DCIM/plot_n_20250623135626946.jpg,TRUE,40,5,0.5,0.5
18,SM,small,1.3–2.0,2,NA,0,0,0,NA,NA,NA,NA,0,NA,NA,0,NA,NA,0,NA,NA,NA,NA,NA,NA,NA,339_T2_AH_20250827,NA,1,NA,NA,1,NA,1,0,NA,DCIM/context_n20250623135822409.jpg,DCIM/context_e20250623135815459.jpg,DCIM/context_s20250623135809596.jpg,DCIM/context_w20250623135803702.jpg,2025-06-23T13:57:35Z,15.88091786,49.3290924,DCIM/plot_e_20250623135603975.jpg,DCIM/plot_n_20250623135626946.jpg,TRUE,40,5,1.7,1.7
18,SM,small,1.3–2.0,1,NA,0,0,0,NA,NA,NA,NA,0,NA,NA,0,NA,NA,0,NA,NA,NA,NA,NA,NA,NA,339_T3_JL_20250717,NA,1,NA,NA,NA,NA,1,0,NA,DCIM/context_n20250709145410763.jpg,DCIM/context_e20250709145402243.jpg,DCIM/context_s20250709145351048.jpg,DCIM/context_w20250709145345201.jpg,2025-07-09T14:53:17Z,15.7942017,49.43115316,DCIM/plot_e_20250709145140684.jpg,DCIM/plot_n_20250709145150758.jpg,TRUE,121,5,1.7,1.7
10,BR,small,0.2–0.4,1,NA,0,0,0,NA,NA,NA,NA,0,NA,NA,0,NA,NA,0,NA,NA,NA,NA,NA,NA,NA,339_T3_JL_20250717,NA,1,NA,NA,NA,NA,1,0,NA,DCIM/context_n20250709145410763.jpg,DCIM/context_e20250709145402243.jpg,DCIM/context_s20250709145351048.jpg,DCIM/context_w20250709145345201.jpg,2025-07-09T14:53:17Z,15.7942017,49.43115316,DCIM/plot_e_20250709145140684.jpg,DCIM/plot_n_20250709145150758.jpg,TRUE,121,5,0.3,0.3
27,JIV,small,0.8–1.0,1,NA,0,0,0,NA,NA,NA,NA,0,NA,NA,0,NA,NA,0,NA,NA,NA,NA,NA,NA,NA,339_T3_JL_20250717,NA,1,NA,NA,NA,NA,1,0,NA,DCIM/context_n20250709145410763.jpg,DCIM/context_e20250709145402243.jpg,DCIM/context_s20250709145351048.jpg,DCIM/context_w20250709145345201.jpg,2025-07-09T14:53:17Z,15.7942017,49.43115316,DCIM/plot_e_20250709145140684.jpg,DCIM/plot_n_20250709145150758.jpg,TRUE,121,5,0.9,0.9
18,SM,small,1.3–2.0,4,NA,0,0,0,NA,NA,NA,NA,0,NA,NA,0,NA,NA,0,NA,NA,NA,NA,NA,NA,NA,340_T3_JL_20250717,NA,1,NA,NA,NA,NA,1,0,NA,DCIM/context_n20250709145847341.jpg,DCIM/context_e20250709145842312.jpg,DCIM/context_s20250709145837535.jpg,DCIM/context_w20250709145830334.jpg,2025-07-09T14:57:53Z,15.79446815,49.43095889,DCIM/plot_e_20250709145638032.jpg,DCIM/plot_n_20250709145647236.jpg,TRUE,121,5,1.7,1.7
10,BR,small,0.8–1.0,1,NA,0,0,0,NA,NA,NA,NA,0,NA,NA,0,NA,NA,0,NA,NA,NA,NA,NA,NA,NA,340_T3_JL_20250717,NA,1,NA,NA,NA,NA,1,0,NA,DCIM/context_n20250709145847341.jpg,DCIM/context_e20250709145842312.jpg,DCIM/context_s20250709145837535.jpg,DCIM/context_w20250709145830334.jpg,2025-07-09T14:57:53Z,15.79446815,49.43095889,DCIM/plot_e_20250709145638032.jpg,DCIM/plot_n_20250709145647236.jpg,TRUE,121,5,0.9,0.9
18,SM,advanced,2–4,1,NA,0,0,0,NA,NA,NA,NA,0,NA,NA,0,NA,NA,0,NA,NA,NA,NA,NA,NA,NA,341_T3_JL_20250717,1,1,NA,NA,NA,NA,0,0,NA,DCIM/context_n20250709150451899.jpg,DCIM/context_e20250709150444282.jpg,DCIM/context_s20250709150438551.jpg,DCIM/context_w20250709150429847.jpg,2025-07-09T15:03:43Z,15.79450577,49.43132666,DCIM/plot_e_20250709150116117.jpg,DCIM/plot_n_20250709150127592.jpg,TRUE,121,5,3,3
18,SM,small,1.3–2.0,17,NA,0,0,0,NA,NA,NA,NA,0,NA,NA,0,NA,NA,0,NA,NA,NA,NA,NA,NA,NA,341_T3_JL_20250717,1,1,NA,NA,NA,NA,0,0,NA,DCIM/context_n20250709150451899.jpg,DCIM/context_e20250709150444282.jpg,DCIM/context_s20250709150438551.jpg,DCIM/context_w20250709150429847.jpg,2025-07-09T15:03:43Z,15.79450577,49.43132666,DCIM/plot_e_20250709150116117.jpg,DCIM/plot_n_20250709150127592.jpg,TRUE,121,5,1.7,1.7
27,JIV,small,1.3–2.0,4,NA,0,0,0,NA,NA,NA,NA,0,NA,NA,0,NA,NA,0,NA,NA,NA,NA,NA,NA,NA,341_T3_JL_20250717,1,1,NA,NA,NA,NA,0,0,NA,DCIM/context_n20250709150451899.jpg,DCIM/context_e20250709150444282.jpg,DCIM/context_s20250709150438551.jpg,DCIM/context_w20250709150429847.jpg,2025-07-09T15:03:43Z,15.79450577,49.43132666,DCIM/plot_e_20250709150116117.jpg,DCIM/plot_n_20250709150127592.jpg,TRUE,121,5,1.7,1.7
10,BR,small,0.4–0.6,2,NA,0,0,0,NA,NA,NA,NA,0,NA,NA,0,NA,NA,0,NA,NA,NA,NA,NA,NA,NA,341_T3_JL_20250717,1,1,NA,NA,NA,NA,0,0,NA,DCIM/context_n20250709150451899.jpg,DCIM/context_e20250709150444282.jpg,DCIM/context_s20250709150438551.jpg,DCIM/context_w20250709150429847.jpg,2025-07-09T15:03:43Z,15.79450577,49.43132666,DCIM/plot_e_20250709150116117.jpg,DCIM/plot_n_20250709150127592.jpg,TRUE,121,5,0.5,0.5
18,SM,small,0.6–0.8,1,NA,1,1,100,1,olistení,NA,NA,0,0-20,NA,1,40-60,NA,0,NA,NA,NA,NA,NA,NA,T2342OSM4,342_T2_AH_20250827,NA,1,NA,NA,NA,NA,1,0,NA,DCIM/context_n20250623145344176.jpg,DCIM/context_e20250623145337426.jpg,DCIM/context_s20250623145331083.jpg,DCIM/context_w20250623145323645.jpg,2025-06-23T14:52:59Z,15.75571765,49.38408497,DCIM/plot_e_20250623144950048.jpg,DCIM/plot_n_20250623144959886.jpg,TRUE,41,5,0.7,0.7
4,KL,small,0.2–0.4,1,NA,0,0,0,NA,NA,NA,NA,0,NA,NA,0,NA,NA,0,NA,NA,NA,NA,NA,NA,NA,343_T2_AH_20250827,NA,1,NA,NA,NA,NA,NA,0,NA,DCIM/context_n20250623150044753.jpg,DCIM/context_e20250623150037869.jpg,DCIM/context_s20250623150031319.jpg,DCIM/context_w20250623150024724.jpg,2025-06-23T15:00:07Z,15.75597061,49.38389065,DCIM/plot_e_20250623145822642.jpg,DCIM/plot_n_20250623145832349.jpg,TRUE,41,5,0.3,0.3
18,SM,small,1.3–2.0,1,NA,1,0,0,1,olistení,NA,NA,0,NA,NA,0,NA,NA,0,NA,NA,NA,NA,NA,NA,Mráz,345_T2_AH_20250827,NA,1,NA,NA,1,NA,1,1,Nátěr,DCIM/context_n20250624072726866.jpg,DCIM/context_e20250624072715838.jpg,DCIM/context_s20250624072708170.jpg,DCIM/context_w20250624072659683.jpg,2025-06-24T07:26:20Z,16.78501121,49.69481886,DCIM/plot_e_20250624072518422.jpg,DCIM/plot_n_20250624072527530.jpg,TRUE,42,5,1.7,1.7
17,MD,small,0.4–0.6,1,NA,0,0,0,NA,NA,NA,NA,0,NA,NA,0,NA,NA,0,NA,NA,NA,NA,NA,NA,NA,347_T2_AH_20250827,NA,1,NA,NA,NA,NA,NA,1,NA,DCIM/context_n20250624074219816.jpg,DCIM/context_e20250624074214721.jpg,DCIM/context_s20250624074209724.jpg,DCIM/context_w20250624074204479.jpg,2025-06-24T07:41:25Z,16.78556725,49.69478695,DCIM/plot_e_20250624074009938.jpg,DCIM/plot_n_20250624074018207.jpg,TRUE,42,5,0.5,0.5
17,MD,advanced,2–4,1,NA,1,1,100,1,olistení,NA,NA,0,0-20,NA,1,20-40,NA,0,NA,NA,NA,NA,NA,NA,T2348PMD4,348_T2_AH_20250827,1,1,NA,NA,1,NA,1,1,Oplocenka,DCIM/context_n20250624075332396.jpg,DCIM/context_e20250624075320335.jpg,DCIM/context_s20250624075302776.jpg,DCIM/context_w20250624075246720.jpg,2025-06-24T07:52:15Z,16.78529146,49.69480275,DCIM/plot_e_20250624074817156.jpg,DCIM/plot_n_20250624074828267.jpg,TRUE,42,5,3,3
18,SM,small,1.0–1.3,5,NA,0,0,0,NA,NA,NA,NA,0,NA,NA,0,NA,NA,0,NA,NA,NA,NA,NA,NA,NA,350_T2_AH_20250827,NA,1,NA,NA,1,0,1,0,NA,DCIM/context_n20250624091259542.jpg,DCIM/context_e20250624091251188.jpg,DCIM/context_s20250624091244873.jpg,DCIM/context_w20250624091237759.jpg,2025-06-24T09:11:46Z,16.79308603,49.59993991,DCIM/plot_e_20250624091011437.jpg,DCIM/plot_n_20250624091019941.jpg,TRUE,43,5,1.2,1.2
17,MD,small,1.0–1.3,1,NA,1,1,100,1,kmen,NA,NA,0,0-20,NA,1,40-60,stare,1,zver,60-80,>30,NA,NA,NA,T2351OMD4,351_T2_AH_20250827,NA,1,NA,NA,NA,NA,1,0,NA,DCIM/context_n20250624092621640.jpg,DCIM/context_e20250624092616047.jpg,DCIM/context_s20250624092610322.jpg,DCIM/context_w20250624092603937.jpg,2025-06-24T09:24:29Z,16.79306277,49.5997612,DCIM/plot_e_20250624091900808.jpg,DCIM/plot_n_20250624091910080.jpg,TRUE,43,5,1.2,1.2
18,SM,small,1.3–2.0,7,NA,0,0,0,NA,NA,NA,NA,0,NA,NA,0,NA,NA,0,NA,NA,NA,NA,NA,NA,NA,352_T2_AH_20250827,NA,1,NA,NA,NA,NA,NA,0,NA,DCIM/context_n20250624093733162.jpg,DCIM/context_e20250624093726080.jpg,DCIM/context_s20250624093719378.jpg,DCIM/context_w20250624093712182.jpg,2025-06-24T09:36:40Z,16.79278635,49.59977685,DCIM/plot_e_20250624093119062.jpg,DCIM/plot_n_20250624093128251.jpg,TRUE,43,5,1.7,1.7
1,JD,small,0.4–0.6,1,NA,1,1,100,1,terminal,chybajuci,NA,1,NA,NA,0,NA,NA,0,NA,NA,NA,NA,NA,NA,NA,352_T2_AH_20250827,NA,1,NA,NA,NA,NA,NA,0,NA,DCIM/context_n20250624093733162.jpg,DCIM/context_e20250624093726080.jpg,DCIM/context_s20250624093719378.jpg,DCIM/context_w20250624093712182.jpg,2025-06-24T09:36:40Z,16.79278635,49.59977685,DCIM/plot_e_20250624093119062.jpg,DCIM/plot_n_20250624093128251.jpg,TRUE,43,5,0.5,0.5
18,SM,advanced,2–4,1,NA,0,0,0,NA,NA,NA,NA,0,NA,NA,0,NA,NA,0,NA,NA,NA,NA,NA,NA,NA,353_T2_AH_20250827,NA,1,NA,NA,1,1,1,0,NA,DCIM/context_n20250624094456743.jpg,DCIM/context_e20250624094442459.jpg,DCIM/context_s20250624094435693.jpg,DCIM/context_w20250624094429078.jpg,2025-06-24T09:43:50Z,16.79304035,49.59958387,DCIM/plot_e_20250624094203860.jpg,DCIM/plot_n_20250624094215590.jpg,TRUE,43,5,3,3
18,SM,small,0.8–1.0,1,NA,0,0,0,NA,NA,NA,NA,0,NA,NA,0,NA,NA,0,NA,NA,NA,NA,NA,NA,NA,353_T2_AH_20250827,NA,1,NA,NA,1,1,1,0,NA,DCIM/context_n20250624094456743.jpg,DCIM/context_e20250624094442459.jpg,DCIM/context_s20250624094435693.jpg,DCIM/context_w20250624094429078.jpg,2025-06-24T09:43:50Z,16.79304035,49.59958387,DCIM/plot_e_20250624094203860.jpg,DCIM/plot_n_20250624094215590.jpg,TRUE,43,5,0.9,0.9
18,SM,small,0.8–1.0,4,NA,1,1,25,1,kmen,NA,NA,0,NA,NA,0,NA,cerstve,1,zver,NA,NA,NA,NA,Okus,NA,354_T2_AH_20250827,NA,1,NA,NA,NA,NA,1,0,NA,DCIM/context_n20250624095558550.jpg,DCIM/context_e20250624095539252.jpg,DCIM/context_s20250624095528978.jpg,DCIM/context_w20250624095517685.jpg,2025-06-24T09:54:56Z,16.79333634,49.59974648,DCIM/plot_e_20250624095009476.jpg,DCIM/plot_n_20250624095032213.jpg,TRUE,43,5,0.9,0.9
1,JD,small,1.0–1.3,1,NA,1,1,100,1,olistení,NA,NA,0,0-20,NA,1,80-100,NA,0,NA,NA,NA,NA,NA,NA,Mráz,354_T2_AH_20250827,NA,1,NA,NA,NA,NA,1,0,NA,DCIM/context_n20250624095558550.jpg,DCIM/context_e20250624095539252.jpg,DCIM/context_s20250624095528978.jpg,DCIM/context_w20250624095517685.jpg,2025-06-24T09:54:56Z,16.79333634,49.59974648,DCIM/plot_e_20250624095009476.jpg,DCIM/plot_n_20250624095032213.jpg,TRUE,43,5,1.2,1.2
13,BK,small,1.3–2.0,1,NA,1,1,100,1,olistení,NA,NA,0,0-20,NA,1,80-100,NA,0,NA,NA,NA,NA,NA,NA,Mráz,354_T2_AH_20250827,NA,1,NA,NA,NA,NA,1,0,NA,DCIM/context_n20250624095558550.jpg,DCIM/context_e20250624095539252.jpg,DCIM/context_s20250624095528978.jpg,DCIM/context_w20250624095517685.jpg,2025-06-24T09:54:56Z,16.79333634,49.59974648,DCIM/plot_e_20250624095009476.jpg,DCIM/plot_n_20250624095032213.jpg,TRUE,43,5,1.7,1.7
18,SM,small,0.4–0.6,1,NA,1,1,100,1,olistení,NA,NA,0,0-20,NA,1,40-60,NA,0,NA,NA,NA,NA,NA,NA,T2355OSM4,355_T2_AH_20250827,NA,1,NA,NA,NA,NA,NA,1,Oplocenka,DCIM/context_n20250624104851045.jpg,DCIM/context_e20250624104844459.jpg,DCIM/context_s20250624104838531.jpg,DCIM/context_w20250624104829924.jpg,2025-06-24T10:47:45Z,16.77891183,49.51867302,DCIM/plot_e_20250624104513184.jpg,DCIM/plot_n_20250624104522306.jpg,TRUE,44,5,0.5,0.5
4,KL,small,1.3–2.0,3,NA,0,0,0,NA,NA,NA,NA,0,NA,NA,0,NA,NA,0,NA,NA,NA,NA,NA,NA,NA,356_T2_AH_20250827,NA,1,NA,NA,NA,NA,1,1,Oplocenka,DCIM/context_n20250624105717040.jpg,DCIM/context_e20250624105707651.jpg,DCIM/context_s20250624105702321.jpg,DCIM/context_w20250624105656029.jpg,2025-06-24T10:56:19Z,16.77918877,49.51865819,DCIM/plot_e_20250624105517117.jpg,DCIM/plot_n_20250624105528295.jpg,TRUE,44,5,1.7,1.7
4,KL,advanced,2–4,2,NA,0,0,0,NA,NA,NA,NA,0,NA,NA,0,NA,NA,0,NA,NA,NA,NA,NA,NA,NA,357_T2_AH_20250827,NA,1,NA,NA,1,NA,1,1,Oplocenka,DCIM/context_n20250624110855463.jpg,DCIM/context_e20250624110848982.jpg,DCIM/context_s20250624110843819.jpg,DCIM/context_w20250624110836505.jpg,2025-06-24T11:08:00Z,16.77921282,49.51883645,DCIM/plot_e_20250624105955302.jpg,DCIM/plot_n_20250624110008769.jpg,TRUE,44,5,3,3
4,KL,small,1.3–2.0,1,NA,1,1,100,1,olistení,NA,NA,0,0-20,0,1,0-20,NA,0,NA,NA,NA,NA,NA,NA,T2357OJV4,357_T2_AH_20250827,NA,1,NA,NA,1,NA,1,1,Oplocenka,DCIM/context_n20250624110855463.jpg,DCIM/context_e20250624110848982.jpg,DCIM/context_s20250624110843819.jpg,DCIM/context_w20250624110836505.jpg,2025-06-24T11:08:00Z,16.77921282,49.51883645,DCIM/plot_e_20250624105955302.jpg,DCIM/plot_n_20250624110008769.jpg,TRUE,44,5,1.7,1.7
20,OS,small,1.3–2.0,1,NA,0,0,0,NA,NA,NA,NA,0,NA,NA,0,NA,NA,0,NA,NA,NA,NA,NA,NA,NA,357_T2_AH_20250827,NA,1,NA,NA,1,NA,1,1,Oplocenka,DCIM/context_n20250624110855463.jpg,DCIM/context_e20250624110848982.jpg,DCIM/context_s20250624110843819.jpg,DCIM/context_w20250624110836505.jpg,2025-06-24T11:08:00Z,16.77921282,49.51883645,DCIM/plot_e_20250624105955302.jpg,DCIM/plot_n_20250624110008769.jpg,TRUE,44,5,1.7,1.7
18,SM,small,0.6–0.8,2,NA,0,0,0,NA,NA,NA,NA,0,NA,NA,0,NA,NA,0,NA,NA,NA,NA,NA,NA,NA,357_T2_AH_20250827,NA,1,NA,NA,1,NA,1,1,Oplocenka,DCIM/context_n20250624110855463.jpg,DCIM/context_e20250624110848982.jpg,DCIM/context_s20250624110843819.jpg,DCIM/context_w20250624110836505.jpg,2025-06-24T11:08:00Z,16.77921282,49.51883645,DCIM/plot_e_20250624105955302.jpg,DCIM/plot_n_20250624110008769.jpg,TRUE,44,5,0.7,0.7
30,JR,small,1.3–2.0,1,NA,0,0,0,NA,NA,NA,NA,0,NA,NA,0,NA,NA,0,NA,NA,NA,NA,NA,NA,NA,357_T2_AH_20250827,NA,1,NA,NA,1,NA,1,1,Oplocenka,DCIM/context_n20250624110855463.jpg,DCIM/context_e20250624110848982.jpg,DCIM/context_s20250624110843819.jpg,DCIM/context_w20250624110836505.jpg,2025-06-24T11:08:00Z,16.77921282,49.51883645,DCIM/plot_e_20250624105955302.jpg,DCIM/plot_n_20250624110008769.jpg,TRUE,44,5,1.7,1.7
4,KL,advanced,2–4,1,NA,1,1,100,1,olistení,NA,NA,0,0-20,NA,1,40-60,NA,0,NA,NA,NA,NA,NA,NA,NA,358_T2_AH_20250827,NA,1,NA,NA,1,NA,1,1,"Oplocenka, other spices - bez",DCIM/context_n20250624111731937.jpg,DCIM/context_e20250624111723215.jpg,DCIM/context_s20250624111713341.jpg,DCIM/context_w20250624111703822.jpg,2025-06-24T11:16:13Z,16.7794629,49.51864159,DCIM/plot_e_20250624111305900.jpg,DCIM/plot_n_20250624111311659.jpg,TRUE,44,5,3,3
35,ots1,advanced,2–4,1,NA,0,0,0,NA,NA,NA,NA,0,NA,NA,0,NA,NA,0,NA,NA,NA,NA,NA,NA,NA,358_T2_AH_20250827,NA,1,NA,NA,1,NA,1,1,"Oplocenka, other spices - bez",DCIM/context_n20250624111731937.jpg,DCIM/context_e20250624111723215.jpg,DCIM/context_s20250624111713341.jpg,DCIM/context_w20250624111703822.jpg,2025-06-24T11:16:13Z,16.7794629,49.51864159,DCIM/plot_e_20250624111305900.jpg,DCIM/plot_n_20250624111311659.jpg,TRUE,44,5,3,3
4,KL,small,1.3–2.0,1,NA,1,1,100,1,olistení,NA,NA,0,0-20,NA,1,0-20,NA,0,NA,NA,NA,NA,NA,NA,T2359OJV4,359_T2_AH_20250827,NA,1,NA,NA,NA,NA,1,1,Oplocenka,DCIM/context_n20250624112629728.jpg,DCIM/context_e20250624112623632.jpg,DCIM/context_s20250624112617772.jpg,DCIM/context_w20250624112610764.jpg,2025-06-24T11:25:31Z,16.7791644,49.51847832,DCIM/plot_e_20250624112234661.jpg,DCIM/plot_n_20250624112247558.jpg,TRUE,44,5,1.7,1.7
24,DB,small,1.0–1.3,2,NA,1,0,0,1,olistení,NA,NA,0,NA,NA,0,NA,NA,0,NA,NA,NA,NA,NA,NA,NA,360_T2_AH_20250827,NA,1,NA,NA,NA,NA,1,1,Oplocenka,DCIM/context_n20250624124025058.jpg,DCIM/context_e20250624124016454.jpg,DCIM/context_s20250624124010138.jpg,DCIM/context_w20250624124002987.jpg,2025-06-24T12:39:29Z,16.710609,49.50237166,DCIM/plot_e_20250624123641453.jpg,DCIM/plot_n_20250624123650088.jpg,TRUE,45,5,1.2,1.2
24,DB,small,1.3–2.0,3,NA,1,3,100,1,olistení,NA,NA,0,0-20,2,3,20-40,NA,0,NA,NA,NA,NA,NA,NA,T2361ODB4,361_T2_AH_20250827,NA,1,NA,NA,NA,NA,1,1,Oplocenka,DCIM/context_n20250624124748754.jpg,DCIM/context_e20250624124740586.jpg,DCIM/context_s20250624124734405.jpg,DCIM/context_w20250624124728093.jpg,2025-06-24T12:47:00Z,16.71033427,49.50238723,DCIM/plot_e_20250624124256252.jpg,DCIM/plot_n_20250624124305424.jpg,TRUE,45,5,1.7,1.7
27,JIV,advanced,2–4,2,NA,0,0,0,NA,NA,NA,NA,0,NA,NA,0,NA,NA,0,NA,NA,NA,NA,NA,NA,NA,362_T2_AH_20250827,NA,1,NA,NA,NA,NA,1,1,Oplocenka,DCIM/context_n20250624125600035.jpg,DCIM/context_e20250624125548039.jpg,DCIM/context_s20250624125541673.jpg,DCIM/context_w20250624125534293.jpg,2025-06-24T12:54:58Z,16.71030553,49.50220813,DCIM/plot_e_20250624125142648.jpg,DCIM/plot_n_20250624125204586.jpg,TRUE,45,5,3,3
24,DB,advanced,2–4,1,NA,0,0,0,NA,NA,NA,NA,0,NA,NA,0,NA,NA,0,NA,NA,NA,NA,NA,NA,NA,362_T2_AH_20250827,NA,1,NA,NA,NA,NA,1,1,Oplocenka,DCIM/context_n20250624125600035.jpg,DCIM/context_e20250624125548039.jpg,DCIM/context_s20250624125541673.jpg,DCIM/context_w20250624125534293.jpg,2025-06-24T12:54:58Z,16.71030553,49.50220813,DCIM/plot_e_20250624125142648.jpg,DCIM/plot_n_20250624125204586.jpg,TRUE,45,5,3,3
10,BR,small,0.2–0.4,1,NA,0,0,0,NA,NA,NA,NA,0,NA,NA,0,NA,NA,0,NA,NA,NA,NA,NA,NA,NA,362_T2_AH_20250827,NA,1,NA,NA,NA,NA,1,1,Oplocenka,DCIM/context_n20250624125600035.jpg,DCIM/context_e20250624125548039.jpg,DCIM/context_s20250624125541673.jpg,DCIM/context_w20250624125534293.jpg,2025-06-24T12:54:58Z,16.71030553,49.50220813,DCIM/plot_e_20250624125142648.jpg,DCIM/plot_n_20250624125204586.jpg,TRUE,45,5,0.3,0.3
24,DB,small,0.2–0.4,2,NA,0,0,0,NA,NA,NA,NA,0,NA,NA,0,NA,NA,0,NA,NA,NA,NA,NA,NA,NA,362_T2_AH_20250827,NA,1,NA,NA,NA,NA,1,1,Oplocenka,DCIM/context_n20250624125600035.jpg,DCIM/context_e20250624125548039.jpg,DCIM/context_s20250624125541673.jpg,DCIM/context_w20250624125534293.jpg,2025-06-24T12:54:58Z,16.71030553,49.50220813,DCIM/plot_e_20250624125142648.jpg,DCIM/plot_n_20250624125204586.jpg,TRUE,45,5,0.3,0.3
27,JIV,small,0.6–0.8,1,NA,0,0,0,NA,NA,NA,NA,0,NA,NA,0,NA,NA,0,NA,NA,NA,NA,NA,NA,NA,362_T2_AH_20250827,NA,1,NA,NA,NA,NA,1,1,Oplocenka,DCIM/context_n20250624125600035.jpg,DCIM/context_e20250624125548039.jpg,DCIM/context_s20250624125541673.jpg,DCIM/context_w20250624125534293.jpg,2025-06-24T12:54:58Z,16.71030553,49.50220813,DCIM/plot_e_20250624125142648.jpg,DCIM/plot_n_20250624125204586.jpg,TRUE,45,5,0.7,0.7
20,OS,small,1.3–2.0,2,NA,0,0,0,NA,NA,NA,NA,0,NA,NA,0,NA,NA,0,NA,NA,NA,NA,NA,NA,NA,363_T2_AH_20250827,NA,1,NA,NA,NA,NA,NA,0,NA,DCIM/context_n20250624130433767.jpg,DCIM/context_e20250624130423192.jpg,DCIM/context_s20250624130415490.jpg,DCIM/context_w20250624130408391.jpg,2025-06-24T13:03:14Z,16.71005854,49.50240253,DCIM/plot_e_20250624130145979.jpg,DCIM/plot_n_20250624130200582.jpg,TRUE,45,5,1.7,1.7
30,JR,small,0.4–0.6,1,NA,0,0,0,NA,NA,NA,NA,0,NA,NA,0,NA,NA,0,NA,NA,NA,NA,NA,NA,NA,363_T2_AH_20250827,NA,1,NA,NA,NA,NA,NA,0,NA,DCIM/context_n20250624130433767.jpg,DCIM/context_e20250624130423192.jpg,DCIM/context_s20250624130415490.jpg,DCIM/context_w20250624130408391.jpg,2025-06-24T13:03:14Z,16.71005854,49.50240253,DCIM/plot_e_20250624130145979.jpg,DCIM/plot_n_20250624130200582.jpg,TRUE,45,5,0.5,0.5
33,LP,small,1.3–2.0,1,NA,0,0,0,NA,NA,NA,NA,0,NA,NA,0,NA,NA,0,NA,NA,NA,NA,NA,NA,NA,364_T2_AH_20250827,0,1,NA,NA,NA,0,1,1,Oplocenka,DCIM/context_n20250624130948088.jpg,DCIM/context_e20250624130940320.jpg,DCIM/context_s20250624130932834.jpg,DCIM/context_w20250624130925184.jpg,2025-06-24T13:08:19Z,16.71035972,49.50256542,DCIM/plot_e_20250624130654302.jpg,DCIM/plot_n_20250624130704412.jpg,TRUE,45,5,1.7,1.7
4,KL,small,0.6–0.8,1,NA,0,0,0,NA,NA,NA,NA,0,NA,NA,0,NA,NA,0,NA,NA,NA,NA,NA,NA,NA,364_T2_AH_20250827,0,1,NA,NA,NA,0,1,1,Oplocenka,DCIM/context_n20250624130948088.jpg,DCIM/context_e20250624130940320.jpg,DCIM/context_s20250624130932834.jpg,DCIM/context_w20250624130925184.jpg,2025-06-24T13:08:19Z,16.71035972,49.50256542,DCIM/plot_e_20250624130654302.jpg,DCIM/plot_n_20250624130704412.jpg,TRUE,45,5,0.7,0.7
27,JIV,small,0.4–0.6,1,NA,0,0,0,NA,NA,NA,NA,0,NA,NA,0,NA,NA,0,NA,NA,NA,NA,NA,NA,NA,365_T2_AH_20250827,NA,1,1,NA,NA,NA,NA,0,NA,DCIM/context_n20250624135418530.jpg,DCIM/context_e20250624135412016.jpg,DCIM/context_s20250624135404396.jpg,DCIM/context_w20250624135359035.jpg,2025-06-24T13:53:32Z,16.67989094,49.43038487,DCIM/plot_e_20250624135235148.jpg,DCIM/plot_n_20250624135246542.jpg,TRUE,46,5,0.5,0.5
24,DB,small,0.4–0.6,1,NA,1,1,100,1,olistení,NA,NA,0,0-20,NA,1,20-40,NA,0,NA,NA,NA,NA,NA,NA,T2366ODB4,366_T2_AH_20250827,NA,1,1,NA,1,NA,NA,0,NA,DCIM/context_n20250624140345975.jpg,DCIM/context_e20250624140339595.jpg,DCIM/context_s20250624140332746.jpg,DCIM/context_w20250624140323075.jpg,2025-06-24T14:02:48Z,16.68016243,49.43036926,DCIM/plot_e_20250624135851741.jpg,DCIM/plot_n_20250624135902996.jpg,TRUE,46,5,0.5,0.5
25,DB,advanced,2–4,1,NA,1,1,100,1,olistení,NA,NA,0,0-20,NA,1,0-20,NA,0,NA,NA,NA,NA,NA,NA,NA,367_T2_AH_20250827,NA,1,NA,1,NA,NA,1,0,NA,DCIM/context_n20250624141036930.jpg,DCIM/context_e20250624141026653.jpg,DCIM/context_s20250624141020424.jpg,DCIM/context_w20250624141013708.jpg,2025-06-24T14:09:29Z,16.6804375,49.43035365,DCIM/plot_e_20250624140636752.jpg,DCIM/plot_n_20250624140645675.jpg,TRUE,46,5,3,3
25,DB,small,0.2–0.4,1,NA,0,0,0,NA,NA,NA,NA,0,NA,NA,0,NA,NA,0,NA,NA,NA,NA,NA,NA,NA,367_T2_AH_20250827,NA,1,NA,1,NA,NA,1,0,NA,DCIM/context_n20250624141036930.jpg,DCIM/context_e20250624141026653.jpg,DCIM/context_s20250624141020424.jpg,DCIM/context_w20250624141013708.jpg,2025-06-24T14:09:29Z,16.6804375,49.43035365,DCIM/plot_e_20250624140636752.jpg,DCIM/plot_n_20250624140645675.jpg,TRUE,46,5,0.3,0.3
24,DB,advanced,2–4,1,NA,0,0,0,NA,NA,NA,NA,0,NA,NA,0,NA,NA,0,NA,NA,NA,NA,NA,NA,NA,368_T2_AH_20250827,NA,1,1,NA,NA,NA,1,0,NA,DCIM/context_n20250624141716305.jpg,DCIM/context_e20250624141710091.jpg,DCIM/context_s20250624141702020.jpg,DCIM/context_w20250624141655334.jpg,2025-06-24T14:16:23Z,16.68018981,49.43054805,DCIM/plot_e_20250624141354033.jpg,DCIM/plot_n_20250624141417123.jpg,TRUE,46,5,3,3
13,BK,small,1.0–1.3,1,NA,0,0,0,NA,NA,NA,NA,0,NA,NA,0,NA,NA,0,NA,NA,NA,NA,NA,NA,NA,368_T2_AH_20250827,NA,1,1,NA,NA,NA,1,0,NA,DCIM/context_n20250624141716305.jpg,DCIM/context_e20250624141710091.jpg,DCIM/context_s20250624141702020.jpg,DCIM/context_w20250624141655334.jpg,2025-06-24T14:16:23Z,16.68018981,49.43054805,DCIM/plot_e_20250624141354033.jpg,DCIM/plot_n_20250624141417123.jpg,TRUE,46,5,1.2,1.2
24,DB,small,1.3–2.0,1,NA,0,0,0,NA,NA,NA,NA,0,NA,NA,0,NA,NA,0,NA,NA,NA,NA,NA,NA,NA,368_T2_AH_20250827,NA,1,1,NA,NA,NA,1,0,NA,DCIM/context_n20250624141716305.jpg,DCIM/context_e20250624141710091.jpg,DCIM/context_s20250624141702020.jpg,DCIM/context_w20250624141655334.jpg,2025-06-24T14:16:23Z,16.68018981,49.43054805,DCIM/plot_e_20250624141354033.jpg,DCIM/plot_n_20250624141417123.jpg,TRUE,46,5,1.7,1.7
18,SM,mature,NA,1,20–40cm,0,0,0,NA,NA,NA,NA,0,NA,NA,0,NA,NA,0,NA,NA,NA,NA,NA,NA,NA,371_T2_AH_20250827,NA,1,NA,NA,1,1,NA,0,NA,DCIM/context_n20250624152342459.jpg,DCIM/context_e20250624152335775.jpg,DCIM/context_s20250624152329596.jpg,DCIM/context_w20250624152323969.jpg,2025-06-24T15:23:00Z,16.47427847,49.4335687,DCIM/plot_e_20250624152131876.jpg,DCIM/plot_n_20250624152139845.jpg,TRUE,47,5,20,30
18,SM,advanced,>4,1,NA,0,0,0,NA,NA,NA,NA,0,NA,NA,0,NA,NA,0,NA,NA,NA,NA,NA,NA,NA,371_T2_AH_20250827,NA,1,NA,NA,1,1,NA,0,NA,DCIM/context_n20250624152342459.jpg,DCIM/context_e20250624152335775.jpg,DCIM/context_s20250624152329596.jpg,DCIM/context_w20250624152323969.jpg,2025-06-24T15:23:00Z,16.47427847,49.4335687,DCIM/plot_e_20250624152131876.jpg,DCIM/plot_n_20250624152139845.jpg,TRUE,47,5,5,5
19,BO,mature,NA,1,10–20cm,0,0,0,NA,NA,NA,NA,0,NA,NA,0,NA,NA,0,NA,NA,NA,NA,NA,NA,NA,374_T2_AH_20250827,NA,1,NA,NA,NA,1,NA,0,NA,DCIM/context_n20250624154846167.jpg,DCIM/context_e20250624154838882.jpg,DCIM/context_s20250624154832867.jpg,DCIM/context_w20250624154826251.jpg,2025-06-24T15:48:00Z,16.47425215,49.43339114,DCIM/plot_e_20250624154648251.jpg,DCIM/plot_n_20250624154657537.jpg,TRUE,47,5,10,15
17,MD,small,0.4–0.6,1,NA,0,0,0,NA,NA,NA,NA,0,NA,NA,0,NA,NA,0,NA,NA,NA,NA,NA,NA,NA,376_T2_AH_20250827,NA,1,NA,NA,1,NA,NA,1,Oplocenka,DCIM/context_n20250709082241989.jpg,DCIM/context_e20250709082235823.jpg,DCIM/context_s20250709082230012.jpg,DCIM/context_w20250709082222709.jpg,2025-07-09T08:21:29Z,16.21579944,49.25498571,DCIM/plot_e_20250709081934353.jpg,DCIM/plot_n_20250709081942673.jpg,TRUE,48,6,0.5,0.5
19,BO,small,0.2–0.4,1,NA,0,0,0,NA,NA,NA,NA,0,NA,NA,0,NA,NA,0,NA,NA,NA,NA,NA,NA,NA,376_T2_AH_20250827,NA,1,NA,NA,1,NA,NA,1,Oplocenka,DCIM/context_n20250709082241989.jpg,DCIM/context_e20250709082235823.jpg,DCIM/context_s20250709082230012.jpg,DCIM/context_w20250709082222709.jpg,2025-07-09T08:21:29Z,16.21579944,49.25498571,DCIM/plot_e_20250709081934353.jpg,DCIM/plot_n_20250709081942673.jpg,TRUE,48,6,0.3,0.3
24,DB,small,0.2–0.4,1,NA,1,1,100,1,terminal,chybajuci,NA,1,NA,NA,0,NA,NA,0,NA,NA,NA,NA,NA,NA,NA,377_T2_AH_20250827,NA,1,NA,NA,1,NA,NA,1,Oplocenka,DCIM/context_n20250709083406750.jpg,DCIM/context_e20250709083400251.jpg,DCIM/context_s20250709083354337.jpg,DCIM/context_w20250709083348108.jpg,2025-07-09T08:32:47Z,16.21523705,49.25501753,DCIM/plot_e_20250709083022075.jpg,DCIM/plot_n_20250709083029793.jpg,TRUE,48,6,0.3,0.3
24,DB,small,0.6–0.8,4,NA,1,1,25,2,terminal,chybajuci,NA,1,NA,NA,0,NA,NA,0,NA,NA,NA,NA,NA,NA,NA,378_T2_AH_20250827,NA,NA,1,NA,NA,NA,NA,1,Oplocenka,DCIM/context_n20250709090346298.jpg,DCIM/context_e20250709090340166.jpg,DCIM/context_s20250709090332998.jpg,DCIM/context_w20250709090326485.jpg,2025-07-09T09:01:42Z,16.22480176,49.2543065,DCIM/plot_e_20250709085640024.jpg,DCIM/plot_n_20250709085650182.jpg,TRUE,49,5,0.7,0.7
27,JIV,small,1.3–2.0,5,NA,0,0,0,NA,NA,NA,NA,0,NA,NA,0,NA,NA,0,NA,NA,NA,NA,NA,NA,NA,378_T2_AH_20250827,NA,NA,1,NA,NA,NA,NA,1,Oplocenka,DCIM/context_n20250709090346298.jpg,DCIM/context_e20250709090340166.jpg,DCIM/context_s20250709090332998.jpg,DCIM/context_w20250709090326485.jpg,2025-07-09T09:01:42Z,16.22480176,49.2543065,DCIM/plot_e_20250709085640024.jpg,DCIM/plot_n_20250709085650182.jpg,TRUE,49,5,1.7,1.7
17,MD,small,0.4–0.6,4,NA,1,1,25,1,terminal,chybajuci,NA,1,NA,NA,0,NA,NA,0,NA,NA,NA,NA,Okus,NA,NA,379_T2_AH_20250827,NA,1,NA,NA,1,NA,NA,1,Oplocenka 50 %,DCIM/context_n20250709091523675.jpg,DCIM/context_e20250709091514785.jpg,DCIM/context_s20250709091509142.jpg,DCIM/context_w20250709091503807.jpg,2025-07-09T09:13:46Z,16.22450949,49.25415434,DCIM/plot_e_20250709091104699.jpg,DCIM/plot_n_20250709091112552.jpg,TRUE,49,5,0.5,0.5
20,OS,small,1.0–1.3,1,NA,0,0,0,NA,NA,NA,NA,0,NA,NA,0,NA,NA,0,NA,NA,NA,NA,NA,NA,NA,379_T2_AH_20250827,NA,1,NA,NA,1,NA,NA,1,Oplocenka 50 %,DCIM/context_n20250709091523675.jpg,DCIM/context_e20250709091514785.jpg,DCIM/context_s20250709091509142.jpg,DCIM/context_w20250709091503807.jpg,2025-07-09T09:13:46Z,16.22450949,49.25415434,DCIM/plot_e_20250709091104699.jpg,DCIM/plot_n_20250709091112552.jpg,TRUE,49,5,1.2,1.2
24,DB,small,0.8–1.0,3,NA,0,0,0,NA,NA,NA,NA,0,NA,NA,0,NA,NA,0,NA,NA,NA,NA,NA,NA,NA,381_T2_AH_20250827,NA,1,1,NA,1,NA,1,1,Oplocenka,DCIM/context_n20250709111525825.jpg,DCIM/context_e20250709111519478.jpg,DCIM/context_s20250709111514735.jpg,DCIM/context_w20250709111509555.jpg,2025-07-09T11:14:11Z,15.94966702,49.0347718,DCIM/plot_e_20250709111246225.jpg,DCIM/plot_n_20250709111254779.jpg,TRUE,50,5,0.9,0.9
24,DB,small,1.3–2.0,3,NA,1,1,33.33333333333333,1,olistení,NA,NA,0,20-40,NA,1,60-80,NA,0,NA,NA,NA,NA,NA,NA,T2382ODB4,382_T2_AH_20250827,NA,1,NA,NA,1,NA,1,1,Oplocenka,DCIM/context_n20250709112504263.jpg,DCIM/context_e20250709112459018.jpg,DCIM/context_s20250709112454006.jpg,DCIM/context_w20250709112447879.jpg,2025-07-09T11:23:56Z,15.949396460000001,49.03478424,DCIM/plot_e_20250709111802168.jpg,DCIM/plot_n_20250709111810938.jpg,TRUE,50,5,1.7,1.7
10,BR,small,0.4–0.6,1,NA,0,0,0,NA,NA,NA,NA,0,NA,NA,0,NA,NA,0,NA,NA,NA,NA,NA,NA,NA,382_T2_AH_20250827,NA,1,NA,NA,1,NA,1,1,Oplocenka,DCIM/context_n20250709112504263.jpg,DCIM/context_e20250709112459018.jpg,DCIM/context_s20250709112454006.jpg,DCIM/context_w20250709112447879.jpg,2025-07-09T11:23:56Z,15.949396460000001,49.03478424,DCIM/plot_e_20250709111802168.jpg,DCIM/plot_n_20250709111810938.jpg,TRUE,50,5,0.5,0.5
24,DB,small,1.3–2.0,2,NA,1,2,100,1,olistení,NA,NA,0,40-60,1,2,20-40,NA,0,NA,NA,NA,NA,NA,NA,T2383ODB4,383_T2_AH_20250827,NA,NA,1,NA,NA,NA,1,1,"Oplocenka, na ploše bez černý 150 cm",DCIM/context_n20250709113519875.jpg,DCIM/context_e20250709113514295.jpg,DCIM/context_s20250709113509433.jpg,DCIM/context_w20250709113503813.jpg,2025-07-09T11:33:34Z,15.94912266,49.03480418,DCIM/plot_e_20250709112703147.jpg,DCIM/plot_n_20250709112710182.jpg,TRUE,50,5,1.7,1.7
24,DB,small,1.3–2.0,6,NA,1,6,100,1,olistení,NA,NA,0,0-20,5,6,0-20,NA,0,NA,NA,NA,NA,NA,NA,T2384ODB4,384_T2_AH_20250827,NA,NA,1,NA,1,0,1,1,Oplocenka,DCIM/context_n20250709114455706.jpg,DCIM/context_e20250709114450427.jpg,DCIM/context_s20250709114445602.jpg,DCIM/context_w20250709114440937.jpg,2025-07-09T11:43:50Z,15.94941317,49.03496594,DCIM/plot_e_20250709113846971.jpg,DCIM/plot_n_20250709113854187.jpg,TRUE,50,5,1.7,1.7
7,OL,mature,NA,1,10–20cm,1,0,0,1,terminal,NA,NA,0,NA,NA,0,NA,NA,0,NA,NA,NA,NA,NA,NA,NA,385_T2_AH_20250827,NA,NA,1,NA,NA,1,NA,0,NA,DCIM/context_n20250709120710591.jpg,DCIM/context_e20250709120704270.jpg,DCIM/context_s20250709120658073.jpg,DCIM/context_w20250709120651729.jpg,2025-07-09T12:06:04Z,15.95078707,49.03723435,DCIM/plot_e_20250709120335004.jpg,DCIM/plot_n_20250709120343358.jpg,TRUE,51,5,10,15
10,BR,small,0.8–1.0,1,NA,0,0,0,NA,NA,NA,NA,0,NA,NA,0,NA,NA,0,NA,NA,NA,NA,NA,NA,NA,385_T2_AH_20250827,NA,NA,1,NA,NA,1,NA,0,NA,DCIM/context_n20250709120710591.jpg,DCIM/context_e20250709120704270.jpg,DCIM/context_s20250709120658073.jpg,DCIM/context_w20250709120651729.jpg,2025-07-09T12:06:04Z,15.95078707,49.03723435,DCIM/plot_e_20250709120335004.jpg,DCIM/plot_n_20250709120343358.jpg,TRUE,51,5,0.9,0.9
7,OL,small,1.3–2.0,1,NA,0,0,0,NA,NA,NA,NA,0,NA,NA,0,NA,NA,0,NA,NA,NA,NA,NA,NA,NA,386_T2_AH_20250827,NA,NA,1,NA,NA,NA,1,0,NA,DCIM/context_n20250709121227262.jpg,DCIM/context_e20250709121220897.jpg,DCIM/context_s20250709121215651.jpg,DCIM/context_w20250709121210509.jpg,2025-07-09T12:11:37Z,15.95105872,49.03722302,DCIM/plot_e_20250709121036982.jpg,DCIM/plot_n_20250709121044918.jpg,TRUE,51,5,1.7,1.7
7,OL,small,1.3–2.0,1,NA,1,1,100,1,olistení,NA,NA,0,0-20,NA,1,20-40,NA,0,NA,NA,NA,NA,NA,NA,T2388OOL4,388_T2_AH_20250827,NA,NA,1,NA,NA,NA,1,0,NA,DCIM/context_n20250709122221891.jpg,DCIM/context_e20250709122217093.jpg,DCIM/context_s20250709122211782.jpg,DCIM/context_w20250709122205943.jpg,2025-07-09T12:21:36Z,15.95132862,49.03720764,DCIM/plot_e_20250709121836282.jpg,DCIM/plot_n_20250709121842648.jpg,TRUE,51,5,1.7,1.7
7,OL,advanced,2–4,1,NA,1,1,100,1,olistení,NA,NA,0,0-20,NA,1,0-20,NA,0,NA,NA,NA,NA,NA,NA,T2389POL4,389_T2_AH_20250827,NA,NA,1,NA,NA,1,1,0,NA,DCIM/context_n20250709123204640.jpg,DCIM/context_e20250709123155287.jpg,DCIM/context_s20250709123149591.jpg,DCIM/context_w20250709123143652.jpg,2025-07-09T12:31:12Z,15.9510302,49.03704294,DCIM/plot_e_20250709122454471.jpg,DCIM/plot_n_20250709122501422.jpg,TRUE,51,5,3,3
7,OL,small,1.0–1.3,1,NA,1,1,100,1,olistení,NA,NA,0,0-20,NA,1,0-20,NA,0,NA,NA,NA,NA,NA,NA,T2389OOL4,389_T2_AH_20250827,NA,NA,1,NA,NA,1,1,0,NA,DCIM/context_n20250709123204640.jpg,DCIM/context_e20250709123155287.jpg,DCIM/context_s20250709123149591.jpg,DCIM/context_w20250709123143652.jpg,2025-07-09T12:31:12Z,15.9510302,49.03704294,DCIM/plot_e_20250709122454471.jpg,DCIM/plot_n_20250709122501422.jpg,TRUE,51,5,1.2,1.2
27,JIV,small,1.0–1.3,3,NA,0,0,0,NA,NA,NA,NA,0,NA,NA,0,NA,NA,0,NA,NA,NA,NA,NA,NA,NA,391_T2_AH_20250827,NA,1,NA,NA,NA,NA,NA,1,Oplocenka,DCIM/context_n20250709144402712.jpg,DCIM/context_e20250709144357415.jpg,DCIM/context_s20250709144353006.jpg,DCIM/context_w20250709144346706.jpg,2025-07-09T14:42:53Z,15.79222365,49.43364403,DCIM/plot_e_20250709144133017.jpg,DCIM/plot_n_20250709144146700.jpg,TRUE,53,5,1.2,1.2
4,KL,small,0.6–0.8,2,NA,1,1,50,1,olistení,NA,NA,0,20-40,NA,1,20-40,NA,0,NA,NA,NA,NA,NA,NA,NA,392_T2_AH_20250827,NA,1,NA,NA,NA,NA,1,1,Oplocenka,DCIM/context_n20250709145106327.jpg,DCIM/context_e20250709145056406.jpg,DCIM/context_s20250709145145154.jpg,DCIM/context_w20250709145047277.jpg,2025-07-09T14:50:10Z,15.79197092,49.43383803,DCIM/plot_e_20250709144617049.jpg,DCIM/plot_n_20250709144626489.jpg,TRUE,53,5,0.7,0.7
4,KL,small,0.4–0.6,3,NA,1,1,33.33333333333333,1,kmen,NA,NA,0,NA,NA,0,NA,stare,1,mechanizace,NA,NA,NA,NA,NA,NA,393_T2_AH_20250827,NA,1,NA,NA,NA,NA,1,1,Oplocenka,DCIM/context_n20250709150326287.jpg,DCIM/context_e20250709150320089.jpg,DCIM/context_s20250709150314592.jpg,DCIM/context_w20250709150307639.jpg,2025-07-09T15:02:30Z,15.79228137,49.43399828,DCIM/plot_e_20250709150000374.jpg,DCIM/plot_n_20250709150012655.jpg,TRUE,53,5,0.5,0.5
10,BR,advanced,2–4,1,NA,1,1,100,1,olistení,NA,NA,0,0-20,NA,1,0-20,NA,0,NA,NA,NA,NA,NA,NA,T2394PBR4,394_T2_AH_20250827,NA,1,NA,NA,NA,NA,NA,1,Oplocenka,DCIM/context_n20250709151555102.jpg,DCIM/context_e20250709151550376.jpg,DCIM/context_s20250709151544027.jpg,DCIM/context_w20250709151537349.jpg,2025-07-09T15:15:04Z,15.7922509,49.433823,DCIM/plot_e_20250709151250389.jpg,DCIM/plot_n_20250709151256488.jpg,TRUE,53,5,3,3
27,JIV,small,0.8–1.0,2,NA,0,0,0,NA,NA,NA,NA,0,NA,NA,0,NA,NA,0,NA,NA,NA,NA,NA,NA,NA,394_T2_AH_20250827,NA,1,NA,NA,NA,NA,NA,1,Oplocenka,DCIM/context_n20250709151555102.jpg,DCIM/context_e20250709151550376.jpg,DCIM/context_s20250709151544027.jpg,DCIM/context_w20250709151537349.jpg,2025-07-09T15:15:04Z,15.7922509,49.433823,DCIM/plot_e_20250709151250389.jpg,DCIM/plot_n_20250709151256488.jpg,TRUE,53,5,0.9,0.9
27,JIV,small,0.6–0.8,2,NA,0,0,0,NA,NA,NA,NA,0,NA,NA,0,NA,NA,0,NA,NA,NA,NA,NA,NA,NA,394_T2_AH_20250827,NA,1,NA,NA,NA,NA,NA,1,Oplocenka,DCIM/context_n20250709151555102.jpg,DCIM/context_e20250709151550376.jpg,DCIM/context_s20250709151544027.jpg,DCIM/context_w20250709151537349.jpg,2025-07-09T15:15:04Z,15.7922509,49.433823,DCIM/plot_e_20250709151250389.jpg,DCIM/plot_n_20250709151256488.jpg,TRUE,53,5,0.7,0.7
27,JIV,small,0.8–1.0,1,NA,0,0,0,NA,NA,NA,NA,0,NA,NA,0,NA,NA,0,NA,NA,NA,NA,NA,NA,NA,395_T2_AH_20250827,NA,1,NA,NA,NA,NA,1,1,Oplocenka,DCIM/context_n20250709152658593.jpg,DCIM/context_e20250709152653048.jpg,DCIM/context_s20250709152648125.jpg,DCIM/context_w20250709152642829.jpg,2025-07-09T15:25:54Z,15.79252692,49.43381063,DCIM/plot_e_20250709152249646.jpg,DCIM/plot_n_20250709152256276.jpg,TRUE,53,5,0.9,0.9
4,KL,small,0.8–1.0,1,NA,1,1,100,1,olistení,NA,NA,0,0-20,NA,1,40-60,NA,0,NA,NA,NA,NA,NA,NA,NA,395_T2_AH_20250827,NA,1,NA,NA,NA,NA,1,1,Oplocenka,DCIM/context_n20250709152658593.jpg,DCIM/context_e20250709152653048.jpg,DCIM/context_s20250709152648125.jpg,DCIM/context_w20250709152642829.jpg,2025-07-09T15:25:54Z,15.79252692,49.43381063,DCIM/plot_e_20250709152249646.jpg,DCIM/plot_n_20250709152256276.jpg,TRUE,53,5,0.9,0.9
35,OL,small,1.0–1.3,3,NA,0,0,0,NA,NA,NA,NA,0,NA,NA,0,NA,NA,0,NA,NA,NA,NA,NA,NA,NA,396_T2_AH_20250827,NA,1,NA,NA,1,NA,NA,0,Krušina,DCIM/context_n20250715082403366.jpg,DCIM/context_e20250715082356735.jpg,DCIM/context_s20250715082349867.jpg,DCIM/context_w20250715082344320.jpg,2025-07-15T08:23:07Z,15.22193525,49.33555932,DCIM/plot_e_20250715081904616.jpg,DCIM/plot_n_20250715081928722.jpg,TRUE,54,5,1.2,1.2
10,BR,small,1.3–2.0,2,NA,0,0,0,NA,NA,NA,NA,0,NA,NA,0,NA,NA,0,NA,NA,NA,NA,NA,NA,NA,397_T2_AH_20250827,NA,1,NA,NA,NA,NA,NA,0,Krušina 2 ks 2m,DCIM/context_n20250715083105930.jpg,DCIM/context_e20250715083059432.jpg,DCIM/context_s20250715083052632.jpg,DCIM/context_w20250715083048693.jpg,2025-07-15T08:29:39Z,15.22163497,49.33539342,DCIM/plot_e_20250715082823272.jpg,DCIM/plot_n_20250715082832861.jpg,TRUE,54,5,1.7,1.7
10,BR,advanced,2–4,1,NA,0,0,0,NA,NA,NA,NA,0,NA,NA,0,NA,NA,0,NA,NA,NA,NA,NA,NA,NA,398_T2_AH_20250827,NA,1,NA,NA,NA,NA,NA,0,NA,DCIM/context_n20250715083640401.jpg,DCIM/context_e20250715083635454.jpg,DCIM/context_s20250715083630360.jpg,DCIM/context_w20250715083625298.jpg,2025-07-15T08:36:11Z,15.22191515,49.33537795,DCIM/plot_e_20250715083434865.jpg,DCIM/plot_n_20250715083444370.jpg,TRUE,54,5,3,3
10,BR,small,1.3–2.0,3,NA,0,0,0,NA,NA,NA,NA,0,NA,NA,0,NA,NA,0,NA,NA,NA,NA,NA,NA,NA,398_T2_AH_20250827,NA,1,NA,NA,NA,NA,NA,0,NA,DCIM/context_n20250715083640401.jpg,DCIM/context_e20250715083635454.jpg,DCIM/context_s20250715083630360.jpg,DCIM/context_w20250715083625298.jpg,2025-07-15T08:36:11Z,15.22191515,49.33537795,DCIM/plot_e_20250715083434865.jpg,DCIM/plot_n_20250715083444370.jpg,TRUE,54,5,1.7,1.7
10,BR,small,1.0–1.3,1,NA,0,0,0,NA,NA,NA,NA,0,NA,NA,0,NA,NA,0,NA,NA,NA,NA,NA,NA,NA,401_T2_AH_20250827,NA,NA,1,NA,NA,NA,1,1,Oplocenka,DCIM/context_n20250715093129057.jpg,DCIM/context_e20250715093123744.jpg,DCIM/context_s20250715093118303.jpg,DCIM/context_w20250715093112417.jpg,2025-07-15T09:29:59Z,15.19631024,49.23220516,DCIM/plot_e_20250715092911158.jpg,DCIM/plot_n_20250715092922170.jpg,TRUE,55,5,1.2,1.2
13,BK,small,0.6–0.8,2,NA,0,0,0,NA,NA,NA,NA,0,NA,NA,0,NA,NA,0,NA,NA,NA,NA,NA,NA,NA,401_T2_AH_20250827,NA,NA,1,NA,NA,NA,1,1,Oplocenka,DCIM/context_n20250715093129057.jpg,DCIM/context_e20250715093123744.jpg,DCIM/context_s20250715093118303.jpg,DCIM/context_w20250715093112417.jpg,2025-07-15T09:29:59Z,15.19631024,49.23220516,DCIM/plot_e_20250715092911158.jpg,DCIM/plot_n_20250715092922170.jpg,TRUE,55,5,0.7,0.7
7,OL,small,0.4–0.6,1,NA,1,1,100,1,terminal,odumrety,NA,1,NA,NA,0,NA,NA,0,NA,NA,NA,NA,NA,NA,NA,401_T4_TP_20250827,1,1,NA,NA,1,NA,1,1,NA,DCIM/context_n20250515115236165.jpg,DCIM/context_e20250515115224564.jpg,DCIM/context_s20250515115209248.jpg,DCIM/context_w20250515115151165.jpg,2025-05-15T11:49:40Z,15.84522371,49.60451033,DCIM/plot_e_20250515114449351.jpg,DCIM/plot_n_20250515114501688.jpg,TRUE,12,5,0.5,0.5
28,VRX,small,0.2–0.4,1,NA,0,0,0,NA,NA,NA,NA,0,NA,NA,0,NA,NA,0,NA,NA,NA,NA,NA,NA,NA,401_T4_TP_20250827,1,1,NA,NA,1,NA,1,1,NA,DCIM/context_n20250515115236165.jpg,DCIM/context_e20250515115224564.jpg,DCIM/context_s20250515115209248.jpg,DCIM/context_w20250515115151165.jpg,2025-05-15T11:49:40Z,15.84522371,49.60451033,DCIM/plot_e_20250515114449351.jpg,DCIM/plot_n_20250515114501688.jpg,TRUE,12,5,0.3,0.3
7,OL,small,0.4–0.6,1,NA,0,0,0,NA,NA,NA,NA,0,NA,NA,0,NA,NA,0,NA,NA,NA,NA,NA,NA,NA,402_T4_TP_20250827,NA,1,NA,NA,1,NA,1,1,NA,DCIM/context_n20250515120256921.jpg,DCIM/context_e20250515120243341.jpg,DCIM/context_s20250515120231058.jpg,DCIM/context_w20250515120216812.jpg,2025-05-15T12:00:37Z,15.84577228,49.60448414,DCIM/plot_e_20250515115849755.jpg,DCIM/plot_n_20250515115900670.jpg,TRUE,12,5,0.5,0.5
10,BR,small,0.8–1.0,1,NA,0,0,0,NA,NA,NA,NA,0,NA,NA,0,NA,NA,0,NA,NA,NA,NA,NA,NA,NA,403_T2_AH_20250827,NA,NA,1,NA,NA,1,NA,1,Oplocenka,DCIM/context_n20250715094104990.jpg,DCIM/context_e20250715094059644.jpg,DCIM/context_s20250715094054013.jpg,DCIM/context_w20250715094048801.jpg,2025-07-15T09:40:18Z,15.19603851,49.2322226,DCIM/plot_e_20250715093937746.jpg,DCIM/plot_n_20250715093945833.jpg,TRUE,55,5,0.9,0.9
18,SM,small,0.6–0.8,3,NA,1,2,66.66666666666666,1,terminal,chybajuci,1,2,NA,NA,0,NA,NA,0,NA,NA,NA,NA,NA,NA,NA,403_T4_TP_20250827,NA,1,NA,NA,1,NA,NA,1,NA,DCIM/context_n20250515121111688.jpg,DCIM/context_e20250515121103168.jpg,DCIM/context_s20250515121053385.jpg,DCIM/context_w20250515121041263.jpg,2025-05-15T12:09:35Z,15.84550113,49.60433381,DCIM/plot_e_20250515120643994.jpg,DCIM/plot_n_20250515120659087.jpg,TRUE,12,5,0.7,0.7
13,BK,small,1.3–2.0,2,NA,0,0,0,NA,NA,NA,NA,0,NA,NA,0,NA,NA,0,NA,NA,NA,NA,NA,NA,NA,404_T2_AH_20250827,NA,NA,1,NA,NA,1,1,1,Oplocenka,DCIM/context_n20250715094912946.jpg,DCIM/context_e20250715094907414.jpg,DCIM/context_s20250715094900948.jpg,DCIM/context_w20250715094855420.jpg,2025-07-15T09:48:27Z,15.19601875,49.23204445,DCIM/plot_e_20250715094756409.jpg,DCIM/plot_n_20250715094802707.jpg,TRUE,55,5,1.7,1.7
18,SM,small,1.3–2.0,1,NA,0,0,0,NA,NA,NA,NA,0,NA,NA,0,NA,NA,0,NA,NA,NA,NA,NA,NA,NA,404_T4_TP_20250827,NA,1,NA,NA,NA,NA,1,1,NA,DCIM/context_n20250515124109259.jpg,DCIM/context_e20250515124100562.jpg,DCIM/context_s20250515124053777.jpg,DCIM/context_w20250515124046401.jpg,2025-05-15T12:39:13Z,15.84774339,49.6023996,DCIM/plot_e_20250515123751981.jpg,DCIM/plot_n_20250515123806146.jpg,TRUE,13,5,1.7,1.7
10,BR,small,1.0–1.3,1,NA,0,0,0,NA,NA,NA,NA,0,NA,NA,0,NA,NA,0,NA,NA,NA,NA,NA,NA,NA,405_T2_AH_20250827,NA,1,NA,NA,NA,1,1,0,NA,DCIM/context_n20250715095447632.jpg,DCIM/context_e20250715095439494.jpg,DCIM/context_s20250715095433213.jpg,DCIM/context_w20250715095423591.jpg,2025-07-15T09:53:48Z,15.19576766,49.2322342,DCIM/plot_e_20250715095249714.jpg,DCIM/plot_n_20250715095259354.jpg,TRUE,55,5,1.2,1.2
18,SM,small,0.6–0.8,1,NA,0,0,0,NA,NA,NA,NA,0,NA,NA,0,NA,NA,0,NA,NA,NA,NA,NA,NA,NA,405_T2_AH_20250827,NA,1,NA,NA,NA,1,1,0,NA,DCIM/context_n20250715095447632.jpg,DCIM/context_e20250715095439494.jpg,DCIM/context_s20250715095433213.jpg,DCIM/context_w20250715095423591.jpg,2025-07-15T09:53:48Z,15.19576766,49.2322342,DCIM/plot_e_20250715095249714.jpg,DCIM/plot_n_20250715095259354.jpg,TRUE,55,5,0.7,0.7
13,BK,advanced,2–4,1,NA,1,1,100,1,olistení,NA,NA,0,40-60,NA,1,80-100,NA,0,NA,NA,NA,NA,NA,NA,NA,405_T4_TP_20250827,NA,1,NA,NA,NA,NA,1,1,NA,DCIM/context_n20250515125626460.jpg,DCIM/context_e20250515125619884.jpg,DCIM/context_s20250515125612668.jpg,DCIM/context_w20250515125604242.jpg,2025-05-15T12:54:50Z,15.84771317,49.60222781,DCIM/plot_e_20250515124748888.jpg,DCIM/plot_n_20250515124802512.jpg,TRUE,13,5,3,3
13,BK,small,1.0–1.3,1,NA,1,1,100,1,olistení,NA,NA,0,0-20,NA,1,80-100,NA,0,NA,NA,NA,NA,NA,NA,NA,405_T4_TP_20250827,NA,1,NA,NA,NA,NA,1,1,NA,DCIM/context_n20250515125626460.jpg,DCIM/context_e20250515125619884.jpg,DCIM/context_s20250515125612668.jpg,DCIM/context_w20250515125604242.jpg,2025-05-15T12:54:50Z,15.84771317,49.60222781,DCIM/plot_e_20250515124748888.jpg,DCIM/plot_n_20250515124802512.jpg,TRUE,13,5,1.2,1.2
10,BR,advanced,2–4,1,NA,1,1,100,1,olistení,NA,NA,0,0-20,NA,1,40-60,NA,0,NA,NA,NA,NA,NA,NA,T2406PBR4,406_T2_AH_20250827,NA,1,NA,NA,NA,NA,1,0,NA,DCIM/context_n20250715102744512.jpg,DCIM/context_e20250715102738197.jpg,DCIM/context_s20250715102730094.jpg,DCIM/context_w20250715102724567.jpg,2025-07-15T10:26:38Z,15.138715,49.13136637,DCIM/plot_e_20250715102234801.jpg,DCIM/plot_n_20250715102243155.jpg,TRUE,56,5,3,3
10,BR,small,1.3–2.0,1,NA,0,0,0,NA,NA,NA,NA,0,NA,NA,0,NA,NA,0,NA,NA,NA,NA,NA,NA,NA,406_T2_AH_20250827,NA,1,NA,NA,NA,NA,1,0,NA,DCIM/context_n20250715102744512.jpg,DCIM/context_e20250715102738197.jpg,DCIM/context_s20250715102730094.jpg,DCIM/context_w20250715102724567.jpg,2025-07-15T10:26:38Z,15.138715,49.13136637,DCIM/plot_e_20250715102234801.jpg,DCIM/plot_n_20250715102243155.jpg,TRUE,56,5,1.7,1.7
19,BO,small,0.4–0.6,5,NA,0,0,0,NA,NA,NA,NA,0,NA,NA,0,NA,NA,0,NA,NA,NA,NA,NA,NA,NA,406_T2_AH_20250827,NA,1,NA,NA,NA,NA,1,0,NA,DCIM/context_n20250715102744512.jpg,DCIM/context_e20250715102738197.jpg,DCIM/context_s20250715102730094.jpg,DCIM/context_w20250715102724567.jpg,2025-07-15T10:26:38Z,15.138715,49.13136637,DCIM/plot_e_20250715102234801.jpg,DCIM/plot_n_20250715102243155.jpg,TRUE,56,5,0.5,0.5
19,BO,small,0.6–0.8,1,NA,1,1,100,1,olistení,NA,NA,0,0-20,NA,1,0-20,NA,0,NA,NA,NA,NA,NA,NA,NA,406_T4_TP_20250827,NA,1,NA,NA,1,NA,NA,0,NA,DCIM/context_n20250520085332081.jpg,DCIM/context_e20250520085317699.jpg,DCIM/context_s20250520085304574.jpg,DCIM/context_w20250520085252865.jpg,2025-05-20T08:51:07Z,15.79125634,49.82366166,DCIM/plot_e_20250520084444025.jpg,DCIM/plot_n_20250520084537639.jpg,TRUE,122,5,0.7,0.7
10,BR,small,1.3–2.0,1,NA,0,0,0,NA,NA,NA,NA,0,NA,NA,0,NA,NA,0,NA,NA,NA,NA,NA,NA,NA,406_T4_TP_20250827,NA,1,NA,NA,1,NA,NA,0,NA,DCIM/context_n20250520085332081.jpg,DCIM/context_e20250520085317699.jpg,DCIM/context_s20250520085304574.jpg,DCIM/context_w20250520085252865.jpg,2025-05-20T08:51:07Z,15.79125634,49.82366166,DCIM/plot_e_20250520084444025.jpg,DCIM/plot_n_20250520084537639.jpg,TRUE,122,5,1.7,1.7
18,SM,advanced,2–4,3,NA,0,0,0,NA,NA,NA,NA,0,NA,NA,0,NA,NA,0,NA,NA,NA,NA,NA,NA,NA,407_T2_AH_20250827,NA,1,NA,NA,NA,NA,NA,0,NA,DCIM/context_n20250715103540254.jpg,DCIM/context_e20250715103533439.jpg,DCIM/context_s20250715103507709.jpg,DCIM/context_w20250715103525069.jpg,2025-07-15T10:34:18Z,15.13869578,49.1311877,DCIM/plot_e_20250715103137888.jpg,DCIM/plot_n_20250715103123621.jpg,TRUE,56,5,3,3
18,SM,small,1.3–2.0,6,NA,0,0,0,NA,NA,NA,NA,0,NA,NA,0,NA,NA,0,NA,NA,NA,NA,NA,NA,NA,407_T2_AH_20250827,NA,1,NA,NA,NA,NA,NA,0,NA,DCIM/context_n20250715103540254.jpg,DCIM/context_e20250715103533439.jpg,DCIM/context_s20250715103507709.jpg,DCIM/context_w20250715103525069.jpg,2025-07-15T10:34:18Z,15.13869578,49.1311877,DCIM/plot_e_20250715103137888.jpg,DCIM/plot_n_20250715103123621.jpg,TRUE,56,5,1.7,1.7
10,BR,small,0.6–0.8,2,NA,1,2,100,1,olistení,NA,NA,0,0-20,2,3,0-20,NA,0,NA,NA,NA,NA,NA,NA,NA,407_T4_TP_20250827,NA,1,NA,NA,NA,NA,NA,0,NA,DCIM/context_n20250520090621633.jpg,DCIM/context_e20250520090612456.jpg,DCIM/context_s20250520090603796.jpg,DCIM/context_w20250520090554089.jpg,2025-05-20T09:04:31Z,15.79127847,49.82384313,DCIM/plot_e_20250520085855728.jpg,DCIM/plot_n_20250520090000920.jpg,TRUE,122,5,0.7,0.7
19,BO,small,0.6–0.8,1,NA,0,0,0,NA,NA,NA,NA,0,NA,NA,0,NA,NA,0,NA,NA,NA,NA,NA,NA,NA,407_T4_TP_20250827,NA,1,NA,NA,NA,NA,NA,0,NA,DCIM/context_n20250520090621633.jpg,DCIM/context_e20250520090612456.jpg,DCIM/context_s20250520090603796.jpg,DCIM/context_w20250520090554089.jpg,2025-05-20T09:04:31Z,15.79127847,49.82384313,DCIM/plot_e_20250520085855728.jpg,DCIM/plot_n_20250520090000920.jpg,TRUE,122,5,0.7,0.7
10,BR,advanced,2–4,1,NA,1,1,100,1,olistení,NA,NA,0,20-40,NA,1,20-40,NA,0,NA,NA,NA,NA,NA,NA,T2408PBR4,408_T2_AH_20250827,NA,1,NA,NA,NA,NA,NA,0,NA,DCIM/context_n20250715104337668.jpg,DCIM/context_e20250715104331870.jpg,DCIM/context_s20250715104325287.jpg,DCIM/context_w20250715104319557.jpg,2025-07-15T10:42:53Z,15.13867713,49.13100585,DCIM/plot_e_20250715103919429.jpg,DCIM/plot_n_20250715103931241.jpg,TRUE,56,5,3,3
18,SM,advanced,2–4,1,NA,0,0,0,NA,NA,NA,NA,0,NA,NA,0,NA,NA,0,NA,NA,NA,NA,NA,NA,NA,408_T2_AH_20250827,NA,1,NA,NA,NA,NA,NA,0,NA,DCIM/context_n20250715104337668.jpg,DCIM/context_e20250715104331870.jpg,DCIM/context_s20250715104325287.jpg,DCIM/context_w20250715104319557.jpg,2025-07-15T10:42:53Z,15.13867713,49.13100585,DCIM/plot_e_20250715103919429.jpg,DCIM/plot_n_20250715103931241.jpg,TRUE,56,5,3,3
10,BR,small,0.2–0.4,2,NA,1,1,50,1,kmen,NA,NA,0,NA,NA,0,NA,stare,1,mechanizace,80-100,NA,NA,NA,NA,NA,408_T4_TP_20250827,NA,1,NA,NA,NA,NA,NA,0,Spadlá oplocenka,DCIM/context_n20250520092021946.jpg,DCIM/context_e20250520092014217.jpg,DCIM/context_s20250520092005602.jpg,DCIM/context_w20250520091952366.jpg,2025-05-20T09:18:14Z,15.79153353,49.82364889,DCIM/plot_e_20250520091313018.jpg,DCIM/plot_n_20250520091331155.jpg,TRUE,122,5,0.3,0.3
10,BR,advanced,2–4,1,NA,1,1,100,1,olistení,NA,NA,0,0-20,NA,1,20-40,NA,0,NA,NA,NA,NA,NA,NA,T2409PBR4,409_T2_AH_20250827,NA,1,NA,NA,NA,NA,1,0,NA,DCIM/context_n20250715105026866.jpg,DCIM/context_e20250715105018746.jpg,DCIM/context_s20250715105011513.jpg,DCIM/context_w20250715105005022.jpg,2025-07-15T10:49:40Z,15.13896532,49.13117366,DCIM/plot_e_20250715104627707.jpg,DCIM/plot_n_20250715104643110.jpg,TRUE,56,5,3,3
19,BO,small,1.0–1.3,1,NA,0,0,0,NA,NA,NA,NA,0,NA,NA,0,NA,NA,0,NA,NA,NA,NA,NA,NA,NA,409_T2_AH_20250827,NA,1,NA,NA,NA,NA,1,0,NA,DCIM/context_n20250715105026866.jpg,DCIM/context_e20250715105018746.jpg,DCIM/context_s20250715105011513.jpg,DCIM/context_w20250715105005022.jpg,2025-07-15T10:49:40Z,15.13896532,49.13117366,DCIM/plot_e_20250715104627707.jpg,DCIM/plot_n_20250715104643110.jpg,TRUE,56,5,1.2,1.2
10,BR,small,0.4–0.6,2,NA,0,0,0,NA,NA,NA,NA,0,NA,NA,0,NA,NA,0,NA,NA,NA,NA,NA,NA,NA,409_T2_AH_20250827,NA,1,NA,NA,NA,NA,1,0,NA,DCIM/context_n20250715105026866.jpg,DCIM/context_e20250715105018746.jpg,DCIM/context_s20250715105011513.jpg,DCIM/context_w20250715105005022.jpg,2025-07-15T10:49:40Z,15.13896532,49.13117366,DCIM/plot_e_20250715104627707.jpg,DCIM/plot_n_20250715104643110.jpg,TRUE,56,5,0.5,0.5
10,BR,advanced,2–4,1,NA,0,0,0,NA,NA,NA,NA,0,NA,NA,0,NA,NA,0,NA,NA,NA,NA,NA,NA,NA,409_T4_TP_20250827,NA,1,NA,NA,1,NA,NA,0,NA,DCIM/context_n20250520094214540.jpg,DCIM/context_e20250520094207255.jpg,DCIM/context_s20250520094158332.jpg,DCIM/context_w20250520094149475.jpg,2025-05-20T09:40:43Z,15.7912344,49.82348391,DCIM/plot_e_20250520092937180.jpg,DCIM/plot_n_20250520092951596.jpg,TRUE,122,5,3,3
18,SM,advanced,2–4,1,NA,0,0,0,NA,NA,NA,NA,0,NA,NA,0,NA,NA,0,NA,NA,NA,NA,NA,NA,NA,409_T4_TP_20250827,NA,1,NA,NA,1,NA,NA,0,NA,DCIM/context_n20250520094214540.jpg,DCIM/context_e20250520094207255.jpg,DCIM/context_s20250520094158332.jpg,DCIM/context_w20250520094149475.jpg,2025-05-20T09:40:43Z,15.7912344,49.82348391,DCIM/plot_e_20250520092937180.jpg,DCIM/plot_n_20250520092951596.jpg,TRUE,122,5,3,3
18,SM,small,1.3–2.0,2,NA,1,1,50,1,kmen,NA,NA,0,NA,NA,0,NA,stare,1,zver,80-100,20-30,NA,NA,NA,NA,409_T4_TP_20250827,NA,1,NA,NA,1,NA,NA,0,NA,DCIM/context_n20250520094214540.jpg,DCIM/context_e20250520094207255.jpg,DCIM/context_s20250520094158332.jpg,DCIM/context_w20250520094149475.jpg,2025-05-20T09:40:43Z,15.7912344,49.82348391,DCIM/plot_e_20250520092937180.jpg,DCIM/plot_n_20250520092951596.jpg,TRUE,122,5,1.7,1.7
18,SM,mature,NA,1,10–20cm,0,0,0,NA,NA,NA,NA,0,NA,NA,0,NA,NA,0,NA,NA,NA,NA,NA,NA,NA,410_T2_AH_20250827,NA,1,NA,NA,NA,1,NA,0,NA,DCIM/context_n20250715105537811.jpg,DCIM/context_e20250715105532266.jpg,DCIM/context_s20250715105526651.jpg,DCIM/context_w20250715105520336.jpg,2025-07-15T10:54:53Z,15.13841731,49.13119941,DCIM/plot_e_20250715105331912.jpg,DCIM/plot_n_20250715105341181.jpg,TRUE,56,5,10,15
18,SM,small,1.3–2.0,1,NA,0,0,0,NA,NA,NA,NA,0,NA,NA,0,NA,NA,0,NA,NA,NA,NA,NA,NA,NA,410_T2_AH_20250827,NA,1,NA,NA,NA,1,NA,0,NA,DCIM/context_n20250715105537811.jpg,DCIM/context_e20250715105532266.jpg,DCIM/context_s20250715105526651.jpg,DCIM/context_w20250715105520336.jpg,2025-07-15T10:54:53Z,15.13841731,49.13119941,DCIM/plot_e_20250715105331912.jpg,DCIM/plot_n_20250715105341181.jpg,TRUE,56,5,1.7,1.7
18,SM,small,1.3–2.0,3,NA,1,2,66.66666666666666,1,olistení,NA,NA,0,20-40,1,2,80-100,NA,0,NA,NA,NA,NA,NA,NA,NA,410_T4_TP_20250827,1,1,NA,NA,1,NA,NA,0,NA,DCIM/context_n20250520095036277.jpg,DCIM/context_e20250520095029315.jpg,DCIM/context_s20250520095019453.jpg,DCIM/context_w20250520095010864.jpg,2025-05-20T09:48:53Z,15.79097913,49.82367768,DCIM/plot_e_20250520094444436.jpg,DCIM/plot_n_20250520094456060.jpg,TRUE,122,5,1.7,1.7
19,BO,small,1.0–1.3,5,NA,0,0,0,NA,NA,NA,NA,0,NA,NA,0,NA,NA,0,NA,NA,NA,NA,NA,NA,NA,411_T2_AH_20250827,NA,1,NA,NA,NA,NA,NA,0,NA,DCIM/context_n20250715123655314.jpg,DCIM/context_e20250715123648966.jpg,DCIM/context_s20250715123643626.jpg,DCIM/context_w20250715123638295.jpg,2025-07-15T12:35:45Z,15.2821021,49.10598739,DCIM/plot_e_20250715123400126.jpg,DCIM/plot_n_20250715123408331.jpg,TRUE,57,5,1.2,1.2
23,DG,small,0.6–0.8,2,NA,0,0,0,NA,NA,NA,NA,0,NA,NA,0,NA,NA,0,NA,NA,NA,NA,NA,NA,NA,411_T2_AH_20250827,NA,1,NA,NA,NA,NA,NA,0,NA,DCIM/context_n20250715123655314.jpg,DCIM/context_e20250715123648966.jpg,DCIM/context_s20250715123643626.jpg,DCIM/context_w20250715123638295.jpg,2025-07-15T12:35:45Z,15.2821021,49.10598739,DCIM/plot_e_20250715123400126.jpg,DCIM/plot_n_20250715123408331.jpg,TRUE,57,5,0.7,0.7
18,SM,small,0.2–0.4,2,NA,1,1,50,1,kmen,NA,NA,0,NA,NA,0,NA,stare,1,mechanizace,80-100,20-30,NA,NA,NA,NA,411_T4_TP_20250827,NA,1,NA,NA,NA,NA,1,1,NA,DCIM/context_n20250520102025222.jpg,DCIM/context_e20250520102011304.jpg,DCIM/context_s20250520102000509.jpg,DCIM/context_w20250520101954130.jpg,2025-05-20T10:17:52Z,15.79285828,49.82538405,DCIM/plot_e_20250520100341513.jpg,DCIM/plot_n_20250520100353301.jpg,TRUE,123,5,0.3,0.3
19,BO,small,0.2–0.4,1,NA,1,1,100,1,kmen,NA,NA,0,NA,NA,0,NA,stare,1,mechanizace,80-100,NA,NA,NA,NA,NA,411_T4_TP_20250827,NA,1,NA,NA,NA,NA,1,1,NA,DCIM/context_n20250520102025222.jpg,DCIM/context_e20250520102011304.jpg,DCIM/context_s20250520102000509.jpg,DCIM/context_w20250520101954130.jpg,2025-05-20T10:17:52Z,15.79285828,49.82538405,DCIM/plot_e_20250520100341513.jpg,DCIM/plot_n_20250520100353301.jpg,TRUE,123,5,0.3,0.3
19,BO,small,1.3–2.0,9,NA,0,0,0,NA,NA,NA,NA,0,NA,NA,0,NA,NA,0,NA,NA,NA,NA,NA,NA,NA,412_T2_AH_20250827,NA,1,NA,NA,NA,NA,NA,0,NA,DCIM/context_n20250715124436908.jpg,DCIM/context_e20250715124431559.jpg,DCIM/context_s20250715124426632.jpg,DCIM/context_w20250715124421904.jpg,2025-07-15T12:43:55Z,15.28239429,49.1061503,DCIM/plot_e_20250715124150438.jpg,DCIM/plot_n_20250715124205060.jpg,TRUE,57,5,1.7,1.7
27,JIV,small,1.3–2.0,2,NA,0,0,0,NA,NA,NA,NA,0,NA,NA,0,NA,NA,0,NA,NA,NA,NA,NA,NA,NA,412_T2_AH_20250827,NA,1,NA,NA,NA,NA,NA,0,NA,DCIM/context_n20250715124436908.jpg,DCIM/context_e20250715124431559.jpg,DCIM/context_s20250715124426632.jpg,DCIM/context_w20250715124421904.jpg,2025-07-15T12:43:55Z,15.28239429,49.1061503,DCIM/plot_e_20250715124150438.jpg,DCIM/plot_n_20250715124205060.jpg,TRUE,57,5,1.7,1.7
10,BR,small,1.3–2.0,1,NA,0,0,0,NA,NA,NA,NA,0,NA,NA,0,NA,NA,0,NA,NA,NA,NA,NA,NA,NA,412_T4_TP_20250827,NA,1,NA,NA,NA,NA,1,1,NA,DCIM/context_n20250520103503347.jpg,DCIM/context_e20250520103454121.jpg,DCIM/context_s20250520103443748.jpg,DCIM/context_w20250520103433228.jpg,2025-05-20T10:33:41Z,15.79287976,49.82556386,DCIM/plot_e_20250520102306963.jpg,DCIM/plot_n_20250520102320234.jpg,TRUE,123,5,1.7,1.7
19,BO,small,0.6–0.8,1,NA,1,1,100,1,olistení,NA,NA,0,60-80,NA,1,60-80,NA,0,NA,NA,NA,NA,NA,NA,T4412PBO4,412_T4_TP_20250827,NA,1,NA,NA,NA,NA,1,1,NA,DCIM/context_n20250520103503347.jpg,DCIM/context_e20250520103454121.jpg,DCIM/context_s20250520103443748.jpg,DCIM/context_w20250520103433228.jpg,2025-05-20T10:33:41Z,15.79287976,49.82556386,DCIM/plot_e_20250520102306963.jpg,DCIM/plot_n_20250520102320234.jpg,TRUE,123,5,0.7,0.7
19,BO,small,1.3–2.0,10,NA,1,8,80,1,olistení,NA,NA,0,0-20,7,8,40-60,NA,0,NA,NA,NA,NA,NA,NA,T2413OBO4,413_T2_AH_20250827,NA,1,NA,NA,NA,NA,NA,0,NA,DCIM/context_n20250715125538127.jpg,DCIM/context_e20250715125532078.jpg,DCIM/context_s20250715125525170.jpg,DCIM/context_w20250715125518043.jpg,2025-07-15T12:54:45Z,15.282144,49.10634554,DCIM/plot_e_20250715125009720.jpg,DCIM/plot_n_20250715125018075.jpg,TRUE,57,5,1.7,1.7
18,SM,small,0.2–0.4,2,NA,0,0,0,NA,NA,NA,NA,0,NA,NA,0,NA,NA,0,NA,NA,NA,NA,NA,NA,NA,413_T4_TP_20250827,NA,1,NA,NA,NA,NA,1,0,NA,DCIM/context_n20250520104703965.jpg,DCIM/context_e20250520104655434.jpg,DCIM/context_s20250520104648546.jpg,DCIM/context_w20250520104641590.jpg,2025-05-20T10:45:30Z,15.79313428,49.82536981,DCIM/plot_e_20250520103822918.jpg,DCIM/plot_n_20250520103842062.jpg,TRUE,123,5,0.3,0.3
18,SM,small,0.2–0.4,3,NA,0,0,0,NA,NA,NA,NA,0,NA,NA,0,NA,NA,0,NA,NA,NA,NA,NA,NA,NA,413_T4_TP_20250827,NA,1,NA,NA,NA,NA,1,0,NA,DCIM/context_n20250520104703965.jpg,DCIM/context_e20250520104655434.jpg,DCIM/context_s20250520104648546.jpg,DCIM/context_w20250520104641590.jpg,2025-05-20T10:45:30Z,15.79313428,49.82536981,DCIM/plot_e_20250520103822918.jpg,DCIM/plot_n_20250520103842062.jpg,TRUE,123,5,0.3,0.3
19,BO,small,0.2–0.4,1,NA,1,1,100,1,kmen,NA,NA,0,NA,NA,0,NA,stare,1,zver,20-40,NA,NA,NA,NA,NA,413_T4_TP_20250827,NA,1,NA,NA,NA,NA,1,0,NA,DCIM/context_n20250520104703965.jpg,DCIM/context_e20250520104655434.jpg,DCIM/context_s20250520104648546.jpg,DCIM/context_w20250520104641590.jpg,2025-05-20T10:45:30Z,15.79313428,49.82536981,DCIM/plot_e_20250520103822918.jpg,DCIM/plot_n_20250520103842062.jpg,TRUE,123,5,0.3,0.3
19,BO,small,1.3–2.0,7,NA,0,0,0,NA,NA,NA,NA,0,NA,NA,0,NA,NA,0,NA,NA,NA,NA,NA,NA,NA,414_T2_AH_20250827,NA,1,NA,NA,NA,NA,1,0,NA,DCIM/context_n20250715130220159.jpg,DCIM/context_e20250715130214081.jpg,DCIM/context_s20250715130207310.jpg,DCIM/context_w20250715130201317.jpg,2025-07-15T13:01:20Z,15.28212169,49.1061651,DCIM/plot_e_20250715125949063.jpg,DCIM/plot_n_20250715130010519.jpg,TRUE,57,5,1.7,1.7
19,BO,small,1.0–1.3,2,NA,1,2,100,1,olistení,NA,NA,0,0-20,1,2,0-20,NA,0,NA,NA,NA,NA,NA,NA,T4414PBO4,414_T4_TP_20250827,NA,1,NA,NA,NA,NA,1,1,NA,DCIM/context_n20250520111304253.jpg,DCIM/context_e20250520111256665.jpg,DCIM/context_s20250520111249566.jpg,DCIM/context_w20250520111237684.jpg,2025-05-20T11:11:53Z,15.79283602,49.82520564,DCIM/plot_e_20250520110526976.jpg,DCIM/plot_n_20250520110539802.jpg,TRUE,123,5,1.2,1.2
18,SM,small,0.2–0.4,1,NA,1,1,100,1,kmen,NA,NA,0,NA,NA,0,NA,stare,1,mechanizace,80-100,NA,NA,NA,NA,NA,414_T4_TP_20250827,NA,1,NA,NA,NA,NA,1,1,NA,DCIM/context_n20250520111304253.jpg,DCIM/context_e20250520111256665.jpg,DCIM/context_s20250520111249566.jpg,DCIM/context_w20250520111237684.jpg,2025-05-20T11:11:53Z,15.79283602,49.82520564,DCIM/plot_e_20250520110526976.jpg,DCIM/plot_n_20250520110539802.jpg,TRUE,123,5,0.3,0.3
19,BO,small,1.3–2.0,13,NA,1,13,100,1,olistení,NA,NA,0,0-20,12,13,20-40,NA,0,NA,NA,NA,NA,NA,NA,T2415OBO4,415_T2_AH_20250827,NA,1,NA,NA,NA,NA,NA,0,NA,DCIM/context_n20250715131209154.jpg,DCIM/context_e20250715131203509.jpg,DCIM/context_s20250715131156458.jpg,DCIM/context_w20250715131150929.jpg,2025-07-15T13:11:09Z,15.28185142,49.10617552,DCIM/plot_e_20250715130714631.jpg,DCIM/plot_n_20250715130723603.jpg,TRUE,57,5,1.7,1.7
19,BO,small,1.0–1.3,2,NA,1,1,50,1,kmen,NA,NA,0,NA,NA,0,NA,cerstve,1,zver,40-60,NA,NA,NA,NA,NA,415_T4_TP_20250827,NA,1,NA,NA,NA,NA,1,1,NA,DCIM/context_n20250520112419852.jpg,DCIM/context_e20250520112410324.jpg,DCIM/context_s20250520112403131.jpg,DCIM/context_w20250520112355537.jpg,2025-05-20T11:23:09Z,15.79257906,49.82539892,DCIM/plot_e_20250520111635199.jpg,DCIM/plot_n_20250520111652308.jpg,TRUE,123,5,1.2,1.2
10,BR,small,0.2–0.4,2,NA,1,1,50,1,kmen,NA,NA,0,NA,NA,0,NA,stare,1,mechanizace,80-100,NA,NA,NA,NA,NA,415_T4_TP_20250827,NA,1,NA,NA,NA,NA,1,1,NA,DCIM/context_n20250520112419852.jpg,DCIM/context_e20250520112410324.jpg,DCIM/context_s20250520112403131.jpg,DCIM/context_w20250520112355537.jpg,2025-05-20T11:23:09Z,15.79257906,49.82539892,DCIM/plot_e_20250520111635199.jpg,DCIM/plot_n_20250520111652308.jpg,TRUE,123,5,0.3,0.3
10,BR,small,0.8–1.0,3,NA,1,2,66.66666666666666,1,olistení,NA,NA,0,0-20,1,2,40-60,NA,0,NA,NA,NA,NA,NA,NA,Mráz,416_T4_TP_20250827,NA,1,NA,NA,NA,NA,1,1,Oplocenka,DCIM/context_n20250520121536157.jpg,DCIM/context_e20250520121529254.jpg,DCIM/context_s20250520121522178.jpg,DCIM/context_w20250520121514160.jpg,2025-05-20T12:14:19Z,15.7981433,49.82295006,DCIM/plot_e_20250520120533232.jpg,DCIM/plot_n_20250520120543745.jpg,TRUE,124,5,0.9,0.9
1,JD,small,0.6–0.8,1,NA,1,1,100,1,olistení,NA,NA,0,60-80,NA,1,80-100,NA,0,NA,NA,NA,NA,NA,NA,Mráz,416_T4_TP_20250827,NA,1,NA,NA,NA,NA,1,1,Oplocenka,DCIM/context_n20250520121536157.jpg,DCIM/context_e20250520121529254.jpg,DCIM/context_s20250520121522178.jpg,DCIM/context_w20250520121514160.jpg,2025-05-20T12:14:19Z,15.7981433,49.82295006,DCIM/plot_e_20250520120533232.jpg,DCIM/plot_n_20250520120543745.jpg,TRUE,124,5,0.7,0.7
28,VRX,small,0.4–0.6,2,NA,1,1,50,2,kmen,NA,NA,0,NA,NA,0,NA,stare,1,mechanizace,60-80,NA,NA,NA,NA,NA,416_T4_TP_20250827,NA,1,NA,NA,NA,NA,1,1,Oplocenka,DCIM/context_n20250520121536157.jpg,DCIM/context_e20250520121529254.jpg,DCIM/context_s20250520121522178.jpg,DCIM/context_w20250520121514160.jpg,2025-05-20T12:14:19Z,15.7981433,49.82295006,DCIM/plot_e_20250520120533232.jpg,DCIM/plot_n_20250520120543745.jpg,TRUE,124,5,0.5,0.5
24,DB,small,0.6–0.8,3,NA,0,0,0,NA,NA,NA,NA,0,NA,NA,0,NA,NA,0,NA,NA,NA,NA,NA,NA,NA,417_T2_AH_20250827,NA,1,NA,NA,NA,NA,1,1,Oplocenka,DCIM/context_n20250715134105103.jpg,DCIM/context_e20250715134100243.jpg,DCIM/context_s20250715134055114.jpg,DCIM/context_w20250715134050636.jpg,2025-07-15T13:40:23Z,15.29313882,49.11101307,DCIM/plot_e_20250715133945010.jpg,DCIM/plot_n_20250715133951966.jpg,TRUE,58,5,0.7,0.7
10,BR,small,1.3–2.0,1,NA,0,0,0,NA,NA,NA,NA,0,NA,NA,0,NA,NA,0,NA,NA,NA,NA,NA,NA,NA,417_T4_TP_20250827,NA,1,NA,NA,NA,NA,1,1,Oplocenka,DCIM/context_n20250520122222099.jpg,DCIM/context_e20250520122215396.jpg,DCIM/context_s20250520122209670.jpg,DCIM/context_w20250520122203095.jpg,2025-05-20T12:21:22Z,15.79817339,49.82312382,DCIM/plot_e_20250520121829536.jpg,DCIM/plot_n_20250520121841901.jpg,TRUE,124,5,1.7,1.7
1,JD,small,0.4–0.6,1,NA,1,1,100,1,olistení,NA,NA,0,40-60,NA,1,80-100,NA,0,NA,NA,NA,NA,NA,NA,Mráz,417_T4_TP_20250827,NA,1,NA,NA,NA,NA,1,1,Oplocenka,DCIM/context_n20250520122222099.jpg,DCIM/context_e20250520122215396.jpg,DCIM/context_s20250520122209670.jpg,DCIM/context_w20250520122203095.jpg,2025-05-20T12:21:22Z,15.79817339,49.82312382,DCIM/plot_e_20250520121829536.jpg,DCIM/plot_n_20250520121841901.jpg,TRUE,124,5,0.5,0.5
10,BR,advanced,2–4,2,NA,0,0,0,NA,NA,NA,NA,0,NA,NA,0,NA,NA,0,NA,NA,NA,NA,NA,NA,NA,418_T4_TP_20250827,NA,1,NA,NA,NA,NA,1,1,Oplocenka,DCIM/context_n20250520123251283.jpg,DCIM/context_e20250520123242153.jpg,DCIM/context_s20250520123236320.jpg,DCIM/context_w20250520123229541.jpg,2025-05-20T12:31:44Z,15.79793066,49.82296336,DCIM/plot_e_20250520122516561.jpg,DCIM/plot_n_20250520122608584.jpg,TRUE,124,5,3,3
1,JD,small,0.4–0.6,1,NA,1,1,100,1,olistení,NA,NA,0,0-20,NA,1,80-100,NA,0,NA,NA,NA,NA,NA,NA,Mráz,418_T4_TP_20250827,NA,1,NA,NA,NA,NA,1,1,Oplocenka,DCIM/context_n20250520123251283.jpg,DCIM/context_e20250520123242153.jpg,DCIM/context_s20250520123236320.jpg,DCIM/context_w20250520123229541.jpg,2025-05-20T12:31:44Z,15.79793066,49.82296336,DCIM/plot_e_20250520122516561.jpg,DCIM/plot_n_20250520122608584.jpg,TRUE,124,5,0.5,0.5
28,VRX,small,0.4–0.6,1,NA,0,0,0,NA,NA,NA,NA,0,NA,NA,0,NA,NA,0,NA,NA,NA,NA,NA,NA,NA,418_T4_TP_20250827,NA,1,NA,NA,NA,NA,1,1,Oplocenka,DCIM/context_n20250520123251283.jpg,DCIM/context_e20250520123242153.jpg,DCIM/context_s20250520123236320.jpg,DCIM/context_w20250520123229541.jpg,2025-05-20T12:31:44Z,15.79793066,49.82296336,DCIM/plot_e_20250520122516561.jpg,DCIM/plot_n_20250520122608584.jpg,TRUE,124,5,0.5,0.5
23,DG,small,0.2–0.4,1,NA,0,0,0,NA,NA,NA,NA,0,NA,NA,0,NA,NA,0,NA,NA,NA,NA,NA,NA,NA,419_T2_AH_20250827,NA,1,0,NA,NA,NA,1,1,Oplocenka,DCIM/context_n20250715135004147.jpg,DCIM/context_e20250715134959503.jpg,DCIM/context_s20250715134953908.jpg,DCIM/context_w20250715134949010.jpg,2025-07-15T13:49:07Z,15.29341643,49.1109986,DCIM/plot_e_20250715134801685.jpg,DCIM/plot_n_20250715134809939.jpg,TRUE,58,5,0.3,0.3
18,SM,small,0.2–0.4,1,NA,0,0,0,NA,NA,NA,NA,0,NA,NA,0,NA,NA,0,NA,NA,NA,NA,NA,NA,NA,419_T2_AH_20250827,NA,1,0,NA,NA,NA,1,1,Oplocenka,DCIM/context_n20250715135004147.jpg,DCIM/context_e20250715134959503.jpg,DCIM/context_s20250715134953908.jpg,DCIM/context_w20250715134949010.jpg,2025-07-15T13:49:07Z,15.29341643,49.1109986,DCIM/plot_e_20250715134801685.jpg,DCIM/plot_n_20250715134809939.jpg,TRUE,58,5,0.3,0.3
18,SM,small,1.0–1.3,2,NA,0,0,0,NA,NA,NA,NA,0,NA,NA,0,NA,NA,0,NA,NA,NA,NA,NA,NA,NA,419_T4_TP_20250827,NA,1,NA,NA,NA,NA,1,1,NA,DCIM/context_n20250520124311374.jpg,DCIM/context_e20250520124305773.jpg,DCIM/context_s20250520124259656.jpg,DCIM/context_w20250520124252022.jpg,2025-05-20T12:42:06Z,15.79813127,49.82277973,DCIM/plot_e_20250520123719380.jpg,DCIM/plot_n_20250520123732042.jpg,TRUE,124,5,1.2,1.2
10,BR,small,1.3–2.0,2,NA,1,1,50,2,kmen,NA,NA,0,NA,NA,0,NA,stare,1,mechanizace,80-100,NA,NA,NA,NA,NA,419_T4_TP_20250827,NA,1,NA,NA,NA,NA,1,1,NA,DCIM/context_n20250520124311374.jpg,DCIM/context_e20250520124305773.jpg,DCIM/context_s20250520124259656.jpg,DCIM/context_w20250520124252022.jpg,2025-05-20T12:42:06Z,15.79813127,49.82277973,DCIM/plot_e_20250520123719380.jpg,DCIM/plot_n_20250520123732042.jpg,TRUE,124,5,1.7,1.7
13,BK,small,1.0–1.3,2,NA,1,1,50,1,olistení,NA,NA,0,0-20,NA,1,40-60,NA,0,NA,NA,NA,NA,NA,NA,T2421OBK4,421_T2_AH_20250827,NA,1,NA,1,NA,NA,1,1,Oplocenka,DCIM/context_n20250715140943062.jpg,DCIM/context_e20250715140937301.jpg,DCIM/context_s20250715140931690.jpg,DCIM/context_w20250715140926210.jpg,2025-07-15T14:08:51Z,15.2971493,49.10797848,DCIM/plot_e_20250715140425517.jpg,DCIM/plot_n_20250715140431850.jpg,TRUE,59,5,1.2,1.2
13,BK,small,1.3–2.0,2,NA,1,2,100,1,olistení,NA,NA,0,60-80,1,2,60-80,NA,0,NA,NA,NA,NA,NA,NA,Mráz,421_T4_TP_20250827,NA,1,NA,NA,NA,NA,1,1,Oplocenka,DCIM/context_n20250522083451064.jpg,DCIM/context_e20250522083434410.jpg,DCIM/context_s20250522083424523.jpg,DCIM/context_w20250522083415685.jpg,2025-05-22T08:33:24Z,15.6832582,49.84427703,DCIM/plot_e_20250522083014462.jpg,DCIM/plot_n_20250522083028820.jpg,TRUE,125,6,1.7,1.7
13,BK,small,0.4–0.6,2,NA,0,0,0,NA,NA,NA,NA,0,NA,NA,0,NA,NA,0,NA,NA,NA,NA,NA,NA,NA,422_T2_AH_20250827,NA,1,NA,NA,NA,NA,1,1,Oplocenka,DCIM/context_n20250715141645779.jpg,DCIM/context_e20250715141638427.jpg,DCIM/context_s20250715141632779.jpg,DCIM/context_w20250715141627085.jpg,2025-07-15T14:15:56Z,15.29689054,49.10816993,DCIM/plot_e_20250715141434566.jpg,DCIM/plot_n_20250715141442733.jpg,TRUE,59,5,0.5,0.5
13,BK,small,1.3–2.0,2,NA,1,2,100,1,olistení,NA,NA,0,60-80,1,2,60-80,NA,0,NA,NA,NA,NA,NA,NA,Mráz,422_T4_TP_20250827,NA,1,NA,NA,NA,NA,1,1,Oplocenka,DCIM/context_n20250522084428293.jpg,DCIM/context_e20250522084421799.jpg,DCIM/context_s20250522084415946.jpg,DCIM/context_w20250522084407060.jpg,2025-05-22T08:43:22Z,15.68298033,49.84429052,DCIM/plot_e_20250522084009265.jpg,DCIM/plot_n_20250522084019987.jpg,TRUE,125,6,1.7,1.7
19,BO,small,0.2–0.4,2,NA,0,0,0,NA,NA,NA,NA,0,NA,NA,0,NA,NA,0,NA,NA,NA,NA,NA,NA,NA,423_T2_AH_20250827,NA,1,NA,1,1,NA,NA,0,NA,DCIM/context_n20250715144353914.jpg,DCIM/context_e20250715144348049.jpg,DCIM/context_s20250715144341686.jpg,DCIM/context_w20250715144334666.jpg,2025-07-15T14:42:29Z,15.29457353,49.14523593,DCIM/plot_e_20250715144212452.jpg,DCIM/plot_n_20250715144223229.jpg,TRUE,60,5,0.3,0.3
1,JD,small,0.6–0.8,2,NA,1,2,100,1,olistení,NA,NA,0,60-80,1,2,80-100,NA,0,NA,NA,NA,NA,NA,NA,Mráz,423_T4_TP_20250827,NA,1,NA,NA,NA,NA,1,1,Oplocenka,DCIM/context_n20250522085417672.jpg,DCIM/context_e20250522085410002.jpg,DCIM/context_s20250522085404471.jpg,DCIM/context_w20250522085358651.jpg,2025-05-22T08:53:07Z,15.68323686,49.84409751,DCIM/plot_e_20250522084937709.jpg,DCIM/plot_n_20250522084952716.jpg,TRUE,125,6,0.7,0.7
19,BO,small,0.4–0.6,1,NA,0,0,0,NA,NA,NA,NA,0,NA,NA,0,NA,NA,0,NA,NA,NA,NA,NA,NA,NA,424_T2_AH_20250827,NA,1,1,NA,NA,NA,NA,0,NA,DCIM/context_n20250715144819185.jpg,DCIM/context_e20250715144814556.jpg,DCIM/context_s20250715144809927.jpg,DCIM/context_w20250715144804048.jpg,2025-07-15T14:47:37Z,15.2945559,49.14505285,DCIM/plot_e_20250715144658207.jpg,DCIM/plot_n_20250715144704670.jpg,TRUE,60,5,0.5,0.5
19,BO,small,1.3–2.0,2,NA,0,0,0,NA,NA,NA,NA,0,NA,NA,0,NA,NA,0,NA,NA,NA,NA,NA,NA,NA,425_T2_AH_20250827,NA,1,1,NA,NA,NA,1,0,NA,DCIM/context_n20250715145315160.jpg,DCIM/context_e20250715145307543.jpg,DCIM/context_s20250715145302028.jpg,DCIM/context_w20250715145257285.jpg,2025-07-15T14:51:58Z,15.29427765,49.14506776,DCIM/plot_e_20250715145015093.jpg,DCIM/plot_n_20250715145024366.jpg,TRUE,60,5,1.7,1.7
10,BR,small,0.8–1.0,8,NA,0,0,0,NA,NA,NA,NA,0,NA,NA,0,NA,NA,0,NA,NA,NA,NA,NA,NA,NA,425_T2_AH_20250827,NA,1,1,NA,NA,NA,1,0,NA,DCIM/context_n20250715145315160.jpg,DCIM/context_e20250715145307543.jpg,DCIM/context_s20250715145302028.jpg,DCIM/context_w20250715145257285.jpg,2025-07-15T14:51:58Z,15.29427765,49.14506776,DCIM/plot_e_20250715145015093.jpg,DCIM/plot_n_20250715145024366.jpg,TRUE,60,5,0.9,0.9
20,OS,advanced,2–4,1,NA,0,0,0,NA,NA,NA,NA,0,NA,NA,0,NA,NA,0,NA,NA,NA,NA,NA,NA,NA,425_T4_TP_20250827,NA,1,NA,NA,NA,NA,1,1,Oplocenka,DCIM/context_n20250522090636442.jpg,DCIM/context_e20250522090629041.jpg,DCIM/context_s20250522090621610.jpg,DCIM/context_w20250522090612001.jpg,2025-05-22T09:04:43Z,15.6835336,49.84425415,DCIM/plot_e_20250522090201331.jpg,DCIM/plot_n_20250522090211164.jpg,TRUE,125,6,3,3
1,JD,small,0.4–0.6,1,NA,0,0,0,NA,NA,NA,NA,0,NA,NA,0,NA,NA,0,NA,NA,NA,NA,NA,NA,NA,425_T4_TP_20250827,NA,1,NA,NA,NA,NA,1,1,Oplocenka,DCIM/context_n20250522090636442.jpg,DCIM/context_e20250522090629041.jpg,DCIM/context_s20250522090621610.jpg,DCIM/context_w20250522090612001.jpg,2025-05-22T09:04:43Z,15.6835336,49.84425415,DCIM/plot_e_20250522090201331.jpg,DCIM/plot_n_20250522090211164.jpg,TRUE,125,6,0.5,0.5
10,BR,advanced,2–4,1,NA,0,0,0,NA,NA,NA,NA,0,NA,NA,0,NA,NA,0,NA,NA,NA,NA,NA,NA,NA,426_T4_TP_20250827,NA,1,NA,NA,NA,NA,NA,1,Oplocenka,DCIM/context_n20250522091506352.jpg,DCIM/context_e20250522091459844.jpg,DCIM/context_s20250522091453303.jpg,DCIM/context_w20250522091446874.jpg,2025-05-22T09:14:04Z,15.6832799,49.84445525,DCIM/plot_e_20250522091048078.jpg,DCIM/plot_n_20250522091102781.jpg,TRUE,125,6,3,3
13,BK,small,1.3–2.0,4,NA,1,4,100,1,olistení,NA,NA,0,60-80,3,4,60-80,NA,0,NA,NA,NA,NA,NA,NA,Mráz,426_T4_TP_20250827,NA,1,NA,NA,NA,NA,NA,1,Oplocenka,DCIM/context_n20250522091506352.jpg,DCIM/context_e20250522091459844.jpg,DCIM/context_s20250522091453303.jpg,DCIM/context_w20250522091446874.jpg,2025-05-22T09:14:04Z,15.6832799,49.84445525,DCIM/plot_e_20250522091048078.jpg,DCIM/plot_n_20250522091102781.jpg,TRUE,125,6,1.7,1.7
1,JD,small,0.2–0.4,1,NA,0,0,0,NA,NA,NA,NA,0,NA,NA,0,NA,NA,0,NA,NA,NA,NA,NA,NA,NA,427_T2_AH_20250827,NA,1,1,NA,1,NA,1,1,Nátěr,DCIM/context_n20250715152416183.jpg,DCIM/context_e20250715152409048.jpg,DCIM/context_s20250715152403451.jpg,DCIM/context_w20250715152358964.jpg,2025-07-15T15:23:19Z,15.24967157,49.13400741,DCIM/plot_e_20250715152218547.jpg,DCIM/plot_n_20250715152224380.jpg,TRUE,61,5,0.3,0.3
11,HB,mature,NA,2,20–40cm,0,0,0,NA,NA,NA,NA,0,NA,NA,0,NA,NA,0,NA,NA,NA,NA,NA,NA,NA,427_T4_TP_20250827,NA,1,NA,1,NA,NA,NA,0,U cesty,DCIM/context_n20250522093324717.jpg,DCIM/context_e20250522093314798.jpg,DCIM/context_s20250522093305548.jpg,DCIM/context_w20250522093256914.jpg,2025-05-22T09:31:46Z,15.68016945,49.84407185,DCIM/plot_e_20250522092707862.jpg,DCIM/plot_n_20250522092718101.jpg,TRUE,126,5,20,30
11,HB,advanced,2–4,3,NA,0,0,0,NA,NA,NA,NA,0,NA,NA,0,NA,NA,0,NA,NA,NA,NA,NA,NA,NA,427_T4_TP_20250827,NA,1,NA,1,NA,NA,NA,0,U cesty,DCIM/context_n20250522093324717.jpg,DCIM/context_e20250522093314798.jpg,DCIM/context_s20250522093305548.jpg,DCIM/context_w20250522093256914.jpg,2025-05-22T09:31:46Z,15.68016945,49.84407185,DCIM/plot_e_20250522092707862.jpg,DCIM/plot_n_20250522092718101.jpg,TRUE,126,5,3,3
13,BK,small,0.6–0.8,2,NA,0,0,0,NA,NA,NA,NA,0,NA,NA,0,NA,NA,0,NA,NA,NA,NA,NA,NA,NA,428_T4_TP_20250827,1,1,NA,1,NA,NA,NA,0,NA,DCIM/context_n20250522095005101.jpg,DCIM/context_e20250522094959052.jpg,DCIM/context_s20250522094951309.jpg,DCIM/context_w20250522094942343.jpg,2025-05-22T09:49:05Z,15.67986552,49.84390542,DCIM/plot_e_20250522094351968.jpg,DCIM/plot_n_20250522094400044.jpg,TRUE,126,5,0.7,0.7
4,KL,small,1.3–2.0,3,NA,0,0,0,NA,NA,NA,NA,0,NA,NA,0,NA,NA,0,NA,NA,NA,NA,NA,NA,NA,428_T4_TP_20250827,1,1,NA,1,NA,NA,NA,0,NA,DCIM/context_n20250522095005101.jpg,DCIM/context_e20250522094959052.jpg,DCIM/context_s20250522094951309.jpg,DCIM/context_w20250522094942343.jpg,2025-05-22T09:49:05Z,15.67986552,49.84390542,DCIM/plot_e_20250522094351968.jpg,DCIM/plot_n_20250522094400044.jpg,TRUE,126,5,1.7,1.7
18,SM,small,1.0–1.3,1,NA,0,0,0,NA,NA,NA,NA,0,NA,NA,0,NA,NA,0,NA,NA,NA,NA,NA,NA,NA,429_T2_AH_20250827,NA,1,NA,NA,NA,1,NA,0,NA,DCIM/context_n20250715160543836.jpg,DCIM/context_e20250715160536685.jpg,DCIM/context_s20250715160531121.jpg,DCIM/context_w20250715160525976.jpg,2025-07-15T16:04:42Z,15.18258588,49.08684462,DCIM/plot_e_20250715160245472.jpg,DCIM/plot_n_20250715160255313.jpg,TRUE,62,5,1.2,1.2
19,BO,small,1.3–2.0,1,NA,0,0,0,NA,NA,NA,NA,0,NA,NA,0,NA,NA,0,NA,NA,NA,NA,NA,NA,NA,429_T2_AH_20250827,NA,1,NA,NA,NA,1,NA,0,NA,DCIM/context_n20250715160543836.jpg,DCIM/context_e20250715160536685.jpg,DCIM/context_s20250715160531121.jpg,DCIM/context_w20250715160525976.jpg,2025-07-15T16:04:42Z,15.18258588,49.08684462,DCIM/plot_e_20250715160245472.jpg,DCIM/plot_n_20250715160255313.jpg,TRUE,62,5,1.7,1.7
27,JIV,small,1.0–1.3,2,NA,0,0,0,NA,NA,NA,NA,0,NA,NA,0,NA,NA,0,NA,NA,NA,NA,NA,NA,NA,429_T2_AH_20250827,NA,1,NA,NA,NA,1,NA,0,NA,DCIM/context_n20250715160543836.jpg,DCIM/context_e20250715160536685.jpg,DCIM/context_s20250715160531121.jpg,DCIM/context_w20250715160525976.jpg,2025-07-15T16:04:42Z,15.18258588,49.08684462,DCIM/plot_e_20250715160245472.jpg,DCIM/plot_n_20250715160255313.jpg,TRUE,62,5,1.2,1.2
1,JD,small,0.6–0.8,2,NA,1,1,50,1,kmen,NA,NA,0,NA,NA,0,NA,cerstve,1,zver,60-80,20-30,NA,NA,Vytlučeno,NA,429_T4_TP_20250827,NA,1,NA,NA,NA,NA,1,1,Oplocenka,DCIM/context_n20250522100521850.jpg,DCIM/context_e20250522100515250.jpg,DCIM/context_s20250522100508725.jpg,DCIM/context_w20250522100459065.jpg,2025-05-22T10:04:03Z,15.67961001,49.84409892,DCIM/plot_e_20250522095814429.jpg,DCIM/plot_n_20250522095825169.jpg,TRUE,126,5,0.7,0.7
13,BK,small,0.4–0.6,2,NA,1,1,50,2,olistení,NA,NA,0,0-20,NA,1,20-40,NA,0,NA,NA,NA,NA,NA,NA,Mráz,429_T4_TP_20250827,NA,1,NA,NA,NA,NA,1,1,Oplocenka,DCIM/context_n20250522100521850.jpg,DCIM/context_e20250522100515250.jpg,DCIM/context_s20250522100508725.jpg,DCIM/context_w20250522100459065.jpg,2025-05-22T10:04:03Z,15.67961001,49.84409892,DCIM/plot_e_20250522095814429.jpg,DCIM/plot_n_20250522095825169.jpg,TRUE,126,5,0.5,0.5
10,BR,advanced,2–4,2,NA,1,2,100,1,olistení,NA,NA,0,0-20,1,2,20-40,NA,0,NA,NA,NA,NA,NA,NA,T2430PBR4,430_T2_AH_20250827,1,1,NA,NA,NA,NA,NA,0,NA,DCIM/context_n20250715161537458.jpg,DCIM/context_e20250715161524229.jpg,DCIM/context_s20250715161519083.jpg,DCIM/context_w20250715161513020.jpg,2025-07-15T16:14:34Z,15.18285821,49.08683458,DCIM/plot_e_20250715161108282.jpg,DCIM/plot_n_20250715161123031.jpg,TRUE,62,5,3,3
1,JD,small,0.2–0.4,1,NA,1,1,100,1,kmen,NA,NA,0,NA,NA,0,NA,stare,1,zver,20-40,NA,NA,NA,Okus,NA,430_T4_TP_20250827,NA,1,NA,NA,NA,NA,1,1,Oplocenka,DCIM/context_n20250522101754044.jpg,DCIM/context_e20250522101736579.jpg,DCIM/context_s20250522101729083.jpg,DCIM/context_w20250522101717492.jpg,2025-05-22T10:16:35Z,15.6798875,49.84408515,DCIM/plot_e_20250522101311322.jpg,DCIM/plot_n_20250522101327109.jpg,TRUE,126,5,0.3,0.3
18,SM,small,1.3–2.0,1,NA,0,0,0,NA,NA,NA,NA,0,NA,NA,0,NA,NA,0,NA,NA,NA,NA,NA,NA,NA,431_T2_AH_20250827,1,1,NA,NA,1,1,1,0,NA,DCIM/context_n20250715162037547.jpg,DCIM/context_e20250715162032035.jpg,DCIM/context_s20250715162026922.jpg,DCIM/context_w20250715162021007.jpg,2025-07-15T16:19:40Z,15.18260548,49.08702433,DCIM/plot_e_20250715161840799.jpg,DCIM/plot_n_20250715161847682.jpg,TRUE,62,5,1.7,1.7
13,BK,small,1.3–2.0,1,NA,0,0,0,NA,NA,NA,NA,0,NA,NA,0,NA,NA,0,NA,NA,NA,NA,NA,NA,NA,431_T2_AH_20250827,1,1,NA,NA,1,1,1,0,NA,DCIM/context_n20250715162037547.jpg,DCIM/context_e20250715162032035.jpg,DCIM/context_s20250715162026922.jpg,DCIM/context_w20250715162021007.jpg,2025-07-15T16:19:40Z,15.18260548,49.08702433,DCIM/plot_e_20250715161840799.jpg,DCIM/plot_n_20250715161847682.jpg,TRUE,62,5,1.7,1.7
29,JR,advanced,2–4,1,NA,0,0,0,NA,NA,NA,NA,0,NA,NA,0,NA,NA,0,NA,NA,NA,NA,NA,NA,NA,431_T4_TP_20250827,NA,1,NA,NA,NA,NA,1,1,Oplocenka,DCIM/context_n20250522103115109.jpg,DCIM/context_e20250522103109529.jpg,DCIM/context_s20250522103103704.jpg,DCIM/context_w20250522103057784.jpg,2025-05-22T10:29:37Z,15.67990849,49.84426414,DCIM/plot_e_20250522102242801.jpg,DCIM/plot_n_20250522102253326.jpg,TRUE,126,5,3,3
1,JD,small,0.2–0.4,1,NA,1,1,100,1,terminal,odumrety,NA,1,NA,NA,0,NA,NA,0,NA,NA,NA,NA,T44310JD1,NA,NA,431_T4_TP_20250827,NA,1,NA,NA,NA,NA,1,1,Oplocenka,DCIM/context_n20250522103115109.jpg,DCIM/context_e20250522103109529.jpg,DCIM/context_s20250522103103704.jpg,DCIM/context_w20250522103057784.jpg,2025-05-22T10:29:37Z,15.67990849,49.84426414,DCIM/plot_e_20250522102242801.jpg,DCIM/plot_n_20250522102253326.jpg,TRUE,126,5,0.3,0.3
19,BO,small,0.8–1.0,4,NA,1,2,50,1,olistení,NA,NA,0,0-20,1,2,0-20,NA,0,NA,NA,NA,NA,NA,NA,T243OBO4,432_T2_AH_20250827,NA,1,NA,NA,1,1,1,0,NA,DCIM/context_n20250715163513986.jpg,DCIM/context_e20250715163505136.jpg,DCIM/context_s20250715163459656.jpg,DCIM/context_w20250715163453157.jpg,2025-07-15T16:34:28Z,15.18231718,49.08686014,DCIM/plot_e_20250715163318506.jpg,DCIM/plot_n_20250715163326776.jpg,TRUE,62,5,0.9,0.9
18,SM,small,0.4–0.6,1,NA,0,0,0,NA,NA,NA,NA,0,NA,NA,0,NA,NA,0,NA,NA,NA,NA,NA,NA,NA,432_T2_AH_20250827,NA,1,NA,NA,1,1,1,0,NA,DCIM/context_n20250715163513986.jpg,DCIM/context_e20250715163505136.jpg,DCIM/context_s20250715163459656.jpg,DCIM/context_w20250715163453157.jpg,2025-07-15T16:34:28Z,15.18231718,49.08686014,DCIM/plot_e_20250715163318506.jpg,DCIM/plot_n_20250715163326776.jpg,TRUE,62,5,0.5,0.5
10,BR,small,0.2–0.4,1,NA,1,1,100,1,olistení,NA,NA,0,0-20,0,1,0-20,NA,0,NA,NA,NA,NA,NA,NA,NA,432_T2_AH_20250827,NA,1,NA,NA,1,1,1,0,NA,DCIM/context_n20250715163513986.jpg,DCIM/context_e20250715163505136.jpg,DCIM/context_s20250715163459656.jpg,DCIM/context_w20250715163453157.jpg,2025-07-15T16:34:28Z,15.18231718,49.08686014,DCIM/plot_e_20250715163318506.jpg,DCIM/plot_n_20250715163326776.jpg,TRUE,62,5,0.3,0.3
17,MD,small,1.0–1.3,1,NA,0,0,0,NA,NA,NA,NA,0,NA,NA,0,NA,NA,0,NA,NA,NA,NA,NA,NA,NA,432_T4_TP_20250827,NA,1,NA,NA,NA,NA,1,0,NA,DCIM/context_n20250522110536170.jpg,DCIM/context_e20250522110528527.jpg,DCIM/context_s20250522110504403.jpg,DCIM/context_w20250522110457324.jpg,2025-05-22T11:03:12Z,15.67370042,49.8436739,DCIM/plot_e_20250522105858779.jpg,DCIM/plot_n_20250522105913638.jpg,TRUE,127,5,1.2,1.2
18,SM,small,0.4–0.6,2,NA,1,1,50,1,kmen,NA,NA,0,NA,NA,0,NA,stare,1,zver,20-40,20-Oct,NA,NA,NA,NA,432_T4_TP_20250827,NA,1,NA,NA,NA,NA,1,0,NA,DCIM/context_n20250522110536170.jpg,DCIM/context_e20250522110528527.jpg,DCIM/context_s20250522110504403.jpg,DCIM/context_w20250522110457324.jpg,2025-05-22T11:03:12Z,15.67370042,49.8436739,DCIM/plot_e_20250522105858779.jpg,DCIM/plot_n_20250522105913638.jpg,TRUE,127,5,0.5,0.5
18,SM,small,1.0–1.3,1,NA,0,0,0,NA,NA,NA,NA,0,NA,NA,0,NA,NA,0,NA,NA,NA,NA,NA,NA,NA,433_T2_AH_20250827,NA,1,1,NA,NA,1,1,0,NA,DCIM/context_n20250715174756795.jpg,DCIM/context_e20250715174749878.jpg,DCIM/context_s20250715174740890.jpg,DCIM/context_w20250715174733165.jpg,2025-07-15T17:46:58Z,15.22218931,49.08229918,DCIM/plot_e_20250715174532029.jpg,DCIM/plot_n_20250715174540033.jpg,TRUE,63,5,1.2,1.2
13,BK,small,1.0–1.3,1,NA,0,0,0,NA,NA,NA,NA,0,NA,NA,0,NA,NA,0,NA,NA,NA,NA,NA,NA,NA,433_T2_AH_20250827,NA,1,1,NA,NA,1,1,0,NA,DCIM/context_n20250715174756795.jpg,DCIM/context_e20250715174749878.jpg,DCIM/context_s20250715174740890.jpg,DCIM/context_w20250715174733165.jpg,2025-07-15T17:46:58Z,15.22218931,49.08229918,DCIM/plot_e_20250715174532029.jpg,DCIM/plot_n_20250715174540033.jpg,TRUE,63,5,1.2,1.2
4,KL,small,1.0–1.3,2,NA,1,1,50,2,kmen,NA,NA,0,NA,NA,0,NA,stare,1,ine bioticke,80-100,NA,NA,NA,T4433KL2,NA,433_T4_TP_20250827,NA,1,NA,NA,NA,NA,1,0,NA,DCIM/context_n20250522111915293.jpg,DCIM/context_e20250522111854761.jpg,DCIM/context_s20250522111848192.jpg,DCIM/context_w20250522111842315.jpg,2025-05-22T11:17:29Z,15.67397879,49.84366003,DCIM/plot_e_20250522111154462.jpg,DCIM/plot_n_20250522111205623.jpg,TRUE,127,5,1.2,1.2
10,BR,advanced,2–4,1,NA,1,1,100,1,olistení,NA,NA,0,0-20,NA,1,0-20,NA,0,NA,NA,NA,NA,NA,NA,NA,434_T2_AH_20250827,NA,1,1,NA,NA,1,1,0,NA,DCIM/context_n20250715175551736.jpg,DCIM/context_e20250715175546356.jpg,DCIM/context_s20250715175541294.jpg,DCIM/context_w20250715175536149.jpg,2025-07-15T17:55:01Z,15.22245718,49.08228755,DCIM/plot_e_20250715175233108.jpg,DCIM/plot_n_20250715175240861.jpg,TRUE,63,5,3,3
18,SM,small,1.3–2.0,2,NA,0,0,0,NA,NA,NA,NA,0,NA,NA,0,NA,NA,0,NA,NA,NA,NA,NA,NA,NA,434_T2_AH_20250827,NA,1,1,NA,NA,1,1,0,NA,DCIM/context_n20250715175551736.jpg,DCIM/context_e20250715175546356.jpg,DCIM/context_s20250715175541294.jpg,DCIM/context_w20250715175536149.jpg,2025-07-15T17:55:01Z,15.22245718,49.08228755,DCIM/plot_e_20250715175233108.jpg,DCIM/plot_n_20250715175240861.jpg,TRUE,63,5,1.7,1.7
10,BR,small,1.3–2.0,1,NA,0,0,0,NA,NA,NA,NA,0,NA,NA,0,NA,NA,0,NA,NA,NA,NA,NA,NA,NA,434_T2_AH_20250827,NA,1,1,NA,NA,1,1,0,NA,DCIM/context_n20250715175551736.jpg,DCIM/context_e20250715175546356.jpg,DCIM/context_s20250715175541294.jpg,DCIM/context_w20250715175536149.jpg,2025-07-15T17:55:01Z,15.22245718,49.08228755,DCIM/plot_e_20250715175233108.jpg,DCIM/plot_n_20250715175240861.jpg,TRUE,63,5,1.7,1.7
13,BK,small,0.8–1.0,1,NA,1,1,100,1,olistení,NA,NA,0,0-20,NA,1,60-80,NA,0,NA,NA,NA,NA,NA,NA,NA,434_T4_TP_20250827,NA,1,NA,NA,NA,NA,1,0,NA,DCIM/context_n20250522112939003.jpg,DCIM/context_e20250522112930807.jpg,DCIM/context_s20250522112924135.jpg,DCIM/context_w20250522112918143.jpg,2025-05-22T11:28:44Z,15.67372233,49.84385316,DCIM/plot_e_20250522112549847.jpg,DCIM/plot_n_20250522112605587.jpg,TRUE,127,5,0.9,0.9
10,BR,small,1.3–2.0,1,NA,0,0,0,NA,NA,NA,NA,0,NA,NA,0,NA,NA,0,NA,NA,NA,NA,NA,NA,NA,434_T4_TP_20250827,NA,1,NA,NA,NA,NA,1,0,NA,DCIM/context_n20250522112939003.jpg,DCIM/context_e20250522112930807.jpg,DCIM/context_s20250522112924135.jpg,DCIM/context_w20250522112918143.jpg,2025-05-22T11:28:44Z,15.67372233,49.84385316,DCIM/plot_e_20250522112549847.jpg,DCIM/plot_n_20250522112605587.jpg,TRUE,127,5,1.7,1.7
13,BK,small,1.0–1.3,2,NA,1,2,100,1,olistení,NA,NA,0,60-80,1,2,80-100,NA,0,NA,NA,NA,NA,NA,NA,Mráz,435_T4_TP_20250827,NA,1,NA,NA,NA,NA,1,0,NA,DCIM/context_n20250522113900443.jpg,DCIM/context_e20250522113852824.jpg,DCIM/context_s20250522113844999.jpg,DCIM/context_w20250522113838288.jpg,2025-05-22T11:38:03Z,15.67342421,49.84368821,DCIM/plot_e_20250522113520516.jpg,DCIM/plot_n_20250522113533433.jpg,TRUE,127,5,1.2,1.2
13,BK,small,1.3–2.0,1,NA,0,0,0,NA,NA,NA,NA,0,NA,NA,0,NA,NA,0,NA,NA,NA,NA,NA,NA,NA,436_T2_AH_20250827,NA,1,1,NA,NA,1,1,0,NA,DCIM/context_n20250715180641776.jpg,DCIM/context_e20250715180634342.jpg,DCIM/context_s20250715180628345.jpg,DCIM/context_w20250715180616432.jpg,2025-07-15T18:05:35Z,15.22247789,49.08246706,DCIM/plot_e_20250715180435139.jpg,DCIM/plot_n_20250715180443611.jpg,TRUE,63,5,1.7,1.7
18,SM,small,1.3–2.0,1,NA,0,0,0,NA,NA,NA,NA,0,NA,NA,0,NA,NA,0,NA,NA,NA,NA,NA,NA,NA,436_T2_AH_20250827,NA,1,1,NA,NA,1,1,0,NA,DCIM/context_n20250715180641776.jpg,DCIM/context_e20250715180634342.jpg,DCIM/context_s20250715180628345.jpg,DCIM/context_w20250715180616432.jpg,2025-07-15T18:05:35Z,15.22247789,49.08246706,DCIM/plot_e_20250715180435139.jpg,DCIM/plot_n_20250715180443611.jpg,TRUE,63,5,1.7,1.7
19,BO,small,0.2–0.4,1,NA,0,0,0,NA,NA,NA,NA,0,NA,NA,0,NA,NA,0,NA,NA,NA,NA,NA,NA,NA,436_T2_AH_20250827,NA,1,1,NA,NA,1,1,0,NA,DCIM/context_n20250715180641776.jpg,DCIM/context_e20250715180634342.jpg,DCIM/context_s20250715180628345.jpg,DCIM/context_w20250715180616432.jpg,2025-07-15T18:05:35Z,15.22247789,49.08246706,DCIM/plot_e_20250715180435139.jpg,DCIM/plot_n_20250715180443611.jpg,TRUE,63,5,0.3,0.3
4,KL,small,1.3–2.0,1,NA,0,0,0,NA,NA,NA,NA,0,NA,NA,0,NA,NA,0,NA,NA,NA,NA,NA,NA,NA,436_T4_TP_20250827,NA,1,NA,NA,1,NA,1,0,NA,DCIM/context_n20250522115432092.jpg,DCIM/context_e20250522115424427.jpg,DCIM/context_s20250522115417622.jpg,DCIM/context_w20250522115411450.jpg,2025-05-22T11:53:37Z,15.67367971,49.84349486,DCIM/plot_e_20250522114406003.jpg,DCIM/plot_n_20250522114417907.jpg,TRUE,127,5,1.7,1.7
10,BR,small,1.3–2.0,2,NA,0,0,0,NA,NA,NA,NA,0,NA,NA,0,NA,NA,0,NA,NA,NA,NA,NA,NA,NA,436_T4_TP_20250827,NA,1,NA,NA,1,NA,1,0,NA,DCIM/context_n20250522115432092.jpg,DCIM/context_e20250522115424427.jpg,DCIM/context_s20250522115417622.jpg,DCIM/context_w20250522115411450.jpg,2025-05-22T11:53:37Z,15.67367971,49.84349486,DCIM/plot_e_20250522114406003.jpg,DCIM/plot_n_20250522114417907.jpg,TRUE,127,5,1.7,1.7
13,BK,small,1.3–2.0,10,NA,1,10,100,1,olistení,NA,NA,0,40-60,9,10,80-100,NA,0,NA,NA,NA,NA,NA,NA,Mráz,436_T4_TP_20250827,NA,1,NA,NA,1,NA,1,0,NA,DCIM/context_n20250522115432092.jpg,DCIM/context_e20250522115424427.jpg,DCIM/context_s20250522115417622.jpg,DCIM/context_w20250522115411450.jpg,2025-05-22T11:53:37Z,15.67367971,49.84349486,DCIM/plot_e_20250522114406003.jpg,DCIM/plot_n_20250522114417907.jpg,TRUE,127,5,1.7,1.7
18,SM,small,0.4–0.6,3,NA,1,1,33.33333333333333,1,kmen,NA,NA,0,NA,NA,0,NA,stare,1,zver,60-80,20-Oct,NA,NA,Vytlučeno,NA,436_T4_TP_20250827,NA,1,NA,NA,1,NA,1,0,NA,DCIM/context_n20250522115432092.jpg,DCIM/context_e20250522115424427.jpg,DCIM/context_s20250522115417622.jpg,DCIM/context_w20250522115411450.jpg,2025-05-22T11:53:37Z,15.67367971,49.84349486,DCIM/plot_e_20250522114406003.jpg,DCIM/plot_n_20250522114417907.jpg,TRUE,127,5,0.5,0.5
11,HB,small,1.3–2.0,1,NA,0,0,0,NA,NA,NA,NA,0,NA,NA,0,NA,NA,0,NA,NA,NA,NA,NA,NA,NA,436_T4_TP_20250827,NA,1,NA,NA,1,NA,1,0,NA,DCIM/context_n20250522115432092.jpg,DCIM/context_e20250522115424427.jpg,DCIM/context_s20250522115417622.jpg,DCIM/context_w20250522115411450.jpg,2025-05-22T11:53:37Z,15.67367971,49.84349486,DCIM/plot_e_20250522114406003.jpg,DCIM/plot_n_20250522114417907.jpg,TRUE,127,5,1.7,1.7
13,BK,small,0.6–0.8,1,NA,0,0,0,NA,NA,NA,NA,0,NA,NA,0,NA,NA,0,NA,NA,NA,NA,NA,NA,NA,437_T2_AH_20250827,NA,1,1,NA,NA,1,1,0,SM jarní mráz,DCIM/context_n20250715181218585.jpg,DCIM/context_e20250715181213356.jpg,DCIM/context_s20250715181206657.jpg,DCIM/context_w20250715181202181.jpg,2025-07-15T18:11:09Z,15.22244192,49.08210824,DCIM/plot_e_20250715180943714.jpg,DCIM/plot_n_20250715180952385.jpg,TRUE,63,5,0.7,0.7
18,SM,small,1.0–1.3,4,NA,0,0,0,NA,NA,NA,NA,0,NA,NA,0,NA,NA,0,NA,NA,NA,NA,NA,NA,NA,437_T2_AH_20250827,NA,1,1,NA,NA,1,1,0,SM jarní mráz,DCIM/context_n20250715181218585.jpg,DCIM/context_e20250715181213356.jpg,DCIM/context_s20250715181206657.jpg,DCIM/context_w20250715181202181.jpg,2025-07-15T18:11:09Z,15.22244192,49.08210824,DCIM/plot_e_20250715180943714.jpg,DCIM/plot_n_20250715180952385.jpg,TRUE,63,5,1.2,1.2
27,JIV,small,0.4–0.6,1,NA,0,0,0,NA,NA,NA,NA,0,NA,NA,0,NA,NA,0,NA,NA,NA,NA,NA,NA,NA,437_T2_AH_20250827,NA,1,1,NA,NA,1,1,0,SM jarní mráz,DCIM/context_n20250715181218585.jpg,DCIM/context_e20250715181213356.jpg,DCIM/context_s20250715181206657.jpg,DCIM/context_w20250715181202181.jpg,2025-07-15T18:11:09Z,15.22244192,49.08210824,DCIM/plot_e_20250715180943714.jpg,DCIM/plot_n_20250715180952385.jpg,TRUE,63,5,0.5,0.5
13,BK,small,1.0–1.3,2,NA,1,2,100,1,olistení,NA,NA,0,80-100,1,2,80-100,NA,0,NA,NA,NA,NA,NA,NA,Mráz,437_T4_TP_20250827,1,1,NA,NA,NA,NA,1,0,Spadlá oplocenka,DCIM/context_n20250526083743747.jpg,DCIM/context_e20250526083736991.jpg,DCIM/context_s20250526083728790.jpg,DCIM/context_w20250526083722484.jpg,2025-05-26T08:36:15Z,15.70913666,49.82729095,DCIM/plot_e_20250526082346405.jpg,DCIM/plot_n_20250526082403389.jpg,TRUE,128,5,1.2,1.2
18,SM,small,0.4–0.6,2,NA,1,1,50,1,kmen,NA,NA,0,NA,NA,0,NA,stare,1,zver,80-100,NA,NA,NA,Okus,NA,437_T4_TP_20250827,1,1,NA,NA,NA,NA,1,0,Spadlá oplocenka,DCIM/context_n20250526083743747.jpg,DCIM/context_e20250526083736991.jpg,DCIM/context_s20250526083728790.jpg,DCIM/context_w20250526083722484.jpg,2025-05-26T08:36:15Z,15.70913666,49.82729095,DCIM/plot_e_20250526082346405.jpg,DCIM/plot_n_20250526082403389.jpg,TRUE,128,5,0.5,0.5
30,JR,small,0.4–0.6,1,NA,1,1,100,1,kmen,NA,NA,0,NA,NA,0,NA,stare,1,zver,80-100,NA,NA,NA,Okus,NA,437_T4_TP_20250827,1,1,NA,NA,NA,NA,1,0,Spadlá oplocenka,DCIM/context_n20250526083743747.jpg,DCIM/context_e20250526083736991.jpg,DCIM/context_s20250526083728790.jpg,DCIM/context_w20250526083722484.jpg,2025-05-26T08:36:15Z,15.70913666,49.82729095,DCIM/plot_e_20250526082346405.jpg,DCIM/plot_n_20250526082403389.jpg,TRUE,128,5,0.5,0.5
10,BR,small,0.2–0.4,1,NA,1,1,100,1,kmen,NA,NA,0,NA,NA,0,NA,stare,1,zver,80-100,NA,NA,NA,Okus,NA,437_T4_TP_20250827,1,1,NA,NA,NA,NA,1,0,Spadlá oplocenka,DCIM/context_n20250526083743747.jpg,DCIM/context_e20250526083736991.jpg,DCIM/context_s20250526083728790.jpg,DCIM/context_w20250526083722484.jpg,2025-05-26T08:36:15Z,15.70913666,49.82729095,DCIM/plot_e_20250526082346405.jpg,DCIM/plot_n_20250526082403389.jpg,TRUE,128,5,0.3,0.3
19,BO,advanced,2–4,13,NA,1,13,100,1,olistení,NA,NA,0,0-20,12,13,20-40,NA,0,NA,NA,NA,NA,NA,NA,T2438PBO4,438_T2_AH_20250827,NA,1,NA,NA,NA,1,NA,0,NA,DCIM/context_n20250715185419729.jpg,DCIM/context_e20250715185408969.jpg,DCIM/context_s20250715185401234.jpg,DCIM/context_w20250715185355780.jpg,2025-07-15T18:53:05Z,15.33766467,49.04291987,DCIM/plot_e_20250715184634009.jpg,DCIM/plot_n_20250715184641511.jpg,TRUE,64,5,3,3
19,BO,small,1.3–2.0,1,NA,1,1,100,1,olistení,NA,NA,0,0-20,NA,1,20-40,NA,0,NA,NA,NA,NA,NA,NA,T2438OBO4,438_T2_AH_20250827,NA,1,NA,NA,NA,1,NA,0,NA,DCIM/context_n20250715185419729.jpg,DCIM/context_e20250715185408969.jpg,DCIM/context_s20250715185401234.jpg,DCIM/context_w20250715185355780.jpg,2025-07-15T18:53:05Z,15.33766467,49.04291987,DCIM/plot_e_20250715184634009.jpg,DCIM/plot_n_20250715184641511.jpg,TRUE,64,5,1.7,1.7
17,MD,small,1.3–2.0,1,NA,0,0,0,NA,NA,NA,NA,0,NA,NA,0,NA,NA,0,NA,NA,NA,NA,NA,NA,NA,438_T2_AH_20250827,NA,1,NA,NA,NA,1,NA,0,NA,DCIM/context_n20250715185419729.jpg,DCIM/context_e20250715185408969.jpg,DCIM/context_s20250715185401234.jpg,DCIM/context_w20250715185355780.jpg,2025-07-15T18:53:05Z,15.33766467,49.04291987,DCIM/plot_e_20250715184634009.jpg,DCIM/plot_n_20250715184641511.jpg,TRUE,64,5,1.7,1.7
13,BK,small,1.3–2.0,2,NA,1,2,100,1,olistení,NA,NA,0,40-60,1,2,80-100,NA,0,NA,NA,NA,NA,NA,NA,Mráz,438_T4_TP_20250827,NA,1,NA,NA,1,1,1,0,Spadlá oplocenka,DCIM/context_n20250526084631833.jpg,DCIM/context_e20250526084621645.jpg,DCIM/context_s20250526084615014.jpg,DCIM/context_w20250526084608828.jpg,2025-05-26T08:44:59Z,15.70941396,49.82727681,DCIM/plot_e_20250526084115885.jpg,DCIM/plot_n_20250526084132305.jpg,TRUE,128,5,1.7,1.7
18,SM,small,1.0–1.3,1,NA,0,0,0,NA,NA,NA,NA,0,NA,NA,0,NA,NA,0,NA,NA,NA,NA,NA,NA,NA,438_T4_TP_20250827,NA,1,NA,NA,1,1,1,0,Spadlá oplocenka,DCIM/context_n20250526084631833.jpg,DCIM/context_e20250526084621645.jpg,DCIM/context_s20250526084615014.jpg,DCIM/context_w20250526084608828.jpg,2025-05-26T08:44:59Z,15.70941396,49.82727681,DCIM/plot_e_20250526084115885.jpg,DCIM/plot_n_20250526084132305.jpg,TRUE,128,5,1.2,1.2
10,BR,mature,NA,1,10–20cm,0,0,0,NA,NA,NA,NA,0,NA,NA,0,NA,NA,0,NA,NA,NA,NA,NA,NA,NA,439_T2_AH_20250827,NA,1,NA,NA,NA,1,NA,0,NA,DCIM/context_n20250715190252108.jpg,DCIM/context_e20250715190242251.jpg,DCIM/context_s20250715190233479.jpg,DCIM/context_w20250715190226798.jpg,2025-07-15T19:01:52Z,15.33764133,49.04273765,DCIM/plot_e_20250715185931812.jpg,DCIM/plot_n_20250715185946995.jpg,TRUE,64,5,10,15
19,BO,advanced,2–4,3,NA,0,0,0,NA,NA,NA,NA,0,NA,NA,0,NA,NA,0,NA,NA,NA,NA,NA,NA,NA,439_T2_AH_20250827,NA,1,NA,NA,NA,1,NA,0,NA,DCIM/context_n20250715190252108.jpg,DCIM/context_e20250715190242251.jpg,DCIM/context_s20250715190233479.jpg,DCIM/context_w20250715190226798.jpg,2025-07-15T19:01:52Z,15.33764133,49.04273765,DCIM/plot_e_20250715185931812.jpg,DCIM/plot_n_20250715185946995.jpg,TRUE,64,5,3,3
17,MD,advanced,2–4,1,NA,0,0,0,NA,NA,NA,NA,0,NA,NA,0,NA,NA,0,NA,NA,NA,NA,NA,NA,NA,439_T2_AH_20250827,NA,1,NA,NA,NA,1,NA,0,NA,DCIM/context_n20250715190252108.jpg,DCIM/context_e20250715190242251.jpg,DCIM/context_s20250715190233479.jpg,DCIM/context_w20250715190226798.jpg,2025-07-15T19:01:52Z,15.33764133,49.04273765,DCIM/plot_e_20250715185931812.jpg,DCIM/plot_n_20250715185946995.jpg,TRUE,64,5,3,3
19,BO,small,1.3–2.0,6,NA,0,0,0,NA,NA,NA,NA,0,NA,NA,0,NA,NA,0,NA,NA,NA,NA,NA,NA,NA,439_T2_AH_20250827,NA,1,NA,NA,NA,1,NA,0,NA,DCIM/context_n20250715190252108.jpg,DCIM/context_e20250715190242251.jpg,DCIM/context_s20250715190233479.jpg,DCIM/context_w20250715190226798.jpg,2025-07-15T19:01:52Z,15.33764133,49.04273765,DCIM/plot_e_20250715185931812.jpg,DCIM/plot_n_20250715185946995.jpg,TRUE,64,5,1.7,1.7
13,BK,small,0.6–0.8,2,NA,1,2,100,1,olistení,NA,NA,0,80-100,1,2,80-100,NA,0,NA,NA,NA,NA,NA,NA,Mráz,439_T4_TP_20250827,1,1,NA,NA,NA,NA,1,0,Spadlá oplocenka,DCIM/context_n20250526085307991.jpg,DCIM/context_e20250526085300030.jpg,DCIM/context_s20250526085252516.jpg,DCIM/context_w20250526085245215.jpg,2025-05-26T08:51:20Z,15.7091156,49.8271116,DCIM/plot_e_20250526084903246.jpg,DCIM/plot_n_20250526084913469.jpg,TRUE,128,5,0.7,0.7
17,MD,advanced,2–4,1,NA,1,1,100,1,olistení,NA,NA,0,0-20,NA,1,0-20,NA,0,NA,NA,NA,NA,NA,NA,T2440PBO4,440_T2_AH_20250827,1,1,NA,NA,NA,NA,NA,0,NA,DCIM/context_n20250715191411121.jpg,DCIM/context_e20250715191406227.jpg,DCIM/context_s20250715191401431.jpg,DCIM/context_w20250715191356542.jpg,2025-07-15T19:13:29Z,15.33762441,49.0425613,DCIM/plot_e_20250715190755470.jpg,DCIM/plot_n_20250715190807747.jpg,TRUE,64,5,3,3
10,BR,advanced,2–4,1,NA,1,1,100,1,olistení,NA,NA,0,0-20,NA,1,40-60,NA,0,NA,NA,NA,NA,NA,NA,T2440PBR4,440_T2_AH_20250827,1,1,NA,NA,NA,NA,NA,0,NA,DCIM/context_n20250715191411121.jpg,DCIM/context_e20250715191406227.jpg,DCIM/context_s20250715191401431.jpg,DCIM/context_w20250715191356542.jpg,2025-07-15T19:13:29Z,15.33762441,49.0425613,DCIM/plot_e_20250715190755470.jpg,DCIM/plot_n_20250715190807747.jpg,TRUE,64,5,3,3
19,BO,small,1.3–2.0,3,NA,0,0,0,NA,NA,NA,NA,0,NA,NA,0,NA,NA,0,NA,NA,NA,NA,NA,NA,NA,440_T2_AH_20250827,1,1,NA,NA,NA,NA,NA,0,NA,DCIM/context_n20250715191411121.jpg,DCIM/context_e20250715191406227.jpg,DCIM/context_s20250715191401431.jpg,DCIM/context_w20250715191356542.jpg,2025-07-15T19:13:29Z,15.33762441,49.0425613,DCIM/plot_e_20250715190755470.jpg,DCIM/plot_n_20250715190807747.jpg,TRUE,64,5,1.7,1.7
13,BK,advanced,2–4,8,NA,1,8,100,1,olistení,NA,NA,0,20-40,7,8,60-80,NA,0,NA,NA,NA,NA,NA,NA,Mráz,440_T4_TP_20250827,NA,1,NA,NA,NA,NA,1,0,Spadlá oplocenka,DCIM/context_n20250526090844697.jpg,DCIM/context_e20250526090837864.jpg,DCIM/context_s20250526090831260.jpg,DCIM/context_w20250526090823854.jpg,2025-05-26T09:07:23Z,15.70915875,49.82746914,DCIM/plot_e_20250526090001396.jpg,DCIM/plot_n_20250526090010960.jpg,TRUE,128,5,3,3
13,BK,small,1.0–1.3,2,NA,1,2,100,1,olistení,NA,NA,0,60-80,1,2,80-100,NA,0,NA,NA,NA,NA,NA,NA,Mráz,440_T4_TP_20250827,NA,1,NA,NA,NA,NA,1,0,Spadlá oplocenka,DCIM/context_n20250526090844697.jpg,DCIM/context_e20250526090837864.jpg,DCIM/context_s20250526090831260.jpg,DCIM/context_w20250526090823854.jpg,2025-05-26T09:07:23Z,15.70915875,49.82746914,DCIM/plot_e_20250526090001396.jpg,DCIM/plot_n_20250526090010960.jpg,TRUE,128,5,1.2,1.2
19,BO,advanced,2–4,4,NA,1,4,100,1,olistení,NA,NA,0,0-20,3,4,0-20,NA,0,NA,NA,NA,NA,NA,NA,T2441PBO4,441_T2_AH_20250827,NA,1,NA,NA,NA,NA,NA,0,NA,DCIM/context_n20250715192415353.jpg,DCIM/context_e20250715192409807.jpg,DCIM/context_s20250715192404010.jpg,DCIM/context_w20250715192356421.jpg,2025-07-15T19:23:24Z,15.33736978,49.04275226,DCIM/plot_e_20250715191843595.jpg,DCIM/plot_n_20250715191853932.jpg,TRUE,64,5,3,3
19,BO,small,1.3–2.0,5,NA,1,5,100,1,olistení,NA,NA,0,0-20,4,5,0-20,NA,0,NA,NA,NA,NA,NA,NA,T2441OBO4,441_T2_AH_20250827,NA,1,NA,NA,NA,NA,NA,0,NA,DCIM/context_n20250715192415353.jpg,DCIM/context_e20250715192409807.jpg,DCIM/context_s20250715192404010.jpg,DCIM/context_w20250715192356421.jpg,2025-07-15T19:23:24Z,15.33736978,49.04275226,DCIM/plot_e_20250715191843595.jpg,DCIM/plot_n_20250715191853932.jpg,TRUE,64,5,1.7,1.7
13,BK,advanced,2–4,1,NA,1,1,100,1,olistení,NA,NA,0,40-60,NA,1,80-100,NA,0,NA,NA,NA,NA,NA,NA,NA,441_T4_TP_20250827,NA,1,NA,NA,NA,NA,1,0,NA,DCIM/context_n20250526091901952.jpg,DCIM/context_e20250526091851953.jpg,DCIM/context_s20250526091846843.jpg,DCIM/context_w20250526091827851.jpg,2025-05-26T09:17:27Z,15.70885882,49.82730295,DCIM/plot_e_20250526091256261.jpg,DCIM/plot_n_20250526091305348.jpg,TRUE,128,5,3,3
13,BK,small,1.3–2.0,4,NA,1,4,100,1,olistení,NA,NA,0,60-80,3,4,60-80,NA,0,NA,NA,NA,NA,NA,NA,Mráz,441_T4_TP_20250827,NA,1,NA,NA,NA,NA,1,0,NA,DCIM/context_n20250526091901952.jpg,DCIM/context_e20250526091851953.jpg,DCIM/context_s20250526091846843.jpg,DCIM/context_w20250526091827851.jpg,2025-05-26T09:17:27Z,15.70885882,49.82730295,DCIM/plot_e_20250526091256261.jpg,DCIM/plot_n_20250526091305348.jpg,TRUE,128,5,1.7,1.7
19,BO,small,0.4–0.6,2,NA,0,0,0,NA,NA,NA,NA,0,NA,NA,0,NA,NA,0,NA,NA,NA,NA,NA,NA,NA,442_T2_AH_20250827,NA,1,NA,NA,NA,NA,NA,0,NA,DCIM/context_n20250715192856582.jpg,DCIM/context_e20250715192850331.jpg,DCIM/context_s20250715192846139.jpg,DCIM/context_w20250715192840382.jpg,2025-07-15T19:28:19Z,15.33791605,49.04272514,DCIM/plot_e_20250715192729287.jpg,DCIM/plot_n_20250715192736388.jpg,TRUE,64,5,0.5,0.5
30,JR,advanced,2–4,1,NA,1,1,100,1,kmen,NA,NA,0,NA,NA,0,NA,stare,1,zver,40-60,>30,NA,NA,Vytlučeno,NA,442_T4_TP_20250827,NA,1,NA,NA,1,NA,1,0,NA,DCIM/context_n20250526110854388.jpg,DCIM/context_e20250526110845935.jpg,DCIM/context_s20250526110839460.jpg,DCIM/context_w20250526110832610.jpg,2025-05-26T11:07:52Z,15.71943532,49.80369444,DCIM/plot_e_20250526105950640.jpg,DCIM/plot_n_20250526110002501.jpg,TRUE,129,5,3,3
30,JR,small,0.6–0.8,3,NA,1,1,33.33333333333333,1,kmen,NA,NA,0,NA,NA,0,NA,stare,1,zver,60-80,NA,NA,NA,Okus,NA,442_T4_TP_20250827,NA,1,NA,NA,1,NA,1,0,NA,DCIM/context_n20250526110854388.jpg,DCIM/context_e20250526110845935.jpg,DCIM/context_s20250526110839460.jpg,DCIM/context_w20250526110832610.jpg,2025-05-26T11:07:52Z,15.71943532,49.80369444,DCIM/plot_e_20250526105950640.jpg,DCIM/plot_n_20250526110002501.jpg,TRUE,129,5,0.7,0.7
13,BK,small,0.4–0.6,2,NA,1,2,100,1,olistení,NA,NA,0,80-100,1,2,80-100,NA,0,NA,NA,NA,NA,NA,NA,Mráz,442_T4_TP_20250827,NA,1,NA,NA,1,NA,1,0,NA,DCIM/context_n20250526110854388.jpg,DCIM/context_e20250526110845935.jpg,DCIM/context_s20250526110839460.jpg,DCIM/context_w20250526110832610.jpg,2025-05-26T11:07:52Z,15.71943532,49.80369444,DCIM/plot_e_20250526105950640.jpg,DCIM/plot_n_20250526110002501.jpg,TRUE,129,5,0.5,0.5
18,SM,advanced,2–4,2,NA,0,0,0,NA,NA,NA,NA,0,NA,NA,0,NA,NA,0,NA,NA,NA,NA,NA,NA,NA,443_T2_AH_20250827,1,1,NA,NA,NA,NA,NA,0,NA,DCIM/context_n20250716083344711.jpg,DCIM/context_e20250716083323757.jpg,DCIM/context_s20250716083308578.jpg,DCIM/context_w20250716083251409.jpg,2025-07-16T08:32:06Z,15.32389855,49.04307439,DCIM/plot_e_20250716083031044.jpg,DCIM/plot_n_20250716083049855.jpg,TRUE,65,5,3,3
18,SM,small,1.0–1.3,1,NA,0,0,0,NA,NA,NA,NA,0,NA,NA,0,NA,NA,0,NA,NA,NA,NA,NA,NA,NA,443_T2_AH_20250827,1,1,NA,NA,NA,NA,NA,0,NA,DCIM/context_n20250716083344711.jpg,DCIM/context_e20250716083323757.jpg,DCIM/context_s20250716083308578.jpg,DCIM/context_w20250716083251409.jpg,2025-07-16T08:32:06Z,15.32389855,49.04307439,DCIM/plot_e_20250716083031044.jpg,DCIM/plot_n_20250716083049855.jpg,TRUE,65,5,1.2,1.2
30,JR,advanced,2–4,1,NA,1,1,100,1,kmen,NA,NA,0,NA,NA,0,NA,stare,1,zver,60-80,>30,NA,NA,NA,NA,443_T4_TP_20250827,NA,1,NA,NA,NA,NA,1,0,NA,DCIM/context_n20250526111600729.jpg,DCIM/context_e20250526111554510.jpg,DCIM/context_s20250526111547583.jpg,DCIM/context_w20250526111540578.jpg,2025-05-26T11:15:12Z,15.71971238,49.80368025,DCIM/plot_e_20250526111206122.jpg,DCIM/plot_n_20250526111219518.jpg,TRUE,129,5,3,3
19,BO,small,0.8–1.0,1,NA,0,0,0,NA,NA,NA,NA,0,NA,NA,0,NA,NA,0,NA,NA,NA,NA,NA,NA,NA,443_T4_TP_20250827,NA,1,NA,NA,NA,NA,1,0,NA,DCIM/context_n20250526111600729.jpg,DCIM/context_e20250526111554510.jpg,DCIM/context_s20250526111547583.jpg,DCIM/context_w20250526111540578.jpg,2025-05-26T11:15:12Z,15.71971238,49.80368025,DCIM/plot_e_20250526111206122.jpg,DCIM/plot_n_20250526111219518.jpg,TRUE,129,5,0.9,0.9
18,SM,advanced,2–4,4,NA,0,0,0,NA,NA,NA,NA,0,NA,NA,0,NA,NA,0,NA,NA,NA,NA,NA,NA,NA,444_T2_AH_20250827,NA,1,NA,NA,NA,NA,NA,0,NA,DCIM/context_n20250716084324601.jpg,DCIM/context_e20250716084317274.jpg,DCIM/context_s20250716084309062.jpg,DCIM/context_w20250716084303084.jpg,2025-07-16T08:42:44Z,15.32392686,49.04325301,DCIM/plot_e_20250716083959641.jpg,DCIM/plot_n_20250716084012471.jpg,TRUE,65,5,3,3
18,SM,small,1.0–1.3,1,NA,0,0,0,NA,NA,NA,NA,0,NA,NA,0,NA,NA,0,NA,NA,NA,NA,NA,NA,NA,444_T2_AH_20250827,NA,1,NA,NA,NA,NA,NA,0,NA,DCIM/context_n20250716084324601.jpg,DCIM/context_e20250716084317274.jpg,DCIM/context_s20250716084309062.jpg,DCIM/context_w20250716084303084.jpg,2025-07-16T08:42:44Z,15.32392686,49.04325301,DCIM/plot_e_20250716083959641.jpg,DCIM/plot_n_20250716084012471.jpg,TRUE,65,5,1.2,1.2
30,JR,small,0.8–1.0,2,NA,1,1,50,1,kmen,NA,NA,0,NA,NA,0,NA,stare,1,zver,NA,NA,NA,NA,NA,NA,444_T2_AH_20250827,NA,1,NA,NA,NA,NA,NA,0,NA,DCIM/context_n20250716084324601.jpg,DCIM/context_e20250716084317274.jpg,DCIM/context_s20250716084309062.jpg,DCIM/context_w20250716084303084.jpg,2025-07-16T08:42:44Z,15.32392686,49.04325301,DCIM/plot_e_20250716083959641.jpg,DCIM/plot_n_20250716084012471.jpg,TRUE,65,5,0.9,0.9
18,SM,small,1.3–2.0,2,NA,0,0,0,NA,NA,NA,NA,0,NA,NA,0,NA,NA,0,NA,NA,NA,NA,NA,NA,NA,444_T4_TP_20250827,1,1,NA,NA,NA,NA,NA,0,NA,DCIM/context_n20250526112116292.jpg,DCIM/context_e20250526112107334.jpg,DCIM/context_s20250526112048758.jpg,DCIM/context_w20250526112040473.jpg,2025-05-26T11:20:02Z,15.71973347,49.80385951,DCIM/plot_e_20250526111835022.jpg,DCIM/plot_n_20250526111849102.jpg,TRUE,129,5,1.7,1.7
18,SM,small,1.0–1.3,3,NA,0,0,0,NA,NA,NA,NA,0,NA,NA,0,NA,NA,0,NA,NA,NA,NA,NA,NA,NA,445_T2_AH_20250827,1,1,NA,NA,1,NA,NA,0,"Krušina 1,3 m",DCIM/context_n20250716084739780.jpg,DCIM/context_e20250716084734115.jpg,DCIM/context_s20250716084726982.jpg,DCIM/context_w20250716084721121.jpg,2025-07-16T08:46:38Z,15.32365503,49.04326476,DCIM/plot_e_20250716084532607.jpg,DCIM/plot_n_20250716084545118.jpg,TRUE,65,5,1.2,1.2
25,DB,small,0.4–0.6,3,NA,1,1,33.33333333333333,1,kmen,NA,NA,0,NA,NA,0,NA,cerstve,1,zver,80-100,NA,NA,NA,Okus,NA,445_T4_TP_20250827,NA,1,NA,NA,1,NA,1,0,NA,DCIM/context_n20250526113454430.jpg,DCIM/context_e20250526113444425.jpg,DCIM/context_s20250526113438113.jpg,DCIM/context_w20250526113431441.jpg,2025-05-26T11:33:35Z,15.71998934,49.8036663,DCIM/plot_e_20250526112526200.jpg,DCIM/plot_n_20250526112536080.jpg,TRUE,129,5,0.5,0.5
18,SM,small,0.6–0.8,1,NA,1,1,100,1,olistení,NA,NA,0,60-80,NA,1,60-80,NA,0,NA,NA,NA,NA,NA,NA,T4445PSM4,445_T4_TP_20250827,NA,1,NA,NA,1,NA,1,0,NA,DCIM/context_n20250526113454430.jpg,DCIM/context_e20250526113444425.jpg,DCIM/context_s20250526113438113.jpg,DCIM/context_w20250526113431441.jpg,2025-05-26T11:33:35Z,15.71998934,49.8036663,DCIM/plot_e_20250526112526200.jpg,DCIM/plot_n_20250526112536080.jpg,TRUE,129,5,0.7,0.7
10,BR,advanced,2–4,2,NA,1,2,100,1,olistení,NA,NA,0,0-20,1,2,20-40,NA,0,NA,NA,NA,NA,NA,NA,T2446PBR4,446_T2_AH_20250827,NA,1,NA,NA,NA,NA,NA,0,NA,DCIM/context_n20250716085904773.jpg,DCIM/context_e20250716085858591.jpg,DCIM/context_s20250716085852593.jpg,DCIM/context_w20250716085847380.jpg,2025-07-16T08:58:26Z,15.32394047,49.04343057,DCIM/plot_e_20250716085437882.jpg,DCIM/plot_n_20250716085449541.jpg,TRUE,65,5,3,3
27,JIV,small,1.3–2.0,1,NA,0,0,0,NA,NA,NA,NA,0,NA,NA,0,NA,NA,0,NA,NA,NA,NA,NA,NA,NA,446_T2_AH_20250827,NA,1,NA,NA,NA,NA,NA,0,NA,DCIM/context_n20250716085904773.jpg,DCIM/context_e20250716085858591.jpg,DCIM/context_s20250716085852593.jpg,DCIM/context_w20250716085847380.jpg,2025-07-16T08:58:26Z,15.32394047,49.04343057,DCIM/plot_e_20250716085437882.jpg,DCIM/plot_n_20250716085449541.jpg,TRUE,65,5,1.7,1.7
30,JR,advanced,2–4,1,NA,1,1,100,1,kmen,NA,NA,0,NA,NA,0,NA,cerstve,1,zver,60-80,>30,NA,NA,Vytlučeno,NA,446_T4_TP_20250827,1,1,NA,NA,NA,NA,1,0,NA,DCIM/context_n20250526114944704.jpg,DCIM/context_e20250526114936531.jpg,DCIM/context_s20250526114927141.jpg,DCIM/context_w20250526114915271.jpg,2025-05-26T11:48:37Z,15.71969106,49.80350104,DCIM/plot_e_20250526113735839.jpg,DCIM/plot_n_20250526113743608.jpg,TRUE,129,5,3,3
19,BO,small,1.0–1.3,1,NA,1,1,100,1,olistení,NA,NA,0,0-20,NA,1,60-80,NA,0,NA,NA,NA,NA,NA,NA,T4446PBO4,446_T4_TP_20250827,1,1,NA,NA,NA,NA,1,0,NA,DCIM/context_n20250526114944704.jpg,DCIM/context_e20250526114936531.jpg,DCIM/context_s20250526114927141.jpg,DCIM/context_w20250526114915271.jpg,2025-05-26T11:48:37Z,15.71969106,49.80350104,DCIM/plot_e_20250526113735839.jpg,DCIM/plot_n_20250526113743608.jpg,TRUE,129,5,1.2,1.2
30,JR,small,0.6–0.8,1,NA,1,1,100,1,kmen,NA,NA,0,NA,NA,0,NA,stare,1,zver,80-100,NA,NA,NA,Okus,NA,446_T4_TP_20250827,1,1,NA,NA,NA,NA,1,0,NA,DCIM/context_n20250526114944704.jpg,DCIM/context_e20250526114936531.jpg,DCIM/context_s20250526114927141.jpg,DCIM/context_w20250526114915271.jpg,2025-05-26T11:48:37Z,15.71969106,49.80350104,DCIM/plot_e_20250526113735839.jpg,DCIM/plot_n_20250526113743608.jpg,TRUE,129,5,0.7,0.7
13,BK,small,0.4–0.6,2,NA,1,2,100,1,olistení,NA,NA,0,80-100,1,2,80-100,NA,0,NA,NA,NA,NA,NA,NA,Mráz,446_T4_TP_20250827,1,1,NA,NA,NA,NA,1,0,NA,DCIM/context_n20250526114944704.jpg,DCIM/context_e20250526114936531.jpg,DCIM/context_s20250526114927141.jpg,DCIM/context_w20250526114915271.jpg,2025-05-26T11:48:37Z,15.71969106,49.80350104,DCIM/plot_e_20250526113735839.jpg,DCIM/plot_n_20250526113743608.jpg,TRUE,129,5,0.5,0.5
18,SM,advanced,2–4,5,NA,0,0,0,NA,NA,NA,NA,0,NA,NA,0,NA,NA,0,NA,NA,NA,NA,NA,NA,NA,447_T2_AH_20250827,NA,1,NA,NA,NA,NA,NA,0,"Krušina 1,6 m",DCIM/context_n20250716090811251.jpg,DCIM/context_e20250716090806088.jpg,DCIM/context_s20250716090800459.jpg,DCIM/context_w20250716090753614.jpg,2025-07-16T09:07:33Z,15.32419475,49.04323905,DCIM/plot_e_20250716090202232.jpg,DCIM/plot_n_20250716090208579.jpg,TRUE,65,5,3,3
18,SM,small,1.3–2.0,1,NA,0,0,0,NA,NA,NA,NA,0,NA,NA,0,NA,NA,0,NA,NA,NA,NA,NA,NA,NA,447_T2_AH_20250827,NA,1,NA,NA,NA,NA,NA,0,"Krušina 1,6 m",DCIM/context_n20250716090811251.jpg,DCIM/context_e20250716090806088.jpg,DCIM/context_s20250716090800459.jpg,DCIM/context_w20250716090753614.jpg,2025-07-16T09:07:33Z,15.32419475,49.04323905,DCIM/plot_e_20250716090202232.jpg,DCIM/plot_n_20250716090208579.jpg,TRUE,65,5,1.7,1.7
30,JR,small,0.6–0.8,1,NA,1,1,100,1,terminal,odumrety,NA,1,NA,NA,0,NA,NA,0,NA,NA,NA,NA,T2447OJR1,NA,NA,447_T2_AH_20250827,NA,1,NA,NA,NA,NA,NA,0,"Krušina 1,6 m",DCIM/context_n20250716090811251.jpg,DCIM/context_e20250716090806088.jpg,DCIM/context_s20250716090800459.jpg,DCIM/context_w20250716090753614.jpg,2025-07-16T09:07:33Z,15.32419475,49.04323905,DCIM/plot_e_20250716090202232.jpg,DCIM/plot_n_20250716090208579.jpg,TRUE,65,5,0.7,0.7
18,SM,small,1.3–2.0,4,NA,0,0,0,NA,NA,NA,NA,0,NA,NA,0,NA,NA,0,NA,NA,NA,NA,NA,NA,NA,447_T4_TP_20250827,1,1,NA,NA,NA,NA,NA,0,NA,DCIM/context_n20250526123152633.jpg,DCIM/context_e20250526123144378.jpg,DCIM/context_s20250526123139068.jpg,DCIM/context_w20250526123132856.jpg,2025-05-26T12:30:43Z,15.72145866,49.78556277,DCIM/plot_e_20250526122733932.jpg,DCIM/plot_n_20250526122752051.jpg,TRUE,130,5,1.7,1.7
17,MD,small,1.0–1.3,1,NA,0,0,0,NA,NA,NA,NA,0,NA,NA,0,NA,NA,0,NA,NA,NA,NA,NA,NA,NA,447_T4_TP_20250827,1,1,NA,NA,NA,NA,NA,0,NA,DCIM/context_n20250526123152633.jpg,DCIM/context_e20250526123144378.jpg,DCIM/context_s20250526123139068.jpg,DCIM/context_w20250526123132856.jpg,2025-05-26T12:30:43Z,15.72145866,49.78556277,DCIM/plot_e_20250526122733932.jpg,DCIM/plot_n_20250526122752051.jpg,TRUE,130,5,1.2,1.2
18,SM,small,0.6–0.8,1,NA,0,0,0,NA,NA,NA,NA,0,NA,NA,0,NA,NA,0,NA,NA,NA,NA,NA,NA,NA,448_T4_TP_20250827,NA,1,NA,NA,NA,NA,NA,0,NA,DCIM/context_n20250526123701181.jpg,DCIM/context_e20250526123655614.jpg,DCIM/context_s20250526123649751.jpg,DCIM/context_w20250526123643324.jpg,2025-05-26T12:36:02Z,15.72147981,49.78574224,DCIM/plot_e_20250526123420251.jpg,DCIM/plot_n_20250526123438598.jpg,TRUE,130,5,0.7,0.7
24,DB,small,0.6–0.8,1,NA,1,1,100,1,kmen,NA,NA,0,NA,NA,0,NA,stare,1,zver,40-60,20-Oct,NA,NA,NA,NA,449_T2_AH_20250827,NA,1,1,NA,1,NA,1,1,Oplocenka,DCIM/context_n20250716102713086.jpg,DCIM/context_e20250716102706571.jpg,DCIM/context_s20250716102700054.jpg,DCIM/context_w20250716102652838.jpg,2025-07-16T10:25:38Z,15.5299781,49.03613179,DCIM/plot_e_20250716102118361.jpg,DCIM/plot_n_20250716102129562.jpg,TRUE,66,5,0.7,0.7
17,MD,small,1.0–1.3,1,NA,1,1,100,1,kmen,NA,NA,0,NA,NA,0,NA,cerstve,1,zver,80-100,>30,NA,NA,Vytlučeno,NA,449_T4_TP_20250827,NA,1,NA,NA,NA,NA,NA,0,NA,DCIM/context_n20250526124400303.jpg,DCIM/context_e20250526124346682.jpg,DCIM/context_s20250526124341624.jpg,DCIM/context_w20250526124335903.jpg,2025-05-26T12:43:04Z,15.72120319,49.78575617,DCIM/plot_e_20250526123930813.jpg,DCIM/plot_n_20250526123943854.jpg,TRUE,130,5,1.2,1.2
18,SM,small,0.6–0.8,5,NA,1,5,100,1,olistení,NA,NA,0,0-20,4,5,60-80,NA,0,NA,NA,NA,NA,NA,NA,Mráz,449_T4_TP_20250827,NA,1,NA,NA,NA,NA,NA,0,NA,DCIM/context_n20250526124400303.jpg,DCIM/context_e20250526124346682.jpg,DCIM/context_s20250526124341624.jpg,DCIM/context_w20250526124335903.jpg,2025-05-26T12:43:04Z,15.72120319,49.78575617,DCIM/plot_e_20250526123930813.jpg,DCIM/plot_n_20250526123943854.jpg,TRUE,130,5,0.7,0.7
18,SM,small,0.4–0.6,1,NA,1,1,100,1,kmen,NA,NA,0,NA,NA,0,NA,cerstve,1,zver,80-100,NA,NA,NA,"Okus,Mráz",NA,450_T4_TP_20250827,NA,1,NA,NA,1,NA,NA,0,NA,DCIM/context_n20250526125105706.jpg,DCIM/context_e20250526125057479.jpg,DCIM/context_s20250526125051647.jpg,DCIM/context_w20250526125045591.jpg,2025-05-26T12:50:19Z,15.72175712,49.78572829,DCIM/plot_e_20250526124744048.jpg,DCIM/plot_n_20250526124800690.jpg,TRUE,130,5,0.5,0.5
13,BK,small,1.3–2.0,4,NA,1,4,100,1,olistení,NA,NA,0,0-20,3,4,20-40,NA,0,NA,NA,NA,NA,NA,NA,NA,451_T4_TP_20250827,1,1,NA,NA,NA,NA,1,1,Plot,DCIM/context_n20250526130511642.jpg,DCIM/context_e20250526130505516.jpg,DCIM/context_s20250526130459379.jpg,DCIM/context_w20250526130453789.jpg,2025-05-26T13:04:00Z,15.72150101,49.78592172,DCIM/plot_e_20250526125949584.jpg,DCIM/plot_n_20250526130007069.jpg,TRUE,130,5,1.7,1.7
18,SM,small,0.2–0.4,2,NA,1,2,100,1,olistení,NA,NA,0,60-80,1,2,80-100,NA,0,NA,NA,NA,NA,NA,NA,Mráz,451_T4_TP_20250827,1,1,NA,NA,NA,NA,1,1,Plot,DCIM/context_n20250526130511642.jpg,DCIM/context_e20250526130505516.jpg,DCIM/context_s20250526130459379.jpg,DCIM/context_w20250526130453789.jpg,2025-05-26T13:04:00Z,15.72150101,49.78592172,DCIM/plot_e_20250526125949584.jpg,DCIM/plot_n_20250526130007069.jpg,TRUE,130,5,0.3,0.3
10,BR,advanced,2–4,1,NA,1,1,100,1,olistení,NA,NA,0,0-20,NA,1,0-20,NA,0,NA,NA,NA,NA,NA,NA,T2452PBR4,452_T2_AH_20250827,NA,1,NA,NA,NA,NA,NA,0,NA,DCIM/context_n20250716104321561.jpg,DCIM/context_e20250716104313860.jpg,DCIM/context_s20250716104307296.jpg,DCIM/context_w20250716104300794.jpg,2025-07-16T10:42:26Z,15.53024285,49.03594524,DCIM/plot_e_20250716103926738.jpg,DCIM/plot_n_20250716103935505.jpg,TRUE,66,5,3,3
24,DB,small,0.2–0.4,1,NA,0,0,0,NA,NA,NA,NA,0,NA,NA,0,NA,NA,0,NA,NA,NA,NA,NA,NA,NA,453_T2_AH_20250827,NA,1,1,NA,NA,NA,NA,1,Oploceka,DCIM/context_n20250716105651559.jpg,DCIM/context_e20250716105644976.jpg,DCIM/context_s20250716105636813.jpg,DCIM/context_w20250716105631497.jpg,2025-07-16T10:55:59Z,15.53256965,49.03961931,DCIM/plot_e_20250716105511635.jpg,DCIM/plot_n_20250716105518118.jpg,TRUE,67,5,0.3,0.3
13,BK,small,0.4–0.6,2,NA,1,1,50,2,kmen,NA,NA,0,NA,NA,0,NA,stare,1,ine bioticke,80-100,NA,NA,NA,T4453BK2,NA,453_T4_TP_20250827,1,1,NA,NA,1,NA,1,1,Oplocenka,DCIM/context_n20250527080538009.jpg,DCIM/context_e20250527080532111.jpg,DCIM/context_s20250527080525401.jpg,DCIM/context_w20250527080517838.jpg,2025-05-27T08:04:24Z,15.75914574,49.82800492,DCIM/plot_e_20250527075859086.jpg,DCIM/plot_n_20250527075911841.jpg,TRUE,131,5,0.5,0.5
24,DB,small,0.4–0.6,2,NA,1,1,50,2,olistení,NA,NA,0,20-40,NA,1,60-80,NA,0,NA,NA,NA,NA,NA,NA,T2454ODB4,454_T2_AH_20250827,NA,1,1,NA,NA,NA,1,1,Oploceka,DCIM/context_n20250716110823369.jpg,DCIM/context_e20250716110818943.jpg,DCIM/context_s20250716110814748.jpg,DCIM/context_w20250716110809030.jpg,2025-07-16T11:07:28Z,15.53280487,49.03941896,DCIM/plot_e_20250716110104883.jpg,DCIM/plot_n_20250716110111805.jpg,TRUE,67,5,0.5,0.5
20,OS,advanced,2–4,1,NA,1,1,100,1,olistení,NA,NA,0,0-20,NA,1,80-100,NA,0,NA,NA,NA,NA,NA,NA,NA,454_T4_TP_20250827,NA,1,NA,NA,NA,NA,NA,1,Oplocenka,DCIM/context_n20250527081428837.jpg,DCIM/context_e20250527081417989.jpg,DCIM/context_s20250527081407748.jpg,DCIM/context_w20250527081359862.jpg,2025-05-27T08:13:13Z,15.75912344,49.82782575,DCIM/plot_e_20250527080812853.jpg,DCIM/plot_n_20250527080821118.jpg,TRUE,131,5,3,3
30,JR,small,1.3–2.0,2,NA,0,0,0,NA,NA,NA,NA,0,NA,NA,0,NA,NA,0,NA,NA,NA,NA,NA,NA,NA,454_T4_TP_20250827,NA,1,NA,NA,NA,NA,NA,1,Oplocenka,DCIM/context_n20250527081428837.jpg,DCIM/context_e20250527081417989.jpg,DCIM/context_s20250527081407748.jpg,DCIM/context_w20250527081359862.jpg,2025-05-27T08:13:13Z,15.75912344,49.82782575,DCIM/plot_e_20250527080812853.jpg,DCIM/plot_n_20250527080821118.jpg,TRUE,131,5,1.7,1.7
24,DB,advanced,2–4,1,NA,1,1,100,1,olistení,NA,NA,0,20-40,NA,1,40-60,NA,0,NA,NA,NA,NA,NA,NA,T2455PDB4,455_T2_AH_20250827,NA,1,1,NA,NA,NA,1,1,Oploceka,DCIM/context_n20250716112101622.jpg,DCIM/context_e20250716112056847.jpg,DCIM/context_s20250716112051249.jpg,DCIM/context_w20250716112044965.jpg,2025-07-16T11:20:27Z,15.53253064,49.03942431,DCIM/plot_e_20250716111419926.jpg,DCIM/plot_n_20250716111458399.jpg,TRUE,67,5,3,3
24,DB,small,0.8–1.0,4,NA,1,4,100,1,olistení,NA,NA,0,40-60,3,4,60-80,NA,0,NA,NA,NA,NA,NA,NA,T2455ODB4,455_T2_AH_20250827,NA,1,1,NA,NA,NA,1,1,Oploceka,DCIM/context_n20250716112101622.jpg,DCIM/context_e20250716112056847.jpg,DCIM/context_s20250716112051249.jpg,DCIM/context_w20250716112044965.jpg,2025-07-16T11:20:27Z,15.53253064,49.03942431,DCIM/plot_e_20250716111419926.jpg,DCIM/plot_n_20250716111458399.jpg,TRUE,67,5,0.9,0.9
28,VRX,small,0.8–1.0,6,NA,0,0,0,NA,NA,NA,NA,0,NA,NA,0,NA,NA,0,NA,NA,NA,NA,NA,NA,NA,455_T4_TP_20250827,NA,1,NA,NA,NA,NA,0,1,NA,DCIM/context_n20250527082459511.jpg,DCIM/context_e20250527082451935.jpg,DCIM/context_s20250527082444695.jpg,DCIM/context_w20250527082437955.jpg,2025-05-27T08:23:52Z,15.75942291,49.82799101,DCIM/plot_e_20250527081929403.jpg,DCIM/plot_n_20250527081940938.jpg,TRUE,131,5,0.9,0.9
24,DB,small,1.3–2.0,5,NA,1,5,100,1,olistení,NA,NA,0,40-60,4,5,60-80,NA,0,NA,NA,NA,NA,NA,NA,T2456ODB4,456_T2_AH_20250827,NA,1,1,NA,NA,NA,1,1,Oploceka,DCIM/context_n20250716112737039.jpg,DCIM/context_e20250716112731564.jpg,DCIM/context_s20250716112723794.jpg,DCIM/context_w20250716112718060.jpg,2025-07-16T11:26:56Z,15.53230618,49.03944108,DCIM/plot_e_20250716112404045.jpg,DCIM/plot_n_20250716112411362.jpg,TRUE,67,5,1.7,1.7
24,DB,small,0.8–1.0,2,NA,1,2,100,1,olistení,NA,NA,0,40-60,1,2,60-80,NA,0,NA,NA,NA,NA,NA,NA,T2457ODB4,457_T2_AH_20250827,NA,1,1,NA,NA,NA,1,1,Oplocenka,DCIM/context_n20250716113617205.jpg,DCIM/context_e20250716113612135.jpg,DCIM/context_s20250716113607097.jpg,DCIM/context_w20250716113601639.jpg,2025-07-16T11:35:12Z,15.53253331,49.03924939,DCIM/plot_e_20250716113026630.jpg,DCIM/plot_n_20250716113034445.jpg,TRUE,67,5,0.9,0.9
24,DB,small,0.8–1.0,1,NA,1,0,0,1,olistení,NA,NA,0,NA,NA,0,NA,NA,0,NA,NA,NA,NA,NA,NA,NA,457_T2_AH_20250827,NA,1,1,NA,NA,NA,1,1,Oplocenka,DCIM/context_n20250716113617205.jpg,DCIM/context_e20250716113612135.jpg,DCIM/context_s20250716113607097.jpg,DCIM/context_w20250716113601639.jpg,2025-07-16T11:35:12Z,15.53253331,49.03924939,DCIM/plot_e_20250716113026630.jpg,DCIM/plot_n_20250716113034445.jpg,TRUE,67,5,0.9,0.9
10,BR,small,0.6–0.8,1,NA,0,0,0,NA,NA,NA,NA,0,NA,NA,0,NA,NA,0,NA,NA,NA,NA,NA,NA,NA,457_T4_TP_20250827,NA,1,NA,NA,NA,NA,1,1,Oplocenka,DCIM/context_n20250527084231726.jpg,DCIM/context_e20250527084222997.jpg,DCIM/context_s20250527084207740.jpg,DCIM/context_w20250527084159341.jpg,2025-05-27T08:41:16Z,15.75886848,49.82801901,DCIM/plot_e_20250527083248908.jpg,DCIM/plot_n_20250527083302183.jpg,TRUE,131,5,0.7,0.7
13,BK,small,0.6–0.8,1,NA,1,1,100,1,kmen,NA,NA,0,NA,NA,0,NA,stare,1,nejasna,80-100,NA,NA,NA,T4457BK2 Špatná sadba,NA,457_T4_TP_20250827,NA,1,NA,NA,NA,NA,1,1,Oplocenka,DCIM/context_n20250527084231726.jpg,DCIM/context_e20250527084222997.jpg,DCIM/context_s20250527084207740.jpg,DCIM/context_w20250527084159341.jpg,2025-05-27T08:41:16Z,15.75886848,49.82801901,DCIM/plot_e_20250527083248908.jpg,DCIM/plot_n_20250527083302183.jpg,TRUE,131,5,0.7,0.7
10,BR,advanced,2–4,1,NA,1,1,100,1,olistení,NA,NA,0,0-20,NA,1,20-40,NA,0,NA,NA,NA,NA,NA,NA,T2458PBR4,458_T2_AH_20250827,NA,1,NA,NA,1,1,NA,0,NA,DCIM/context_n20250716122604197.jpg,DCIM/context_e20250716122556895.jpg,DCIM/context_s20250716122547393.jpg,DCIM/context_w20250716122527013.jpg,2025-07-16T12:24:40Z,15.59429193,49.0540271,DCIM/plot_e_20250716122131430.jpg,DCIM/plot_n_20250716122145791.jpg,TRUE,68,5,3,3
18,SM,small,0.6–0.8,1,NA,1,1,100,1,olistení,NA,NA,0,60-80,NA,1,80-100,NA,0,NA,NA,NA,NA,NA,NA,"Mráz,  okus",458_T4_TP_20250827,NA,1,NA,NA,NA,NA,1,1,Repelent,DCIM/context_n20250527094808405.jpg,DCIM/context_e20250527094757848.jpg,DCIM/context_s20250527094752726.jpg,DCIM/context_w20250527094746736.jpg,2025-05-27T09:46:54Z,15.57785318,49.7052973,DCIM/plot_e_20250527094415038.jpg,DCIM/plot_n_20250527094423857.jpg,TRUE,27,5,0.7,0.7
10,BR,small,0.2–0.4,1,NA,0,0,0,NA,NA,NA,NA,0,NA,NA,0,NA,NA,0,NA,NA,NA,NA,NA,NA,NA,458_T4_TP_20250827,NA,1,NA,NA,NA,NA,1,1,Repelent,DCIM/context_n20250527094808405.jpg,DCIM/context_e20250527094757848.jpg,DCIM/context_s20250527094752726.jpg,DCIM/context_w20250527094746736.jpg,2025-05-27T09:46:54Z,15.57785318,49.7052973,DCIM/plot_e_20250527094415038.jpg,DCIM/plot_n_20250527094423857.jpg,TRUE,27,5,0.3,0.3
18,SM,small,0.6–0.8,3,NA,1,3,100,1,olistení,NA,NA,0,40-60,2,3,60-80,NA,0,NA,NA,NA,NA,NA,NA,NA,459_T4_TP_20250827,NA,1,NA,NA,NA,NA,1,1,Repelent,DCIM/context_n20250527095710533.jpg,DCIM/context_e20250527095704688.jpg,DCIM/context_s20250527095700639.jpg,DCIM/context_w20250527095648488.jpg,2025-05-27T09:56:06Z,15.57757703,49.70531091,DCIM/plot_e_20250527095326803.jpg,DCIM/plot_n_20250527095335255.jpg,TRUE,27,5,0.7,0.7
10,BR,small,0.2–0.4,1,NA,0,0,0,NA,NA,NA,NA,0,NA,NA,0,NA,NA,0,NA,NA,NA,NA,NA,NA,NA,459_T4_TP_20250827,NA,1,NA,NA,NA,NA,1,1,Repelent,DCIM/context_n20250527095710533.jpg,DCIM/context_e20250527095704688.jpg,DCIM/context_s20250527095700639.jpg,DCIM/context_w20250527095648488.jpg,2025-05-27T09:56:06Z,15.57757703,49.70531091,DCIM/plot_e_20250527095326803.jpg,DCIM/plot_n_20250527095335255.jpg,TRUE,27,5,0.3,0.3
18,SM,small,0.6–0.8,2,NA,1,1,50,1,kmen,NA,NA,0,NA,NA,0,NA,cerstve,1,ine bioticke,80-100,>30,NA,NA,NA,NA,460_T4_TP_20250827,NA,1,NA,NA,1,1,1,0,NA,DCIM/context_n20250527103243364.jpg,DCIM/context_e20250527103235883.jpg,DCIM/context_s20250527103229138.jpg,DCIM/context_w20250527103222637.jpg,2025-05-27T10:31:21Z,15.5681753,49.69856371,DCIM/plot_e_20250527102542011.jpg,DCIM/plot_n_20250527102551015.jpg,TRUE,132,5,0.7,0.7
10,BR,small,0.6–0.8,3,NA,0,0,0,NA,NA,NA,NA,0,NA,NA,0,NA,NA,0,NA,NA,NA,NA,NA,NA,NA,461_T4_TP_20250827,NA,1,NA,NA,1,1,NA,0,NA,DCIM/context_n20250527103951976.jpg,DCIM/context_e20250527103946299.jpg,DCIM/context_s20250527103940588.jpg,DCIM/context_w20250527103935564.jpg,2025-05-27T10:39:02Z,15.56845175,49.69854987,DCIM/plot_e_20250527103717253.jpg,DCIM/plot_n_20250527103724991.jpg,TRUE,132,5,0.7,0.7
10,BR,small,0.4–0.6,3,NA,0,0,0,NA,NA,NA,NA,0,NA,NA,0,NA,NA,0,NA,NA,NA,NA,NA,NA,NA,462_T4_TP_20250827,NA,NA,NA,1,NA,NA,NA,0,NA,DCIM/context_n20250527104744884.jpg,DCIM/context_e20250527104739243.jpg,DCIM/context_s20250527104727267.jpg,DCIM/context_w20250527104720601.jpg,2025-05-27T10:44:19Z,15.56819599,49.6987431,DCIM/plot_e_20250527104313981.jpg,DCIM/plot_n_20250527104321869.jpg,TRUE,132,5,0.5,0.5
18,SM,small,0.4–0.6,1,NA,0,0,0,NA,NA,NA,NA,0,NA,NA,0,NA,NA,0,NA,NA,NA,NA,NA,NA,NA,462_T4_TP_20250827,NA,NA,NA,1,NA,NA,NA,0,NA,DCIM/context_n20250527104744884.jpg,DCIM/context_e20250527104739243.jpg,DCIM/context_s20250527104727267.jpg,DCIM/context_w20250527104720601.jpg,2025-05-27T10:44:19Z,15.56819599,49.6987431,DCIM/plot_e_20250527104313981.jpg,DCIM/plot_n_20250527104321869.jpg,TRUE,132,5,0.5,0.5
10,BR,advanced,2–4,1,NA,0,0,0,NA,NA,NA,NA,0,NA,NA,0,NA,NA,0,NA,NA,NA,NA,NA,NA,NA,463_T2_AH_20250827,NA,1,NA,NA,NA,NA,1,1,Nátěr,DCIM/context_n20250716144650308.jpg,DCIM/context_e20250716144643974.jpg,DCIM/context_s20250716144632283.jpg,DCIM/context_w20250716144625350.jpg,2025-07-16T14:45:48Z,15.5038159,49.44861832,DCIM/plot_e_20250716144425776.jpg,DCIM/plot_n_20250716144437320.jpg,TRUE,69,5,3,3
18,SM,small,0.8–1.0,2,NA,0,0,0,NA,NA,NA,NA,0,NA,NA,0,NA,NA,0,NA,NA,NA,NA,NA,NA,NA,463_T2_AH_20250827,NA,1,NA,NA,NA,NA,1,1,Nátěr,DCIM/context_n20250716144650308.jpg,DCIM/context_e20250716144643974.jpg,DCIM/context_s20250716144632283.jpg,DCIM/context_w20250716144625350.jpg,2025-07-16T14:45:48Z,15.5038159,49.44861832,DCIM/plot_e_20250716144425776.jpg,DCIM/plot_n_20250716144437320.jpg,TRUE,69,5,0.9,0.9
18,SM,small,0.4–0.6,3,NA,0,0,0,NA,NA,NA,NA,0,NA,NA,0,NA,NA,0,NA,NA,NA,NA,NA,NA,NA,463_T4_TP_20250827,NA,1,NA,NA,1,1,NA,0,NA,DCIM/context_n20250527105335851.jpg,DCIM/context_e20250527105326230.jpg,DCIM/context_s20250527105319181.jpg,DCIM/context_w20250527105311905.jpg,2025-05-27T10:52:24Z,15.56789881,49.69857735,DCIM/plot_e_20250527105116889.jpg,DCIM/plot_n_20250527105127293.jpg,TRUE,132,5,0.5,0.5
18,SM,small,0.8–1.0,3,NA,0,0,0,NA,NA,NA,NA,0,NA,NA,0,NA,NA,0,NA,NA,NA,NA,NA,NA,NA,464_T2_AH_20250827,1,1,NA,NA,NA,NA,1,1,Nátěr,DCIM/context_n20250716145531223.jpg,DCIM/context_e20250716145526062.jpg,DCIM/context_s20250716145521199.jpg,DCIM/context_w20250716145516272.jpg,2025-07-16T14:54:40Z,15.50409801,49.44860625,DCIM/plot_e_20250716145352117.jpg,DCIM/plot_n_20250716145359752.jpg,TRUE,69,5,0.9,0.9
18,SM,small,0.4–0.6,1,NA,1,1,100,1,kmen,NA,NA,0,NA,NA,0,NA,stare,1,ine bioticke,0-20,NA,NA,NA,"Mráz,okus",NA,464_T4_TP_20250827,NA,NA,NA,NA,1,1,1,1,NA,DCIM/context_n20250527111038441.jpg,DCIM/context_e20250527111031780.jpg,DCIM/context_s20250527111025616.jpg,DCIM/context_w20250527111019094.jpg,2025-05-27T11:09:37Z,15.56815438,49.69838452,DCIM/plot_e_20250527110030952.jpg,DCIM/plot_n_20250527110111168.jpg,TRUE,132,5,0.5,0.5
10,BR,small,0.2–0.4,1,NA,1,1,100,1,terminal,odumrety,NA,1,NA,NA,0,NA,NA,0,NA,NA,NA,NA,NA,NA,NA,464_T4_TP_20250827,NA,NA,NA,NA,1,1,1,1,NA,DCIM/context_n20250527111038441.jpg,DCIM/context_e20250527111031780.jpg,DCIM/context_s20250527111025616.jpg,DCIM/context_w20250527111019094.jpg,2025-05-27T11:09:37Z,15.56815438,49.69838452,DCIM/plot_e_20250527110030952.jpg,DCIM/plot_n_20250527110111168.jpg,TRUE,132,5,0.3,0.3
18,SM,small,1.3–2.0,2,NA,0,0,0,NA,NA,NA,NA,0,NA,NA,0,NA,NA,0,NA,NA,NA,NA,NA,NA,NA,465_T2_AH_20250827,NA,1,NA,NA,NA,NA,1,1,Nátěr,DCIM/context_n20250716150115566.jpg,DCIM/context_e20250716150109400.jpg,DCIM/context_s20250716150104389.jpg,DCIM/context_w20250716150059127.jpg,2025-07-16T15:00:29Z,15.50436557,49.44858892,DCIM/plot_e_20250716145919503.jpg,DCIM/plot_n_20250716145925033.jpg,TRUE,69,5,1.7,1.7
10,BR,small,0.4–0.6,1,NA,0,0,0,NA,NA,NA,NA,0,NA,NA,0,NA,NA,0,NA,NA,NA,NA,NA,NA,NA,465_T2_AH_20250827,NA,1,NA,NA,NA,NA,1,1,Nátěr,DCIM/context_n20250716150115566.jpg,DCIM/context_e20250716150109400.jpg,DCIM/context_s20250716150104389.jpg,DCIM/context_w20250716150059127.jpg,2025-07-16T15:00:29Z,15.50436557,49.44858892,DCIM/plot_e_20250716145919503.jpg,DCIM/plot_n_20250716145925033.jpg,TRUE,69,5,0.5,0.5
10,BR,small,1.0–1.3,1,NA,0,0,0,NA,NA,NA,NA,0,NA,NA,0,NA,NA,0,NA,NA,NA,NA,NA,NA,NA,465_T4_TP_20250827,NA,1,NA,NA,NA,1,NA,0,NA,DCIM/context_n20250527123419469.jpg,DCIM/context_e20250527123413790.jpg,DCIM/context_s20250527123408087.jpg,DCIM/context_w20250527123402035.jpg,2025-05-27T12:33:27Z,15.54943082,49.64197843,DCIM/plot_e_20250527122959282.jpg,DCIM/plot_n_20250527123010449.jpg,TRUE,133,5,1.2,1.2
30,JR,small,0.6–0.8,1,NA,1,1,100,1,kmen,NA,NA,0,NA,NA,0,NA,cerstve,1,zver,20-40,NA,NA,NA,"Okus,Mráz",NA,465_T4_TP_20250827,NA,1,NA,NA,NA,1,NA,0,NA,DCIM/context_n20250527123419469.jpg,DCIM/context_e20250527123413790.jpg,DCIM/context_s20250527123408087.jpg,DCIM/context_w20250527123402035.jpg,2025-05-27T12:33:27Z,15.54943082,49.64197843,DCIM/plot_e_20250527122959282.jpg,DCIM/plot_n_20250527123010449.jpg,TRUE,133,5,0.7,0.7
18,SM,small,0.8–1.0,1,NA,1,1,100,1,kmen,NA,NA,0,NA,NA,0,NA,cerstve,1,zver,20-40,NA,NA,NA,Boční okus,NA,466_T4_TP_20250827,NA,1,NA,NA,NA,NA,1,1,NA,DCIM/context_n20250527124232343.jpg,DCIM/context_e20250527124226996.jpg,DCIM/context_s20250527124221749.jpg,DCIM/context_w20250527124213642.jpg,2025-05-27T12:41:41Z,15.54970611,49.64196552,DCIM/plot_e_20250527123605159.jpg,DCIM/plot_n_20250527123619402.jpg,TRUE,133,5,0.9,0.9
24,DB,small,0.4–0.6,1,NA,1,1,100,1,kmen,NA,NA,0,NA,NA,0,NA,stare,1,zver,40-60,NA,NA,NA,"Okus ,mráz",NA,466_T4_TP_20250827,NA,1,NA,NA,NA,NA,1,1,NA,DCIM/context_n20250527124232343.jpg,DCIM/context_e20250527124226996.jpg,DCIM/context_s20250527124221749.jpg,DCIM/context_w20250527124213642.jpg,2025-05-27T12:41:41Z,15.54970611,49.64196552,DCIM/plot_e_20250527123605159.jpg,DCIM/plot_n_20250527123619402.jpg,TRUE,133,5,0.5,0.5
10,BR,small,1.3–2.0,1,NA,0,0,0,NA,NA,NA,NA,0,NA,NA,0,NA,NA,0,NA,NA,NA,NA,NA,NA,NA,466_T4_TP_20250827,NA,1,NA,NA,NA,NA,1,1,NA,DCIM/context_n20250527124232343.jpg,DCIM/context_e20250527124226996.jpg,DCIM/context_s20250527124221749.jpg,DCIM/context_w20250527124213642.jpg,2025-05-27T12:41:41Z,15.54970611,49.64196552,DCIM/plot_e_20250527123605159.jpg,DCIM/plot_n_20250527123619402.jpg,TRUE,133,5,1.7,1.7
18,SM,advanced,2–4,1,NA,0,0,0,NA,NA,NA,NA,0,NA,NA,0,NA,NA,0,NA,NA,NA,NA,NA,NA,NA,467_T4_TP_20250827,NA,1,NA,NA,NA,NA,NA,0,NA,DCIM/context_n20250527124937390.jpg,DCIM/context_e20250527124932601.jpg,DCIM/context_s20250527124925508.jpg,DCIM/context_w20250527124919595.jpg,2025-05-27T12:48:36Z,15.54945092,49.64215847,DCIM/plot_e_20250527124617868.jpg,DCIM/plot_n_20250527124628706.jpg,TRUE,133,5,3,3
18,SM,small,1.3–2.0,5,NA,0,0,0,NA,NA,NA,NA,0,NA,NA,0,NA,NA,0,NA,NA,NA,NA,NA,NA,NA,467_T4_TP_20250827,NA,1,NA,NA,NA,NA,NA,0,NA,DCIM/context_n20250527124937390.jpg,DCIM/context_e20250527124932601.jpg,DCIM/context_s20250527124925508.jpg,DCIM/context_w20250527124919595.jpg,2025-05-27T12:48:36Z,15.54945092,49.64215847,DCIM/plot_e_20250527124617868.jpg,DCIM/plot_n_20250527124628706.jpg,TRUE,133,5,1.7,1.7
30,JR,small,1.3–2.0,1,NA,0,0,0,NA,NA,NA,NA,0,NA,NA,0,NA,NA,0,NA,NA,NA,NA,NA,NA,NA,467_T4_TP_20250827,NA,1,NA,NA,NA,NA,NA,0,NA,DCIM/context_n20250527124937390.jpg,DCIM/context_e20250527124932601.jpg,DCIM/context_s20250527124925508.jpg,DCIM/context_w20250527124919595.jpg,2025-05-27T12:48:36Z,15.54945092,49.64215847,DCIM/plot_e_20250527124617868.jpg,DCIM/plot_n_20250527124628706.jpg,TRUE,133,5,1.7,1.7
10,BR,small,1.3–2.0,1,NA,0,0,0,NA,NA,NA,NA,0,NA,NA,0,NA,NA,0,NA,NA,NA,NA,NA,NA,NA,468_T4_TP_20250827,NA,1,NA,NA,NA,NA,NA,0,NA,DCIM/context_n20250527125629179.jpg,DCIM/context_e20250527125623865.jpg,DCIM/context_s20250527125617451.jpg,DCIM/context_w20250527125610420.jpg,2025-05-27T12:55:29Z,15.5491544,49.64199251,DCIM/plot_e_20250527125423002.jpg,DCIM/plot_n_20250527125435323.jpg,TRUE,133,5,1.7,1.7
18,SM,advanced,2–4,4,NA,1,2,50,2,olistení,NA,NA,0,0-20,1,2,0-20,NA,0,NA,NA,NA,NA,NA,NA,NA,469_T2_AH_20250827,NA,1,NA,NA,NA,NA,1,0,NA,DCIM/context_n20250722132802295.jpg,DCIM/context_e20250722132757015.jpg,DCIM/context_s20250722132752018.jpg,DCIM/context_w20250722132740886.jpg,2025-07-22T13:27:12Z,15.21852148,49.6823036,DCIM/plot_e_20250722132414111.jpg,DCIM/plot_n_20250722132425905.jpg,TRUE,70,5,3,3
10,BR,advanced,2–4,1,NA,0,0,0,NA,NA,NA,NA,0,NA,NA,0,NA,NA,0,NA,NA,NA,NA,NA,NA,NA,469_T4_TP_20250827,1,1,NA,NA,NA,1,1,1,NA,DCIM/context_n20250527130608295.jpg,DCIM/context_e20250527130603397.jpg,DCIM/context_s20250527130557973.jpg,DCIM/context_w20250527130552779.jpg,2025-05-27T13:04:52Z,15.54940975,49.64179973,DCIM/plot_e_20250527130142971.jpg,DCIM/plot_n_20250527130151247.jpg,TRUE,133,5,3,3
18,SM,small,0.4–0.6,1,NA,1,1,100,1,kmen,NA,NA,0,NA,NA,0,NA,stare,1,zver,60-80,NA,NA,NA,"Boční okus, mráz",NA,469_T4_TP_20250827,1,1,NA,NA,NA,1,1,1,NA,DCIM/context_n20250527130608295.jpg,DCIM/context_e20250527130603397.jpg,DCIM/context_s20250527130557973.jpg,DCIM/context_w20250527130552779.jpg,2025-05-27T13:04:52Z,15.54940975,49.64179973,DCIM/plot_e_20250527130142971.jpg,DCIM/plot_n_20250527130151247.jpg,TRUE,133,5,0.5,0.5
18,SM,advanced,2–4,1,NA,0,0,0,NA,NA,NA,NA,0,NA,NA,0,NA,NA,0,NA,NA,NA,NA,NA,NA,NA,470_T2_AH_20250827,NA,1,NA,NA,NA,NA,1,0,NA,DCIM/context_n20250722133305922.jpg,DCIM/context_e20250722133300324.jpg,DCIM/context_s20250722133252055.jpg,DCIM/context_w20250722133247376.jpg,2025-07-22T13:32:26Z,15.21854002,49.68247964,DCIM/plot_e_20250722133135989.jpg,DCIM/plot_n_20250722133147774.jpg,TRUE,70,5,3,3
19,BO,small,1.3–2.0,2,NA,0,0,0,NA,NA,NA,NA,0,NA,NA,0,NA,NA,0,NA,NA,NA,NA,NA,NA,NA,470_T4_TP_20250827,1,1,NA,NA,NA,1,0,1,Oplocenka,DCIM/context_n20250527135649419.jpg,DCIM/context_e20250527135641398.jpg,DCIM/context_s20250527135635503.jpg,DCIM/context_w20250527135629277.jpg,2025-05-27T13:54:51Z,15.4781436,49.66785178,DCIM/plot_e_20250527135202845.jpg,DCIM/plot_n_20250527135228590.jpg,TRUE,134,5,1.7,1.7
24,DB,advanced,2–4,1,NA,1,1,100,1,olistení,NA,NA,0,20-40,NA,1,40-60,NA,0,NA,NA,NA,NA,NA,NA,T2471PDB4,471_T2_AH_20250827,NA,1,NA,NA,NA,NA,1,1,Oplocenka 1/2,DCIM/context_n20250722134320296.jpg,DCIM/context_e20250722134314504.jpg,DCIM/context_s20250722134308821.jpg,DCIM/context_w20250722134303862.jpg,2025-07-22T13:42:27Z,15.21824933,49.68231594,DCIM/plot_e_20250722133743337.jpg,DCIM/plot_n_20250722133751605.jpg,TRUE,70,5,3,3
19,BO,small,0.6–0.8,1,NA,0,0,0,NA,NA,NA,NA,0,NA,NA,0,NA,NA,0,NA,NA,NA,NA,NA,NA,NA,471_T2_AH_20250827,NA,1,NA,NA,NA,NA,1,1,Oplocenka 1/2,DCIM/context_n20250722134320296.jpg,DCIM/context_e20250722134314504.jpg,DCIM/context_s20250722134308821.jpg,DCIM/context_w20250722134303862.jpg,2025-07-22T13:42:27Z,15.21824933,49.68231594,DCIM/plot_e_20250722133743337.jpg,DCIM/plot_n_20250722133751605.jpg,TRUE,70,5,0.7,0.7
24,DB,small,1.3–2.0,1,NA,1,1,100,1,olistení,NA,NA,0,40-60,NA,1,40-60,NA,0,NA,NA,NA,NA,NA,NA,T2471ODB4,471_T2_AH_20250827,NA,1,NA,NA,NA,NA,1,1,Oplocenka 1/2,DCIM/context_n20250722134320296.jpg,DCIM/context_e20250722134314504.jpg,DCIM/context_s20250722134308821.jpg,DCIM/context_w20250722134303862.jpg,2025-07-22T13:42:27Z,15.21824933,49.68231594,DCIM/plot_e_20250722133743337.jpg,DCIM/plot_n_20250722133751605.jpg,TRUE,70,5,1.7,1.7
19,BO,small,1.3–2.0,2,NA,1,2,100,1,olistení,NA,NA,0,0-20,1,2,60-80,NA,0,NA,NA,NA,NA,NA,NA,T4471OBO4,471_T4_TP_20250827,1,1,NA,NA,1,NA,NA,1,Oplocenka,DCIM/context_n20250527140644016.jpg,DCIM/context_e20250527140638081.jpg,DCIM/context_s20250527140631724.jpg,DCIM/context_w20250527140624538.jpg,2025-05-27T14:05:28Z,15.47839852,49.66765924,DCIM/plot_e_20250527140120302.jpg,DCIM/plot_n_20250527140129987.jpg,TRUE,134,5,1.7,1.7
18,SM,advanced,2–4,3,NA,0,0,0,NA,NA,NA,NA,0,NA,NA,0,NA,NA,0,NA,NA,NA,NA,NA,NA,NA,472_T2_AH_20250827,NA,1,NA,NA,NA,NA,1,0,NA,DCIM/context_n20250722134735492.jpg,DCIM/context_e20250722134729125.jpg,DCIM/context_s20250722134722929.jpg,DCIM/context_w20250722134717365.jpg,2025-07-22T13:47:01Z,15.21849831,49.68211846,DCIM/plot_e_20250722134515690.jpg,DCIM/plot_n_20250722134522689.jpg,TRUE,70,5,3,3
24,DB,small,0.4–0.6,1,NA,0,0,0,NA,NA,NA,NA,0,NA,NA,0,NA,NA,0,NA,NA,NA,NA,NA,NA,NA,472_T2_AH_20250827,NA,1,NA,NA,NA,NA,1,0,NA,DCIM/context_n20250722134735492.jpg,DCIM/context_e20250722134729125.jpg,DCIM/context_s20250722134722929.jpg,DCIM/context_w20250722134717365.jpg,2025-07-22T13:47:01Z,15.21849831,49.68211846,DCIM/plot_e_20250722134515690.jpg,DCIM/plot_n_20250722134522689.jpg,TRUE,70,5,0.5,0.5
13,BK,small,0.6–0.8,1,NA,1,1,100,1,olistení,NA,NA,0,80-100,NA,1,80-100,NA,0,NA,NA,NA,NA,NA,NA,Mráz,472_T4_TP_20250827,NA,1,NA,0,1,1,1,1,NA,DCIM/context_n20250527141358122.jpg,DCIM/context_e20250527141351439.jpg,DCIM/context_s20250527141344609.jpg,DCIM/context_w20250527141338441.jpg,2025-05-27T14:12:36Z,15.47812191,49.66767216,DCIM/plot_e_20250527141022993.jpg,DCIM/plot_n_20250527141039925.jpg,TRUE,134,5,0.7,0.7
10,BR,small,0.4–0.6,1,NA,0,0,0,NA,NA,NA,NA,0,NA,NA,0,NA,NA,0,NA,NA,NA,NA,NA,NA,NA,472_T4_TP_20250827,NA,1,NA,0,1,1,1,1,NA,DCIM/context_n20250527141358122.jpg,DCIM/context_e20250527141351439.jpg,DCIM/context_s20250527141344609.jpg,DCIM/context_w20250527141338441.jpg,2025-05-27T14:12:36Z,15.47812191,49.66767216,DCIM/plot_e_20250527141022993.jpg,DCIM/plot_n_20250527141039925.jpg,TRUE,134,5,0.5,0.5
24,DB,advanced,2–4,3,NA,1,3,100,1,olistení,NA,NA,0,40-60,2,3,40-60,NA,0,NA,NA,NA,NA,NA,NA,T2473PDB4,473_T2_AH_20250827,1,1,NA,NA,NA,NA,1,1,Oplocenka,DCIM/context_n20250722141150276.jpg,DCIM/context_e20250722141126986.jpg,DCIM/context_s20250722141121400.jpg,DCIM/context_w20250722141112029.jpg,2025-07-22T14:10:43Z,15.22234954,49.69455784,DCIM/plot_e_20250722140736114.jpg,DCIM/plot_n_20250722140748060.jpg,TRUE,71,5,3,3
10,BR,small,1.0–1.3,4,NA,0,0,0,NA,NA,NA,NA,0,NA,NA,0,NA,NA,0,NA,NA,NA,NA,NA,NA,NA,473_T4_TP_20250827,NA,1,NA,NA,1,NA,NA,1,Oplocenka,DCIM/context_n20250527141954524.jpg,DCIM/context_e20250527141948338.jpg,DCIM/context_s20250527141942554.jpg,DCIM/context_w20250527141936912.jpg,2025-05-27T14:17:58Z,15.47784537,49.6676866,DCIM/plot_e_20250527141615820.jpg,DCIM/plot_n_20250527141625808.jpg,TRUE,134,5,1.2,1.2
24,DB,advanced,2–4,3,NA,1,3,100,1,olistení,NA,NA,0,40-60,2,3,60-80,NA,0,NA,NA,NA,NA,NA,NA,T2474PDB4,474_T2_AH_20250827,1,1,NA,NA,NA,NA,1,1,Oplocenka,DCIM/context_n20250722142342317.jpg,DCIM/context_e20250722142335534.jpg,DCIM/context_s20250722142317508.jpg,DCIM/context_w20250722142309038.jpg,2025-07-22T14:22:31Z,15.22208003,49.69457131,DCIM/plot_e_20250722142035667.jpg,DCIM/plot_n_20250722142043988.jpg,TRUE,71,5,3,3
20,OS,small,1.3–2.0,1,NA,1,1,100,1,kmen,NA,NA,0,NA,NA,0,NA,stare,1,zver,20-40,NA,NA,NA,NA,NA,474_T4_TP_20250827,NA,1,NA,NA,1,1,NA,0,NA,DCIM/context_n20250527143221518.jpg,DCIM/context_e20250527143214981.jpg,DCIM/context_s20250527143206657.jpg,DCIM/context_w20250527143159702.jpg,2025-05-27T14:30:47Z,15.47810262,49.66749312,DCIM/plot_e_20250527142708387.jpg,DCIM/plot_n_20250527142716077.jpg,TRUE,134,5,1.7,1.7
24,DB,advanced,2–4,4,NA,1,4,100,1,olistení,NA,NA,0,40-60,3,4,60-80,NA,0,NA,NA,NA,NA,NA,NA,T2475PDB4,475_T2_AH_20250827,NA,1,NA,NA,NA,NA,1,1,Oplocenka,DCIM/context_n20250722142939092.jpg,DCIM/context_e20250722142932841.jpg,DCIM/context_s20250722142927381.jpg,DCIM/context_w20250722142921400.jpg,2025-07-22T14:28:41Z,15.22205293,49.69439611,DCIM/plot_e_20250722142616002.jpg,DCIM/plot_n_20250722142628015.jpg,TRUE,71,5,3,3
4,KL,advanced,2–4,1,NA,1,0,0,1,terminal,NA,NA,0,NA,NA,0,NA,NA,0,NA,NA,NA,NA,NA,NA,NA,475_T4_TP_20250827,1,1,NA,NA,NA,NA,1,1,JV v Obalu,DCIM/context_n20250527152358363.jpg,DCIM/context_e20250527152351344.jpg,DCIM/context_s20250527152345130.jpg,DCIM/context_w20250527152338643.jpg,2025-05-27T15:22:43Z,15.36723923,49.7324772,DCIM/plot_e_20250527151543292.jpg,DCIM/plot_n_20250527151553188.jpg,TRUE,135,5,3,3
17,MD,advanced,2–4,2,NA,0,0,0,NA,NA,NA,NA,0,NA,NA,0,NA,NA,0,NA,NA,NA,NA,NA,NA,NA,475_T4_TP_20250827,1,1,NA,NA,NA,NA,1,1,JV v Obalu,DCIM/context_n20250527152358363.jpg,DCIM/context_e20250527152351344.jpg,DCIM/context_s20250527152345130.jpg,DCIM/context_w20250527152338643.jpg,2025-05-27T15:22:43Z,15.36723923,49.7324772,DCIM/plot_e_20250527151543292.jpg,DCIM/plot_n_20250527151553188.jpg,TRUE,135,5,3,3
10,BR,small,0.6–0.8,1,NA,1,1,100,1,kmen,NA,NA,0,NA,NA,0,NA,cerstve,1,mechanizace,80-100,NA,NA,NA,Prořezávka BR,NA,475_T4_TP_20250827,1,1,NA,NA,NA,NA,1,1,JV v Obalu,DCIM/context_n20250527152358363.jpg,DCIM/context_e20250527152351344.jpg,DCIM/context_s20250527152345130.jpg,DCIM/context_w20250527152338643.jpg,2025-05-27T15:22:43Z,15.36723923,49.7324772,DCIM/plot_e_20250527151543292.jpg,DCIM/plot_n_20250527151553188.jpg,TRUE,135,5,0.7,0.7
18,SM,advanced,2–4,3,NA,0,0,0,NA,NA,NA,NA,0,NA,NA,0,NA,NA,0,NA,NA,NA,NA,NA,NA,NA,476_T2_AH_20250827,NA,1,NA,NA,1,NA,1,0,Jarní mráz,DCIM/context_n20250722143650242.jpg,DCIM/context_e20250722143645379.jpg,DCIM/context_s20250722143640519.jpg,DCIM/context_w20250722143635792.jpg,2025-07-22T14:36:00Z,15.2217976,49.69458338,DCIM/plot_e_20250722143352381.jpg,DCIM/plot_n_20250722143438021.jpg,TRUE,71,5,3,3
18,SM,small,1.3–2.0,1,NA,0,0,0,NA,NA,NA,NA,0,NA,NA,0,NA,NA,0,NA,NA,NA,NA,NA,NA,NA,476_T2_AH_20250827,NA,1,NA,NA,1,NA,1,0,Jarní mráz,DCIM/context_n20250722143650242.jpg,DCIM/context_e20250722143645379.jpg,DCIM/context_s20250722143640519.jpg,DCIM/context_w20250722143635792.jpg,2025-07-22T14:36:00Z,15.2217976,49.69458338,DCIM/plot_e_20250722143352381.jpg,DCIM/plot_n_20250722143438021.jpg,TRUE,71,5,1.7,1.7
10,BR,small,1.0–1.3,1,NA,0,0,0,NA,NA,NA,NA,0,NA,NA,0,NA,NA,0,NA,NA,NA,NA,NA,Prořezávka BR,NA,476_T4_TP_20250827,NA,1,NA,1,NA,NA,NA,0,NA,DCIM/context_n20250527153437898.jpg,DCIM/context_e20250527153432063.jpg,DCIM/context_s20250527153426736.jpg,DCIM/context_w20250527153419571.jpg,2025-05-27T15:33:39Z,15.36721064,49.73233367,DCIM/plot_e_20250527152826403.jpg,DCIM/plot_n_20250527152857806.jpg,TRUE,135,5,1.2,1.2
28,VRX,small,0.6–0.8,2,NA,1,1,50,2,kmen,NA,NA,0,NA,NA,0,NA,cerstve,1,mechanizace,80-100,NA,NA,NA,Prořezávka BR,NA,476_T4_TP_20250827,NA,1,NA,1,NA,NA,NA,0,NA,DCIM/context_n20250527153437898.jpg,DCIM/context_e20250527153432063.jpg,DCIM/context_s20250527153426736.jpg,DCIM/context_w20250527153419571.jpg,2025-05-27T15:33:39Z,15.36721064,49.73233367,DCIM/plot_e_20250527152826403.jpg,DCIM/plot_n_20250527152857806.jpg,TRUE,135,5,0.7,0.7
20,OS,small,0.2–0.4,1,NA,1,1,100,1,terminal,chybajuci,NA,1,NA,NA,0,NA,NA,0,NA,NA,NA,NA,NA,Prořezávka BR,NA,476_T4_TP_20250827,NA,1,NA,1,NA,NA,NA,0,NA,DCIM/context_n20250527153437898.jpg,DCIM/context_e20250527153432063.jpg,DCIM/context_s20250527153426736.jpg,DCIM/context_w20250527153419571.jpg,2025-05-27T15:33:39Z,15.36721064,49.73233367,DCIM/plot_e_20250527152826403.jpg,DCIM/plot_n_20250527152857806.jpg,TRUE,135,5,0.3,0.3
19,BO,small,0.8–1.0,5,NA,0,0,0,NA,NA,NA,NA,0,NA,NA,0,NA,NA,0,NA,NA,NA,NA,NA,NA,NA,477_T2_AH_20250827,NA,1,NA,1,1,NA,NA,0,NA,DCIM/context_n20250722144539414.jpg,DCIM/context_e20250722144529421.jpg,DCIM/context_s20250722144521403.jpg,DCIM/context_w20250722144515940.jpg,2025-07-22T14:44:53Z,15.22209027,49.69475116,DCIM/plot_e_20250722144310604.jpg,DCIM/plot_n_20250722144320911.jpg,TRUE,71,5,0.9,0.9
22,TR,small,0.2–0.4,1,NA,0,0,0,NA,NA,NA,NA,0,NA,NA,0,NA,NA,0,NA,NA,NA,NA,NA,NA,NA,477_T2_AH_20250827,NA,1,NA,1,1,NA,NA,0,NA,DCIM/context_n20250722144539414.jpg,DCIM/context_e20250722144529421.jpg,DCIM/context_s20250722144521403.jpg,DCIM/context_w20250722144515940.jpg,2025-07-22T14:44:53Z,15.22209027,49.69475116,DCIM/plot_e_20250722144310604.jpg,DCIM/plot_n_20250722144320911.jpg,TRUE,71,5,0.3,0.3
18,SM,small,1.3–2.0,3,NA,0,0,0,NA,NA,NA,NA,0,NA,NA,0,NA,NA,0,NA,NA,NA,NA,NA,Prořezávka BR,NA,477_T4_TP_20250827,NA,1,NA,NA,NA,NA,1,1,Repelent,DCIM/context_n20250527154411404.jpg,DCIM/context_e20250527154406690.jpg,DCIM/context_s20250527154400900.jpg,DCIM/context_w20250527154354695.jpg,2025-05-27T15:42:46Z,15.36748458,49.73228036,DCIM/plot_e_20250527153834132.jpg,DCIM/plot_n_20250527153852554.jpg,TRUE,135,5,1.7,1.7
30,JR,small,0.8–1.0,3,NA,1,1,33.33333333333333,1,kmen,NA,NA,0,NA,NA,0,NA,stare,1,zver,80-100,NA,NA,NA,"Prořezávka BR, okus",NA,477_T4_TP_20250827,NA,1,NA,NA,NA,NA,1,1,Repelent,DCIM/context_n20250527154411404.jpg,DCIM/context_e20250527154406690.jpg,DCIM/context_s20250527154400900.jpg,DCIM/context_w20250527154354695.jpg,2025-05-27T15:42:46Z,15.36748458,49.73228036,DCIM/plot_e_20250527153834132.jpg,DCIM/plot_n_20250527153852554.jpg,TRUE,135,5,0.9,0.9
27,JIV,small,0.2–0.4,1,NA,0,0,0,NA,NA,NA,NA,0,NA,NA,0,NA,NA,0,NA,NA,NA,NA,NA,NA,NA,478_T2_AH_20250827,NA,1,NA,1,NA,NA,NA,0,NA,DCIM/context_n20250724081013010.jpg,DCIM/context_e20250724081007179.jpg,DCIM/context_s20250724081002620.jpg,DCIM/context_w20250724080956670.jpg,2025-07-24T08:09:31Z,14.93367853,49.6030131,DCIM/plot_e_20250724080844097.jpg,DCIM/plot_n_20250724080852615.jpg,TRUE,72,5,0.3,0.3
18,SM,small,0.8–1.0,3,NA,1,3,100,1,olistení,NA,NA,0,0-20,2,3,80-100,NA,0,NA,NA,NA,NA,NA,NA,NA,478_T4_TP_20250827,NA,1,NA,NA,NA,NA,1,1,Repelent,DCIM/context_n20250527155139025.jpg,DCIM/context_e20250527155133400.jpg,DCIM/context_s20250527155127240.jpg,DCIM/context_w20250527155121504.jpg,2025-05-27T15:50:40Z,15.36719598,49.7321156,DCIM/plot_e_20250527154658513.jpg,DCIM/plot_n_20250527154716378.jpg,TRUE,135,5,0.9,0.9
10,BR,small,0.2–0.4,2,NA,1,1,50,1,kmen,NA,NA,0,NA,NA,0,NA,cerstve,1,mechanizace,80-100,NA,NA,NA,NA,NA,478_T4_TP_20250827,NA,1,NA,NA,NA,NA,1,1,Repelent,DCIM/context_n20250527155139025.jpg,DCIM/context_e20250527155133400.jpg,DCIM/context_s20250527155127240.jpg,DCIM/context_w20250527155121504.jpg,2025-05-27T15:50:40Z,15.36719598,49.7321156,DCIM/plot_e_20250527154658513.jpg,DCIM/plot_n_20250527154716378.jpg,TRUE,135,5,0.3,0.3
18,SM,small,0.8–1.0,2,NA,0,0,0,NA,NA,NA,NA,0,NA,NA,0,NA,NA,0,NA,NA,NA,NA,NA,NA,NA,479_T4_TP_20250827,NA,1,NA,NA,NA,NA,1,1,NA,DCIM/context_n20250527160641745.jpg,DCIM/context_e20250527160636760.jpg,DCIM/context_s20250527160631559.jpg,DCIM/context_w20250527160617923.jpg,2025-05-27T16:05:44Z,15.36694286,49.73231417,DCIM/plot_e_20250527155711416.jpg,DCIM/plot_n_20250527155721995.jpg,TRUE,135,5,0.9,0.9
20,OS,small,0.2–0.4,1,NA,1,1,100,1,kmen,NA,NA,0,NA,NA,0,NA,stare,1,mechanizace,80-100,NA,NA,NA,NA,NA,479_T4_TP_20250827,NA,1,NA,NA,NA,NA,1,1,NA,DCIM/context_n20250527160641745.jpg,DCIM/context_e20250527160636760.jpg,DCIM/context_s20250527160631559.jpg,DCIM/context_w20250527160617923.jpg,2025-05-27T16:05:44Z,15.36694286,49.73231417,DCIM/plot_e_20250527155711416.jpg,DCIM/plot_n_20250527155721995.jpg,TRUE,135,5,0.3,0.3
17,MD,small,0.4–0.6,2,NA,1,1,50,1,kmen,NA,NA,0,NA,NA,0,NA,stare,1,nejasna,0-20,NA,NA,NA,Mráz,NA,479_T4_TP_20250827,NA,1,NA,NA,NA,NA,1,1,NA,DCIM/context_n20250527160641745.jpg,DCIM/context_e20250527160636760.jpg,DCIM/context_s20250527160631559.jpg,DCIM/context_w20250527160617923.jpg,2025-05-27T16:05:44Z,15.36694286,49.73231417,DCIM/plot_e_20250527155711416.jpg,DCIM/plot_n_20250527155721995.jpg,TRUE,135,5,0.5,0.5
28,VRX,small,0.4–0.6,2,NA,1,1,50,1,kmen,NA,NA,0,NA,NA,0,NA,stare,1,mechanizace,80-100,NA,NA,NA,NA,NA,479_T4_TP_20250827,NA,1,NA,NA,NA,NA,1,1,NA,DCIM/context_n20250527160641745.jpg,DCIM/context_e20250527160636760.jpg,DCIM/context_s20250527160631559.jpg,DCIM/context_w20250527160617923.jpg,2025-05-27T16:05:44Z,15.36694286,49.73231417,DCIM/plot_e_20250527155711416.jpg,DCIM/plot_n_20250527155721995.jpg,TRUE,135,5,0.5,0.5
10,BR,small,0.4–0.6,1,NA,1,1,100,1,kmen,NA,NA,0,NA,NA,0,NA,stare,1,mechanizace,80-100,NA,NA,NA,NA,NA,479_T4_TP_20250827,NA,1,NA,NA,NA,NA,1,1,NA,DCIM/context_n20250527160641745.jpg,DCIM/context_e20250527160636760.jpg,DCIM/context_s20250527160631559.jpg,DCIM/context_w20250527160617923.jpg,2025-05-27T16:05:44Z,15.36694286,49.73231417,DCIM/plot_e_20250527155711416.jpg,DCIM/plot_n_20250527155721995.jpg,TRUE,135,5,0.5,0.5
19,BO,small,1.3–2.0,3,NA,0,0,0,NA,NA,NA,NA,0,NA,NA,0,NA,NA,0,NA,NA,NA,NA,NA,NA,NA,480_T4_TP_20250827,NA,1,NA,NA,NA,NA,NA,1,Repelent,DCIM/context_n20250604095100397.jpg,DCIM/context_e20250604095053724.jpg,DCIM/context_s20250604095048292.jpg,DCIM/context_w20250604095040740.jpg,2025-06-04T09:49:38Z,14.98121527,49.72197575,DCIM/plot_e_20250604094650179.jpg,DCIM/plot_n_20250604094701776.jpg,TRUE,136,5,1.7,1.7
10,BR,small,0.6–0.8,1,NA,0,0,0,NA,NA,NA,NA,0,NA,NA,0,NA,NA,0,NA,NA,NA,NA,NA,NA,NA,480_T4_TP_20250827,NA,1,NA,NA,NA,NA,NA,1,Repelent,DCIM/context_n20250604095100397.jpg,DCIM/context_e20250604095053724.jpg,DCIM/context_s20250604095048292.jpg,DCIM/context_w20250604095040740.jpg,2025-06-04T09:49:38Z,14.98121527,49.72197575,DCIM/plot_e_20250604094650179.jpg,DCIM/plot_n_20250604094701776.jpg,TRUE,136,5,0.7,0.7
23,DG,small,0.4–0.6,1,NA,0,0,0,NA,NA,NA,NA,0,NA,NA,0,NA,NA,0,NA,NA,NA,NA,NA,NA,NA,481_T2_AH_20250827,NA,1,1,NA,1,1,1,1,Oplocenka,DCIM/context_n20250724082224535.jpg,DCIM/context_e20250724082219019.jpg,DCIM/context_s20250724082213523.jpg,DCIM/context_w20250724082207661.jpg,2025-07-24T08:21:27Z,14.9337219,49.60337431,DCIM/plot_e_20250724082043073.jpg,DCIM/plot_n_20250724082048935.jpg,TRUE,72,5,0.5,0.5
19,BO,small,1.3–2.0,2,NA,0,0,0,NA,NA,NA,NA,0,NA,NA,0,NA,NA,0,NA,NA,NA,NA,NA,NA,NA,481_T4_TP_20250827,NA,1,NA,NA,NA,NA,NA,1,Repelent,DCIM/context_n20250604095638234.jpg,DCIM/context_e20250604095631921.jpg,DCIM/context_s20250604095624390.jpg,DCIM/context_w20250604095618578.jpg,2025-06-04T09:55:42Z,14.98119704,49.72179659,DCIM/plot_e_20250604095406016.jpg,DCIM/plot_n_20250604095414816.jpg,TRUE,136,5,1.7,1.7
10,BR,small,0.2–0.4,1,NA,0,0,0,NA,NA,NA,NA,0,NA,NA,0,NA,NA,0,NA,NA,NA,NA,NA,NA,NA,481_T4_TP_20250827,NA,1,NA,NA,NA,NA,NA,1,Repelent,DCIM/context_n20250604095638234.jpg,DCIM/context_e20250604095631921.jpg,DCIM/context_s20250604095624390.jpg,DCIM/context_w20250604095618578.jpg,2025-06-04T09:55:42Z,14.98119704,49.72179659,DCIM/plot_e_20250604095406016.jpg,DCIM/plot_n_20250604095414816.jpg,TRUE,136,5,0.3,0.3
23,DG,small,0.2–0.4,1,NA,0,0,0,NA,NA,NA,NA,0,NA,NA,0,NA,NA,0,NA,NA,NA,NA,NA,NA,NA,482_T2_AH_20250827,NA,1,1,NA,NA,1,1,1,"Oplocenka, jarní mráz",DCIM/context_n20250724082542374.jpg,DCIM/context_e20250724082536894.jpg,DCIM/context_s20250724082531385.jpg,DCIM/context_w20250724082525232.jpg,2025-07-24T08:24:47Z,14.93398022,49.60318444,DCIM/plot_e_20250724082406210.jpg,DCIM/plot_n_20250724082412943.jpg,TRUE,72,5,0.3,0.3
18,SM,small,1.3–2.0,3,NA,0,0,0,NA,NA,NA,NA,0,NA,NA,0,NA,NA,0,NA,NA,NA,NA,NA,NA,NA,482_T4_TP_20250827,NA,1,NA,1,NA,NA,NA,0,NA,DCIM/context_n20250604100611245.jpg,DCIM/context_e20250604100606402.jpg,DCIM/context_s20250604100601691.jpg,DCIM/context_w20250604100556043.jpg,2025-06-04T10:05:01Z,14.98091981,49.72180796,DCIM/plot_e_20250604100108031.jpg,DCIM/plot_n_20250604100118178.jpg,TRUE,136,5,1.7,1.7
10,BR,small,1.3–2.0,2,NA,0,0,0,NA,NA,NA,NA,0,NA,NA,0,NA,NA,0,NA,NA,NA,NA,NA,NA,NA,482_T4_TP_20250827,NA,1,NA,1,NA,NA,NA,0,NA,DCIM/context_n20250604100611245.jpg,DCIM/context_e20250604100606402.jpg,DCIM/context_s20250604100601691.jpg,DCIM/context_w20250604100556043.jpg,2025-06-04T10:05:01Z,14.98091981,49.72180796,DCIM/plot_e_20250604100108031.jpg,DCIM/plot_n_20250604100118178.jpg,TRUE,136,5,1.7,1.7
30,JR,small,1.3–2.0,1,NA,0,0,0,NA,NA,NA,NA,0,NA,NA,0,NA,NA,0,NA,NA,NA,NA,NA,NA,NA,482_T4_TP_20250827,NA,1,NA,1,NA,NA,NA,0,NA,DCIM/context_n20250604100611245.jpg,DCIM/context_e20250604100606402.jpg,DCIM/context_s20250604100601691.jpg,DCIM/context_w20250604100556043.jpg,2025-06-04T10:05:01Z,14.98091981,49.72180796,DCIM/plot_e_20250604100108031.jpg,DCIM/plot_n_20250604100118178.jpg,TRUE,136,5,1.7,1.7
18,SM,small,0.4–0.6,1,NA,0,0,0,NA,NA,NA,NA,0,NA,NA,0,NA,NA,0,NA,NA,NA,NA,NA,NA,NA,484_T2_AH_20250827,NA,1,NA,NA,NA,NA,1,1,Nátěr,DCIM/context_n20250724085122002.jpg,DCIM/context_e20250724085116559.jpg,DCIM/context_s20250724085111795.jpg,DCIM/context_w20250724085106532.jpg,2025-07-24T08:50:24Z,15.01617432,49.61217713,DCIM/plot_e_20250724084944234.jpg,DCIM/plot_n_20250724084952570.jpg,TRUE,73,5,0.5,0.5
19,BO,small,1.3–2.0,3,NA,1,3,100,1,olistení,NA,NA,0,0-20,2,3,0-20,NA,0,NA,NA,NA,NA,NA,NA,T4484PBO4,484_T4_TP_20250827,NA,1,NA,NA,NA,NA,NA,1,Repelent,DCIM/context_n20250604102104491.jpg,DCIM/context_e20250604102056885.jpg,DCIM/context_s20250604102050526.jpg,DCIM/context_w20250604102043270.jpg,2025-06-04T10:19:50Z,14.98147293,49.72178428,DCIM/plot_e_20250604101317056.jpg,DCIM/plot_n_20250604101329361.jpg,TRUE,136,5,1.7,1.7
17,MD,small,0.4–0.6,1,NA,0,0,0,NA,NA,NA,NA,0,NA,NA,0,NA,NA,0,NA,NA,NA,NA,NA,NA,NA,485_T2_AH_20250827,NA,1,NA,NA,NA,NA,1,1,Nátěr,DCIM/context_n20250724085535094.jpg,DCIM/context_e20250724085529915.jpg,DCIM/context_s20250724085524335.jpg,DCIM/context_w20250724085518404.jpg,2025-07-24T08:54:41Z,15.01589749,49.61218589,DCIM/plot_e_20250724085345597.jpg,DCIM/plot_n_20250724085352513.jpg,TRUE,73,5,0.5,0.5
18,SM,small,0.6–0.8,1,NA,0,0,0,NA,NA,NA,NA,0,NA,NA,0,NA,NA,0,NA,NA,NA,NA,NA,NA,NA,485_T2_AH_20250827,NA,1,NA,NA,NA,NA,1,1,Nátěr,DCIM/context_n20250724085535094.jpg,DCIM/context_e20250724085529915.jpg,DCIM/context_s20250724085524335.jpg,DCIM/context_w20250724085518404.jpg,2025-07-24T08:54:41Z,15.01589749,49.61218589,DCIM/plot_e_20250724085345597.jpg,DCIM/plot_n_20250724085352513.jpg,TRUE,73,5,0.7,0.7
18,SM,small,0.6–0.8,2,NA,1,1,50,1,olistení,NA,NA,0,0-20,NA,1,80-100,NA,0,NA,NA,NA,NA,NA,NA,NA,485_T4_TP_20250827,NA,1,1,NA,NA,1,1,1,NA,DCIM/context_n20250604115005480.jpg,DCIM/context_e20250604114959288.jpg,DCIM/context_s20250604114953836.jpg,DCIM/context_w20250604114947090.jpg,2025-06-04T11:48:48Z,14.88823208,49.77017354,DCIM/plot_e_20250604114546831.jpg,DCIM/plot_n_20250604114556092.jpg,TRUE,137,5,0.7,0.7
17,MD,advanced,2–4,1,NA,1,1,100,1,kmen,NA,NA,0,20-40,NA,1,0-20,stare,1,zver,20-40,20-Oct,NA,NA,NA,T2486PMD4,486_T2_AH_20250827,NA,1,NA,NA,NA,NA,1,1,Oplocenka,DCIM/context_n20250724094658527.jpg,DCIM/context_e20250724094653463.jpg,DCIM/context_s20250724094647699.jpg,DCIM/context_w20250724094642887.jpg,2025-07-24T09:46:14Z,15.31926757,49.54224716,DCIM/plot_e_20250724094253705.jpg,DCIM/plot_n_20250724094304612.jpg,TRUE,74,5,3,3
10,BR,small,0.8–1.0,3,NA,0,0,0,NA,NA,NA,NA,0,NA,NA,0,NA,NA,0,NA,NA,NA,NA,NA,NA,NA,486_T2_AH_20250827,NA,1,NA,NA,NA,NA,1,1,Oplocenka,DCIM/context_n20250724094658527.jpg,DCIM/context_e20250724094653463.jpg,DCIM/context_s20250724094647699.jpg,DCIM/context_w20250724094642887.jpg,2025-07-24T09:46:14Z,15.31926757,49.54224716,DCIM/plot_e_20250724094253705.jpg,DCIM/plot_n_20250724094304612.jpg,TRUE,74,5,0.9,0.9
18,SM,small,1.0–1.3,2,NA,0,0,0,NA,NA,NA,NA,0,NA,NA,0,NA,NA,0,NA,NA,NA,NA,NA,NA,NA,486_T4_TP_20250827,1,1,1,NA,NA,NA,1,1,NA,DCIM/context_n20250604115624694.jpg,DCIM/context_e20250604115618948.jpg,DCIM/context_s20250604115614650.jpg,DCIM/context_w20250604115608541.jpg,2025-06-04T11:55:24Z,14.88825076,49.77035308,DCIM/plot_e_20250604115354896.jpg,DCIM/plot_n_20250604115404415.jpg,TRUE,137,5,1.2,1.2
17,MD,small,1.3–2.0,1,NA,0,0,0,NA,NA,NA,NA,0,NA,NA,0,NA,NA,0,NA,NA,NA,NA,NA,NA,NA,487_T2_AH_20250827,NA,1,NA,NA,NA,NA,1,1,Oplocenka,DCIM/context_n20250724095152764.jpg,DCIM/context_e20250724095147102.jpg,DCIM/context_s20250724095140937.jpg,DCIM/context_w20250724095121040.jpg,2025-07-24T09:50:57Z,15.31952309,49.54205217,DCIM/plot_e_20250724095001172.jpg,DCIM/plot_n_20250724095013359.jpg,TRUE,74,5,1.7,1.7
4,KL,small,1.3–2.0,3,NA,0,0,0,NA,NA,NA,NA,0,NA,NA,0,NA,NA,0,NA,NA,NA,NA,NA,NA,NA,487_T4_TP_20250827,NA,1,1,NA,NA,NA,1,1,Oplocenka,DCIM/context_n20250604120323439.jpg,DCIM/context_e20250604120317378.jpg,DCIM/context_s20250604120310291.jpg,DCIM/context_w20250604120303314.jpg,2025-06-04T12:02:13Z,14.887973969999999,49.77036501,DCIM/plot_e_20250604120023028.jpg,DCIM/plot_n_20250604120037509.jpg,TRUE,137,5,1.7,1.7
17,MD,advanced,2–4,1,NA,1,1,100,1,olistení,NA,NA,0,0-20,NA,1,20-40,NA,0,NA,NA,NA,NA,NA,NA,T2488PMD4,488_T2_AH_20250827,1,1,NA,NA,NA,NA,1,1,Oplocenka,DCIM/context_n20250724095850099.jpg,DCIM/context_e20250724095842918.jpg,DCIM/context_s20250724095835297.jpg,DCIM/context_w20250724095829485.jpg,2025-07-24T09:58:10Z,15.31923165,49.5418861,DCIM/plot_e_20250724095532275.jpg,DCIM/plot_n_20250724095545206.jpg,TRUE,74,5,3,3
10,BR,advanced,2–4,1,NA,0,0,0,NA,NA,NA,NA,0,NA,NA,0,NA,NA,0,NA,NA,NA,NA,NA,NA,NA,488_T2_AH_20250827,1,1,NA,NA,NA,NA,1,1,Oplocenka,DCIM/context_n20250724095850099.jpg,DCIM/context_e20250724095842918.jpg,DCIM/context_s20250724095835297.jpg,DCIM/context_w20250724095829485.jpg,2025-07-24T09:58:10Z,15.31923165,49.5418861,DCIM/plot_e_20250724095532275.jpg,DCIM/plot_n_20250724095545206.jpg,TRUE,74,5,3,3
18,SM,small,0.6–0.8,1,NA,0,0,0,NA,NA,NA,NA,0,NA,NA,0,NA,NA,0,NA,NA,NA,NA,NA,NA,NA,488_T4_TP_20250827,NA,1,1,NA,NA,NA,1,1,NA,DCIM/context_n20250604120835880.jpg,DCIM/context_e20250604120829795.jpg,DCIM/context_s20250604120823352.jpg,DCIM/context_w20250604120816744.jpg,2025-06-04T12:07:32Z,14.88826774,49.77053199,DCIM/plot_e_20250604120606513.jpg,DCIM/plot_n_20250604120620751.jpg,TRUE,137,5,0.7,0.7
17,MD,advanced,2–4,1,NA,1,1,100,1,olistení,NA,NA,0,0-20,NA,1,20-40,NA,0,NA,NA,NA,NA,NA,NA,T2489PMD4,489_T2_AH_20250827,NA,1,NA,NA,NA,NA,1,1,Oplocenka,DCIM/context_n20250724100732271.jpg,DCIM/context_e20250724100726422.jpg,DCIM/context_s20250724100721276.jpg,DCIM/context_w20250724100715013.jpg,2025-07-24T10:06:53Z,15.31924137,49.54206528,DCIM/plot_e_20250724100304108.jpg,DCIM/plot_n_20250724100319111.jpg,TRUE,74,5,3,3
10,BR,small,0.2–0.4,7,NA,0,0,0,NA,NA,NA,NA,0,NA,NA,0,NA,NA,0,NA,NA,NA,NA,NA,NA,NA,489_T2_AH_20250827,NA,1,NA,NA,NA,NA,1,1,Oplocenka,DCIM/context_n20250724100732271.jpg,DCIM/context_e20250724100726422.jpg,DCIM/context_s20250724100721276.jpg,DCIM/context_w20250724100715013.jpg,2025-07-24T10:06:53Z,15.31924137,49.54206528,DCIM/plot_e_20250724100304108.jpg,DCIM/plot_n_20250724100319111.jpg,TRUE,74,5,0.3,0.3
18,SM,small,1.0–1.3,2,NA,0,0,0,NA,NA,NA,NA,0,NA,NA,0,NA,NA,0,NA,NA,NA,NA,NA,NA,NA,489_T4_TP_20250827,NA,1,1,NA,NA,NA,NA,1,NA,DCIM/context_n20250604121322171.jpg,DCIM/context_e20250604121315341.jpg,DCIM/context_s20250604121309639.jpg,DCIM/context_w20250604121303748.jpg,2025-06-04T12:12:34Z,14.88852761,49.77034084,DCIM/plot_e_20250604121030021.jpg,DCIM/plot_n_20250604121039924.jpg,TRUE,137,5,1.2,1.2
19,BO,small,0.4–0.6,1,NA,0,0,0,NA,NA,NA,NA,0,NA,NA,0,NA,NA,0,NA,NA,NA,NA,NA,NA,NA,489_T4_TP_20250827,NA,1,1,NA,NA,NA,NA,1,NA,DCIM/context_n20250604121322171.jpg,DCIM/context_e20250604121315341.jpg,DCIM/context_s20250604121309639.jpg,DCIM/context_w20250604121303748.jpg,2025-06-04T12:12:34Z,14.88852761,49.77034084,DCIM/plot_e_20250604121030021.jpg,DCIM/plot_n_20250604121039924.jpg,TRUE,137,5,0.5,0.5
17,MD,advanced,2–4,1,NA,1,1,100,1,olistení,NA,NA,0,0-20,NA,1,20-40,NA,0,NA,NA,NA,NA,NA,NA,T2490PMD4,490_T2_AH_20250827,NA,1,NA,NA,1,NA,1,1,Oplocenka,DCIM/context_n20250724101435887.jpg,DCIM/context_e20250724101425009.jpg,DCIM/context_s20250724101419630.jpg,DCIM/context_w20250724101414119.jpg,2025-07-24T10:13:53Z,15.31897108,49.54208123,DCIM/plot_e_20250724101047004.jpg,DCIM/plot_n_20250724101059599.jpg,TRUE,74,5,3,3
27,JIV,small,0.4–0.6,1,NA,0,0,0,NA,NA,NA,NA,0,NA,NA,0,NA,NA,0,NA,NA,NA,NA,NA,NA,NA,490_T2_AH_20250827,NA,1,NA,NA,1,NA,1,1,Oplocenka,DCIM/context_n20250724101435887.jpg,DCIM/context_e20250724101425009.jpg,DCIM/context_s20250724101419630.jpg,DCIM/context_w20250724101414119.jpg,2025-07-24T10:13:53Z,15.31897108,49.54208123,DCIM/plot_e_20250724101047004.jpg,DCIM/plot_n_20250724101059599.jpg,TRUE,74,5,0.5,0.5
10,BR,small,0.6–0.8,2,NA,0,0,0,NA,NA,NA,NA,0,NA,NA,0,NA,NA,0,NA,NA,NA,NA,NA,NA,NA,490_T2_AH_20250827,NA,1,NA,NA,1,NA,1,1,Oplocenka,DCIM/context_n20250724101435887.jpg,DCIM/context_e20250724101425009.jpg,DCIM/context_s20250724101419630.jpg,DCIM/context_w20250724101414119.jpg,2025-07-24T10:13:53Z,15.31897108,49.54208123,DCIM/plot_e_20250724101047004.jpg,DCIM/plot_n_20250724101059599.jpg,TRUE,74,5,0.7,0.7
18,SM,small,0.4–0.6,1,NA,1,1,100,1,olistení,NA,NA,0,0-20,NA,1,0-20,NA,0,NA,NA,NA,NA,NA,NA,Mráz,490_T4_TP_20250827,NA,1,NA,NA,NA,NA,1,1,NA,DCIM/context_n20250604132109716.jpg,DCIM/context_e20250604132102380.jpg,DCIM/context_s20250604132056700.jpg,DCIM/context_w20250604132050302.jpg,2025-06-04T13:19:26Z,14.96399324,49.82471554,DCIM/plot_e_20250604131718775.jpg,DCIM/plot_n_20250604131731290.jpg,TRUE,138,5,0.5,0.5
13,BK,small,0.8–1.0,4,NA,0,0,0,NA,NA,NA,NA,0,NA,NA,0,NA,NA,0,NA,NA,NA,NA,NA,NA,NA,491_T2_AH_20250827,NA,1,NA,NA,1,1,1,0,NA,DCIM/context_n20250724105101510.jpg,DCIM/context_e20250724105055194.jpg,DCIM/context_s20250724105048026.jpg,DCIM/context_w20250724105042881.jpg,2025-07-24T10:49:25Z,15.395316,49.55323245,DCIM/plot_e_20250724104836008.jpg,DCIM/plot_n_20250724104844360.jpg,TRUE,75,5,0.9,0.9
10,BR,small,1.0–1.3,1,NA,1,1,100,1,olistení,NA,NA,0,0-20,NA,1,20-40,NA,0,NA,NA,NA,NA,NA,NA,T2492OBR4,492_T2_AH_20250827,NA,1,NA,NA,1,NA,NA,0,NA,DCIM/context_n20250724105846508.jpg,DCIM/context_e20250724105841194.jpg,DCIM/context_s20250724105836216.jpg,DCIM/context_w20250724105830954.jpg,2025-07-24T10:57:53Z,15.39557069,49.55303718,DCIM/plot_e_20250724105430124.jpg,DCIM/plot_n_20250724105439480.jpg,TRUE,75,5,1.2,1.2
13,BK,small,0.2–0.4,1,NA,0,0,0,NA,NA,NA,NA,0,NA,NA,0,NA,NA,0,NA,NA,NA,NA,NA,NA,NA,492_T2_AH_20250827,NA,1,NA,NA,1,NA,NA,0,NA,DCIM/context_n20250724105846508.jpg,DCIM/context_e20250724105841194.jpg,DCIM/context_s20250724105836216.jpg,DCIM/context_w20250724105830954.jpg,2025-07-24T10:57:53Z,15.39557069,49.55303718,DCIM/plot_e_20250724105430124.jpg,DCIM/plot_n_20250724105439480.jpg,TRUE,75,5,0.3,0.3
30,JR,small,0.2–0.4,1,NA,0,0,0,NA,NA,NA,NA,0,NA,NA,0,NA,NA,0,NA,NA,NA,NA,NA,NA,NA,492_T2_AH_20250827,NA,1,NA,NA,1,NA,NA,0,NA,DCIM/context_n20250724105846508.jpg,DCIM/context_e20250724105841194.jpg,DCIM/context_s20250724105836216.jpg,DCIM/context_w20250724105830954.jpg,2025-07-24T10:57:53Z,15.39557069,49.55303718,DCIM/plot_e_20250724105430124.jpg,DCIM/plot_n_20250724105439480.jpg,TRUE,75,5,0.3,0.3
18,SM,small,1.3–2.0,4,NA,0,0,0,NA,NA,NA,NA,0,NA,NA,0,NA,NA,0,NA,NA,NA,NA,NA,NA,NA,492_T4_TP_20250827,NA,1,NA,NA,NA,NA,NA,0,NA,DCIM/context_n20250604133512944.jpg,DCIM/context_e20250604133507869.jpg,DCIM/context_s20250604133502035.jpg,DCIM/context_w20250604133456884.jpg,2025-06-04T13:34:05Z,14.96425097,49.82452419,DCIM/plot_e_20250604132800268.jpg,DCIM/plot_n_20250604132812854.jpg,TRUE,138,5,1.7,1.7
10,BR,small,1.3–2.0,1,NA,0,0,0,NA,NA,NA,NA,0,NA,NA,0,NA,NA,0,NA,NA,NA,NA,NA,NA,NA,492_T4_TP_20250827,NA,1,NA,NA,NA,NA,NA,0,NA,DCIM/context_n20250604133512944.jpg,DCIM/context_e20250604133507869.jpg,DCIM/context_s20250604133502035.jpg,DCIM/context_w20250604133456884.jpg,2025-06-04T13:34:05Z,14.96425097,49.82452419,DCIM/plot_e_20250604132800268.jpg,DCIM/plot_n_20250604132812854.jpg,TRUE,138,5,1.7,1.7
24,DB,small,0.2–0.4,1,NA,1,1,100,1,olistení,NA,NA,0,0-20,NA,1,80-100,NA,0,NA,NA,NA,NA,NA,NA,"Okus,mráz",492_T4_TP_20250827,NA,1,NA,NA,NA,NA,NA,0,NA,DCIM/context_n20250604133512944.jpg,DCIM/context_e20250604133507869.jpg,DCIM/context_s20250604133502035.jpg,DCIM/context_w20250604133456884.jpg,2025-06-04T13:34:05Z,14.96425097,49.82452419,DCIM/plot_e_20250604132800268.jpg,DCIM/plot_n_20250604132812854.jpg,TRUE,138,5,0.3,0.3
10,BR,advanced,2–4,1,NA,1,1,100,1,olistení,NA,NA,0,0-20,NA,1,0-20,NA,0,NA,NA,NA,NA,NA,NA,T2493PBR4,493_T2_AH_20250827,NA,1,NA,NA,NA,NA,NA,0,NA,DCIM/context_n20250724110734594.jpg,DCIM/context_e20250724110728397.jpg,DCIM/context_s20250724110723214.jpg,DCIM/context_w20250724110717733.jpg,2025-07-24T11:06:54Z,15.3952784,49.55287053,DCIM/plot_e_20250724110138101.jpg,DCIM/plot_n_20250724110150164.jpg,TRUE,75,5,3,3
10,BR,small,1.0–1.3,1,NA,1,1,100,1,olistení,NA,NA,0,0-20,NA,1,40-60,NA,0,NA,NA,NA,NA,NA,NA,T2493OBR4,493_T2_AH_20250827,NA,1,NA,NA,NA,NA,NA,0,NA,DCIM/context_n20250724110734594.jpg,DCIM/context_e20250724110728397.jpg,DCIM/context_s20250724110723214.jpg,DCIM/context_w20250724110717733.jpg,2025-07-24T11:06:54Z,15.3952784,49.55287053,DCIM/plot_e_20250724110138101.jpg,DCIM/plot_n_20250724110150164.jpg,TRUE,75,5,1.2,1.2
18,SM,small,0.4–0.6,1,NA,1,1,100,1,olistení,NA,NA,0,20-40,NA,1,80-100,NA,0,NA,NA,NA,NA,NA,NA,Boční okus,493_T4_TP_20250827,NA,1,NA,NA,NA,NA,1,1,NA,DCIM/context_n20250604134032514.jpg,DCIM/context_e20250604134027880.jpg,DCIM/context_s20250604134022762.jpg,DCIM/context_w20250604134017601.jpg,2025-06-04T13:39:49Z,14.9645483,49.82469068,DCIM/plot_e_20250604133718109.jpg,DCIM/plot_n_20250604133725992.jpg,TRUE,138,5,0.5,0.5
17,MD,advanced,2–4,1,NA,1,1,100,1,olistení,NA,NA,0,0-20,NA,1,0-20,NA,0,NA,NA,NA,NA,NA,NA,T2494PMD4,494_T2_AH_20250827,1,1,NA,NA,NA,1,1,0,NA,DCIM/context_n20250724111504555.jpg,DCIM/context_e20250724111457788.jpg,DCIM/context_s20250724111450507.jpg,DCIM/context_w20250724111445693.jpg,2025-07-24T11:14:25Z,15.39528667,49.55305161,DCIM/plot_e_20250724111122342.jpg,DCIM/plot_n_20250724111139561.jpg,TRUE,75,5,3,3
13,BK,small,1.0–1.3,1,NA,0,0,0,NA,NA,NA,NA,0,NA,NA,0,NA,NA,0,NA,NA,NA,NA,NA,NA,NA,494_T2_AH_20250827,1,1,NA,NA,NA,1,1,0,NA,DCIM/context_n20250724111504555.jpg,DCIM/context_e20250724111457788.jpg,DCIM/context_s20250724111450507.jpg,DCIM/context_w20250724111445693.jpg,2025-07-24T11:14:25Z,15.39528667,49.55305161,DCIM/plot_e_20250724111122342.jpg,DCIM/plot_n_20250724111139561.jpg,TRUE,75,5,1.2,1.2
18,SM,small,0.6–0.8,1,NA,1,1,100,1,olistení,NA,NA,0,20-40,NA,1,80-100,NA,0,NA,NA,NA,NA,NA,NA,Mráz,494_T4_TP_20250827,NA,1,NA,NA,NA,NA,1,1,NA,DCIM/context_n20250604134439299.jpg,DCIM/context_e20250604134434057.jpg,DCIM/context_s20250604134428555.jpg,DCIM/context_w20250604134422735.jpg,2025-06-04T13:43:55Z,14.9642872,49.82488186,DCIM/plot_e_20250604134217540.jpg,DCIM/plot_n_20250604134225318.jpg,TRUE,138,5,0.7,0.7
10,BR,advanced,2–4,1,NA,1,1,100,1,olistení,NA,NA,0,0-20,NA,1,20-40,NA,0,NA,NA,NA,NA,NA,NA,T2495PBR4,495_T2_AH_20250827,NA,1,NA,NA,NA,1,1,0,NA,DCIM/context_n20250724112111237.jpg,DCIM/context_e20250724112105824.jpg,DCIM/context_s20250724112059658.jpg,DCIM/context_w20250724112053590.jpg,2025-07-24T11:20:23Z,15.39501622,49.55305989,DCIM/plot_e_20250724111730643.jpg,DCIM/plot_n_20250724111742181.jpg,TRUE,75,5,3,3
13,BK,small,0.6–0.8,1,NA,0,0,0,NA,NA,NA,NA,0,NA,NA,0,NA,NA,0,NA,NA,NA,NA,NA,NA,NA,495_T2_AH_20250827,NA,1,NA,NA,NA,1,1,0,NA,DCIM/context_n20250724112111237.jpg,DCIM/context_e20250724112105824.jpg,DCIM/context_s20250724112059658.jpg,DCIM/context_w20250724112053590.jpg,2025-07-24T11:20:23Z,15.39501622,49.55305989,DCIM/plot_e_20250724111730643.jpg,DCIM/plot_n_20250724111742181.jpg,TRUE,75,5,0.7,0.7
1,JD,small,1.3–2.0,3,NA,0,0,0,NA,NA,NA,NA,0,NA,NA,0,NA,NA,0,NA,NA,NA,NA,NA,NA,NA,495_T4_TP_20250827,NA,1,NA,NA,1,NA,1,1,Oplocenka,DCIM/context_n20250604144939826.jpg,DCIM/context_e20250604144934526.jpg,DCIM/context_s20250604144929526.jpg,DCIM/context_w20250604144924634.jpg,2025-06-04T14:47:51Z,14.92718384,49.83803218,DCIM/plot_e_20250604143601638.jpg,DCIM/plot_n_20250604143610215.jpg,TRUE,139,5,1.7,1.7
20,OS,small,0.8–1.0,1,NA,1,1,100,1,olistení,NA,NA,0,60-80,NA,1,80-100,NA,0,NA,NA,NA,NA,NA,NA,NA,495_T4_TP_20250827,NA,1,NA,NA,1,NA,1,1,Oplocenka,DCIM/context_n20250604144939826.jpg,DCIM/context_e20250604144934526.jpg,DCIM/context_s20250604144929526.jpg,DCIM/context_w20250604144924634.jpg,2025-06-04T14:47:51Z,14.92718384,49.83803218,DCIM/plot_e_20250604143601638.jpg,DCIM/plot_n_20250604143610215.jpg,TRUE,139,5,0.9,0.9
10,BR,small,0.8–1.0,1,NA,1,1,100,1,kmen,NA,NA,0,NA,NA,0,NA,cerstve,1,mechanizace,40-60,NA,NA,NA,NA,NA,495_T4_TP_20250827,NA,1,NA,NA,1,NA,1,1,Oplocenka,DCIM/context_n20250604144939826.jpg,DCIM/context_e20250604144934526.jpg,DCIM/context_s20250604144929526.jpg,DCIM/context_w20250604144924634.jpg,2025-06-04T14:47:51Z,14.92718384,49.83803218,DCIM/plot_e_20250604143601638.jpg,DCIM/plot_n_20250604143610215.jpg,TRUE,139,5,0.9,0.9
35,TR,small,0.8–1.0,1,NA,1,1,100,1,olistení,NA,NA,0,20-40,NA,1,80-100,NA,0,NA,NA,NA,NA,NA,NA,"Okus, jabloň Malus...",495_T4_TP_20250827,NA,1,NA,NA,1,NA,1,1,Oplocenka,DCIM/context_n20250604144939826.jpg,DCIM/context_e20250604144934526.jpg,DCIM/context_s20250604144929526.jpg,DCIM/context_w20250604144924634.jpg,2025-06-04T14:47:51Z,14.92718384,49.83803218,DCIM/plot_e_20250604143601638.jpg,DCIM/plot_n_20250604143610215.jpg,TRUE,139,5,0.9,0.9
20,OS,mature,NA,2,40–60cm,1,0,0,1,terminal,NA,NA,0,NA,NA,0,NA,NA,0,NA,NA,NA,NA,NA,NA,NA,496_T4_TP_20250827,NA,1,NA,NA,NA,NA,NA,1,Oplocenka,DCIM/context_n20250604145516358.jpg,DCIM/context_e20250604145511080.jpg,DCIM/context_s20250604145506847.jpg,DCIM/context_w20250604145501737.jpg,2025-06-04T14:54:16Z,14.92746211,49.8380209,DCIM/plot_e_20250604145137919.jpg,DCIM/plot_n_20250604145147639.jpg,TRUE,139,5,30,50
18,SM,small,1.3–2.0,1,NA,0,0,0,NA,NA,NA,NA,0,NA,NA,0,NA,NA,0,NA,NA,NA,NA,NA,NA,NA,496_T4_TP_20250827,NA,1,NA,NA,NA,NA,NA,1,Oplocenka,DCIM/context_n20250604145516358.jpg,DCIM/context_e20250604145511080.jpg,DCIM/context_s20250604145506847.jpg,DCIM/context_w20250604145501737.jpg,2025-06-04T14:54:16Z,14.92746211,49.8380209,DCIM/plot_e_20250604145137919.jpg,DCIM/plot_n_20250604145147639.jpg,TRUE,139,5,1.7,1.7
18,SM,advanced,2–4,1,NA,0,0,0,NA,NA,NA,NA,0,NA,NA,0,NA,NA,0,NA,NA,NA,NA,NA,NA,NA,497_T2_AH_20250827,NA,1,NA,NA,NA,NA,1,1,Oplocenka,DCIM/context_n20250724114642430.jpg,DCIM/context_e20250724114637702.jpg,DCIM/context_s20250724114632455.jpg,DCIM/context_w20250724114627498.jpg,2025-07-24T11:45:54Z,15.38935873,49.54703946,DCIM/plot_e_20250724114442991.jpg,DCIM/plot_n_20250724114455839.jpg,TRUE,76,5,3,3
18,SM,small,0.4–0.6,1,NA,0,0,0,NA,NA,NA,NA,0,NA,NA,0,NA,NA,0,NA,NA,NA,NA,NA,NA,NA,497_T2_AH_20250827,NA,1,NA,NA,NA,NA,1,1,Oplocenka,DCIM/context_n20250724114642430.jpg,DCIM/context_e20250724114637702.jpg,DCIM/context_s20250724114632455.jpg,DCIM/context_w20250724114627498.jpg,2025-07-24T11:45:54Z,15.38935873,49.54703946,DCIM/plot_e_20250724114442991.jpg,DCIM/plot_n_20250724114455839.jpg,TRUE,76,5,0.5,0.5
1,JD,small,0.6–0.8,1,NA,1,1,100,1,olistení,NA,NA,0,20-40,NA,1,60-80,NA,0,NA,NA,NA,NA,NA,NA,Okus,497_T4_TP_20250827,NA,1,NA,NA,NA,NA,1,1,Oplocenka,DCIM/context_n20250604150558861.jpg,DCIM/context_e20250604150553884.jpg,DCIM/context_s20250604150549545.jpg,DCIM/context_w20250604150544342.jpg,2025-06-04T15:05:06Z,14.92744438,49.83784077,DCIM/plot_e_20250604145711864.jpg,DCIM/plot_n_20250604145719161.jpg,TRUE,139,5,0.7,0.7
18,SM,small,0.2–0.4,1,NA,1,1,100,1,kmen,NA,NA,0,NA,NA,0,NA,stare,1,mechanizace,80-100,NA,NA,NA,NA,NA,497_T4_TP_20250827,NA,1,NA,NA,NA,NA,1,1,Oplocenka,DCIM/context_n20250604150558861.jpg,DCIM/context_e20250604150553884.jpg,DCIM/context_s20250604150549545.jpg,DCIM/context_w20250604150544342.jpg,2025-06-04T15:05:06Z,14.92744438,49.83784077,DCIM/plot_e_20250604145711864.jpg,DCIM/plot_n_20250604145719161.jpg,TRUE,139,5,0.3,0.3
10,BR,small,0.6–0.8,4,NA,0,0,0,NA,NA,NA,NA,0,NA,NA,0,NA,NA,0,NA,NA,NA,NA,NA,NA,NA,497_T4_TP_20250827,NA,1,NA,NA,NA,NA,1,1,Oplocenka,DCIM/context_n20250604150558861.jpg,DCIM/context_e20250604150553884.jpg,DCIM/context_s20250604150549545.jpg,DCIM/context_w20250604150544342.jpg,2025-06-04T15:05:06Z,14.92744438,49.83784077,DCIM/plot_e_20250604145711864.jpg,DCIM/plot_n_20250604145719161.jpg,TRUE,139,5,0.7,0.7
28,VRX,small,0.6–0.8,1,NA,1,1,100,1,kmen,NA,NA,0,NA,NA,0,NA,stare,1,mechanizace,20-40,NA,NA,NA,NA,NA,497_T4_TP_20250827,NA,1,NA,NA,NA,NA,1,1,Oplocenka,DCIM/context_n20250604150558861.jpg,DCIM/context_e20250604150553884.jpg,DCIM/context_s20250604150549545.jpg,DCIM/context_w20250604150544342.jpg,2025-06-04T15:05:06Z,14.92744438,49.83784077,DCIM/plot_e_20250604145711864.jpg,DCIM/plot_n_20250604145719161.jpg,TRUE,139,5,0.7,0.7
20,OS,advanced,>4,1,NA,1,1,100,1,olistení,NA,NA,0,0-20,NA,1,40-60,NA,0,NA,NA,NA,NA,NA,NA,NA,498_T4_TP_20250827,NA,1,NA,NA,NA,NA,NA,1,Oplocenka,DCIM/context_n20250604151539205.jpg,DCIM/context_e20250604151532996.jpg,DCIM/context_s20250604151526815.jpg,DCIM/context_w20250604151520381.jpg,2025-06-04T15:14:47Z,14.92773768,49.83800778,DCIM/plot_e_20250604150910947.jpg,DCIM/plot_n_20250604150923126.jpg,TRUE,139,5,5,5
28,VRX,advanced,2–4,1,NA,0,0,0,NA,NA,NA,NA,0,NA,NA,0,NA,NA,0,NA,NA,NA,NA,NA,NA,NA,498_T4_TP_20250827,NA,1,NA,NA,NA,NA,NA,1,Oplocenka,DCIM/context_n20250604151539205.jpg,DCIM/context_e20250604151532996.jpg,DCIM/context_s20250604151526815.jpg,DCIM/context_w20250604151520381.jpg,2025-06-04T15:14:47Z,14.92773768,49.83800778,DCIM/plot_e_20250604150910947.jpg,DCIM/plot_n_20250604150923126.jpg,TRUE,139,5,3,3
10,BR,small,0.2–0.4,1,NA,1,1,100,1,kmen,NA,NA,0,NA,NA,0,NA,stare,1,mechanizace,80-100,NA,NA,NA,NA,NA,498_T4_TP_20250827,NA,1,NA,NA,NA,NA,NA,1,Oplocenka,DCIM/context_n20250604151539205.jpg,DCIM/context_e20250604151532996.jpg,DCIM/context_s20250604151526815.jpg,DCIM/context_w20250604151520381.jpg,2025-06-04T15:14:47Z,14.92773768,49.83800778,DCIM/plot_e_20250604150910947.jpg,DCIM/plot_n_20250604150923126.jpg,TRUE,139,5,0.3,0.3
1,JD,small,0.2–0.4,1,NA,1,1,100,1,terminal,chybajuci,NA,1,NA,NA,0,NA,NA,0,NA,NA,NA,NA,NA,NA,NA,499_T4_TP_20250827,NA,1,NA,NA,NA,NA,1,1,Oplocenka,DCIM/context_n20250604152442482.jpg,DCIM/context_e20250604152436286.jpg,DCIM/context_s20250604152429614.jpg,DCIM/context_w20250604152424792.jpg,2025-06-04T15:23:59Z,14.92747947,49.83820026,DCIM/plot_e_20250604151817317.jpg,DCIM/plot_n_20250604151827247.jpg,TRUE,139,5,0.3,0.3
20,OS,small,0.8–1.0,2,NA,1,1,50,1,terminal,chybajuci,NA,1,NA,NA,0,NA,NA,0,NA,NA,NA,NA,NA,NA,NA,499_T4_TP_20250827,NA,1,NA,NA,NA,NA,1,1,Oplocenka,DCIM/context_n20250604152442482.jpg,DCIM/context_e20250604152436286.jpg,DCIM/context_s20250604152429614.jpg,DCIM/context_w20250604152424792.jpg,2025-06-04T15:23:59Z,14.92747947,49.83820026,DCIM/plot_e_20250604151817317.jpg,DCIM/plot_n_20250604151827247.jpg,TRUE,139,5,0.9,0.9
10,BR,small,0.4–0.6,1,NA,1,1,100,1,kmen,NA,NA,0,NA,NA,0,NA,stare,1,mechanizace,80-100,NA,NA,NA,NA,NA,499_T4_TP_20250827,NA,1,NA,NA,NA,NA,1,1,Oplocenka,DCIM/context_n20250604152442482.jpg,DCIM/context_e20250604152436286.jpg,DCIM/context_s20250604152429614.jpg,DCIM/context_w20250604152424792.jpg,2025-06-04T15:23:59Z,14.92747947,49.83820026,DCIM/plot_e_20250604151817317.jpg,DCIM/plot_n_20250604151827247.jpg,TRUE,139,5,0.5,0.5
10,BR,advanced,2–4,1,NA,0,0,0,NA,NA,NA,NA,0,NA,NA,0,NA,NA,0,NA,NA,NA,NA,NA,NA,NA,500_T2_AH_20250827,NA,1,NA,NA,1,NA,NA,0,NA,DCIM/context_n20250724115853016.jpg,DCIM/context_e20250724115844113.jpg,DCIM/context_s20250724115832717.jpg,DCIM/context_w20250724115826770.jpg,2025-07-24T11:58:03Z,15.38991301,49.54700308,DCIM/plot_e_20250724115729247.jpg,DCIM/plot_n_20250724115738103.jpg,TRUE,76,5,3,3
18,SM,small,1.3–2.0,1,NA,0,0,0,NA,NA,NA,NA,0,NA,NA,0,NA,NA,0,NA,NA,NA,NA,NA,NA,NA,500_T4_TP_20250827,NA,1,NA,NA,NA,NA,1,1,NA,DCIM/context_n20250623082103726.jpg,DCIM/context_e20250623082054561.jpg,DCIM/context_s20250623082046906.jpg,DCIM/context_w20250623082039644.jpg,2025-06-23T08:19:26Z,15.71505598,49.16025817,DCIM/plot_e_20250623081301455.jpg,DCIM/plot_n_20250623081313955.jpg,TRUE,140,5,1.7,1.7
28,VRX,small,0.6–0.8,1,NA,1,1,100,1,terminal,odumrety,NA,1,NA,NA,0,NA,NA,0,NA,NA,NA,NA,T4500OVR1,NA,NA,500_T4_TP_20250827,NA,1,NA,NA,NA,NA,1,1,NA,DCIM/context_n20250623082103726.jpg,DCIM/context_e20250623082054561.jpg,DCIM/context_s20250623082046906.jpg,DCIM/context_w20250623082039644.jpg,2025-06-23T08:19:26Z,15.71505598,49.16025817,DCIM/plot_e_20250623081301455.jpg,DCIM/plot_n_20250623081313955.jpg,TRUE,140,5,0.7,0.7
18,SM,advanced,2–4,5,NA,0,0,0,NA,NA,NA,NA,0,NA,NA,0,NA,NA,0,NA,NA,NA,NA,NA,NA,NA,502_T2_AH_20250827,NA,1,NA,NA,NA,NA,NA,0,NA,DCIM/context_n20250724131417700.jpg,DCIM/context_e20250724131411603.jpg,DCIM/context_s20250724131405905.jpg,DCIM/context_w20250724131359508.jpg,2025-07-24T13:13:23Z,15.37689563,49.54455412,DCIM/plot_e_20250724130948770.jpg,DCIM/plot_n_20250724130934070.jpg,TRUE,77,5,3,3
10,BR,advanced,2–4,5,NA,1,5,100,1,olistení,NA,NA,0,20-40,4,5,20-40,NA,0,NA,NA,NA,NA,NA,NA,T250PBR4,502_T2_AH_20250827,NA,1,NA,NA,NA,NA,NA,0,NA,DCIM/context_n20250724131417700.jpg,DCIM/context_e20250724131411603.jpg,DCIM/context_s20250724131405905.jpg,DCIM/context_w20250724131359508.jpg,2025-07-24T13:13:23Z,15.37689563,49.54455412,DCIM/plot_e_20250724130948770.jpg,DCIM/plot_n_20250724130934070.jpg,TRUE,77,5,3,3
18,SM,small,1.3–2.0,1,NA,0,0,0,NA,NA,NA,NA,0,NA,NA,0,NA,NA,0,NA,NA,NA,NA,NA,NA,NA,502_T2_AH_20250827,NA,1,NA,NA,NA,NA,NA,0,NA,DCIM/context_n20250724131417700.jpg,DCIM/context_e20250724131411603.jpg,DCIM/context_s20250724131405905.jpg,DCIM/context_w20250724131359508.jpg,2025-07-24T13:13:23Z,15.37689563,49.54455412,DCIM/plot_e_20250724130948770.jpg,DCIM/plot_n_20250724130934070.jpg,TRUE,77,5,1.7,1.7
18,SM,small,0.8–1.0,1,NA,0,0,0,NA,NA,NA,NA,0,NA,NA,0,NA,NA,0,NA,NA,NA,NA,NA,NA,NA,502_T4_TP_20250827,1,1,NA,NA,NA,NA,1,1,NA,DCIM/context_n20250623083534176.jpg,DCIM/context_e20250623083526173.jpg,DCIM/context_s20250623083519723.jpg,DCIM/context_w20250623083512034.jpg,2025-06-23T08:34:04Z,15.71534901,49.1604225,DCIM/plot_e_20250623082759824.jpg,DCIM/plot_n_20250623082808582.jpg,TRUE,140,5,0.9,0.9
4,KL,small,0.2–0.4,1,NA,1,1,100,1,kmen,NA,NA,0,NA,NA,0,NA,stare,1,mechanizace,80-100,0-10,NA,NA,NA,NA,502_T4_TP_20250827,1,1,NA,NA,NA,NA,1,1,NA,DCIM/context_n20250623083534176.jpg,DCIM/context_e20250623083526173.jpg,DCIM/context_s20250623083519723.jpg,DCIM/context_w20250623083512034.jpg,2025-06-23T08:34:04Z,15.71534901,49.1604225,DCIM/plot_e_20250623082759824.jpg,DCIM/plot_n_20250623082808582.jpg,TRUE,140,5,0.3,0.3
13,BK,small,0.2–0.4,1,NA,1,1,100,1,kmen,NA,NA,0,NA,NA,0,NA,stare,1,mechanizace,80-100,0-10,NA,NA,NA,NA,502_T4_TP_20250827,1,1,NA,NA,NA,NA,1,1,NA,DCIM/context_n20250623083534176.jpg,DCIM/context_e20250623083526173.jpg,DCIM/context_s20250623083519723.jpg,DCIM/context_w20250623083512034.jpg,2025-06-23T08:34:04Z,15.71534901,49.1604225,DCIM/plot_e_20250623082759824.jpg,DCIM/plot_n_20250623082808582.jpg,TRUE,140,5,0.3,0.3
18,SM,small,0.2–0.4,1,NA,1,1,100,1,terminal,chybajuci,NA,1,NA,NA,0,NA,NA,0,NA,NA,NA,NA,NA,NA,NA,503_T4_TP_20250827,1,1,NA,NA,NA,NA,1,1,NA,DCIM/context_n20250623084450296.jpg,DCIM/context_e20250623084445503.jpg,DCIM/context_s20250623084439918.jpg,DCIM/context_w20250623084432505.jpg,2025-06-23T08:43:39Z,15.71561148,49.16023579,DCIM/plot_e_20250623083749854.jpg,DCIM/plot_n_20250623083809173.jpg,TRUE,140,5,0.3,0.3
4,KL,small,0.2–0.4,1,NA,1,1,100,1,terminal,chybajuci,NA,1,NA,NA,0,NA,NA,0,NA,NA,NA,NA,NA,NA,NA,503_T4_TP_20250827,1,1,NA,NA,NA,NA,1,1,NA,DCIM/context_n20250623084450296.jpg,DCIM/context_e20250623084445503.jpg,DCIM/context_s20250623084439918.jpg,DCIM/context_w20250623084432505.jpg,2025-06-23T08:43:39Z,15.71561148,49.16023579,DCIM/plot_e_20250623083749854.jpg,DCIM/plot_n_20250623083809173.jpg,TRUE,140,5,0.3,0.3
10,BR,small,0.6–0.8,5,NA,0,0,0,NA,NA,NA,NA,0,NA,NA,0,NA,NA,0,NA,NA,NA,NA,NA,NA,NA,504_T2_AH_20250827,NA,1,NA,NA,1,NA,NA,0,NA,DCIM/context_n20250724132948753.jpg,DCIM/context_e20250724132943840.jpg,DCIM/context_s20250724132938814.jpg,DCIM/context_w20250724132933835.jpg,2025-07-24T13:29:14Z,15.37684229,49.54419599,DCIM/plot_e_20250724132808463.jpg,DCIM/plot_n_20250724132820908.jpg,TRUE,77,5,0.7,0.7
18,SM,small,0.8–1.0,3,NA,1,1,33.33333333333333,2,terminal,chybajuci,NA,1,NA,NA,0,NA,NA,0,NA,NA,NA,NA,NA,NA,NA,504_T4_TP_20250827,NA,1,NA,NA,NA,NA,1,1,NA,DCIM/context_n20250623085145663.jpg,DCIM/context_e20250623085139113.jpg,DCIM/context_s20250623085131793.jpg,DCIM/context_w20250623085126147.jpg,2025-06-23T08:50:56Z,15.71529649,49.16005663,DCIM/plot_e_20250623084626850.jpg,DCIM/plot_n_20250623084636367.jpg,TRUE,140,5,0.9,0.9
13,BK,small,1.0–1.3,1,NA,1,1,100,1,terminal,chybajuci,NA,1,NA,NA,0,NA,NA,0,NA,NA,NA,NA,NA,NA,NA,504_T4_TP_20250827,NA,1,NA,NA,NA,NA,1,1,NA,DCIM/context_n20250623085145663.jpg,DCIM/context_e20250623085139113.jpg,DCIM/context_s20250623085131793.jpg,DCIM/context_w20250623085126147.jpg,2025-06-23T08:50:56Z,15.71529649,49.16005663,DCIM/plot_e_20250623084626850.jpg,DCIM/plot_n_20250623084636367.jpg,TRUE,140,5,1.2,1.2
10,BR,advanced,2–4,1,NA,1,1,100,1,olistení,NA,NA,0,0-20,NA,1,0-20,NA,0,NA,NA,NA,NA,NA,NA,T2505PBR4,505_T2_AH_20250827,1,1,NA,NA,NA,NA,NA,0,NA,DCIM/context_n20250724133822853.jpg,DCIM/context_e20250724133815451.jpg,DCIM/context_s20250724133808851.jpg,DCIM/context_w20250724133802415.jpg,2025-07-24T13:37:39Z,15.3768639,49.54438006,DCIM/plot_e_20250724133455742.jpg,DCIM/plot_n_20250724133506196.jpg,TRUE,77,5,3,3
17,MD,small,1.0–1.3,2,NA,0,0,0,NA,NA,NA,NA,0,NA,NA,0,NA,NA,0,NA,NA,NA,NA,NA,NA,NA,505_T2_AH_20250827,1,1,NA,NA,NA,NA,NA,0,NA,DCIM/context_n20250724133822853.jpg,DCIM/context_e20250724133815451.jpg,DCIM/context_s20250724133808851.jpg,DCIM/context_w20250724133802415.jpg,2025-07-24T13:37:39Z,15.3768639,49.54438006,DCIM/plot_e_20250724133455742.jpg,DCIM/plot_n_20250724133506196.jpg,TRUE,77,5,1.2,1.2
17,MD,small,0.6–0.8,1,NA,0,0,0,NA,NA,NA,NA,0,NA,NA,0,NA,NA,0,NA,NA,NA,NA,NA,NA,NA,506_T2_AH_20250827,NA,1,NA,NA,NA,NA,NA,0,NA,DCIM/context_n20250724135621555.jpg,DCIM/context_e20250724135614808.jpg,DCIM/context_s20250724135609696.jpg,DCIM/context_w20250724135603345.jpg,2025-07-24T13:55:44Z,15.38567165,49.5437736,DCIM/plot_e_20250724135501565.jpg,DCIM/plot_n_20250724135509767.jpg,TRUE,78,5,0.7,0.7
4,KL,advanced,2–4,1,NA,1,1,100,1,olistení,NA,NA,0,0-20,NA,1,0-20,NA,0,NA,NA,NA,NA,NA,NA,NA,506_T4_TP_20250827,1,1,NA,NA,NA,NA,1,1,Oplocenka,DCIM/context_n20250623091220737.jpg,DCIM/context_e20250623091214891.jpg,DCIM/context_s20250623091208953.jpg,DCIM/context_w20250623091203438.jpg,2025-06-23T09:11:19Z,15.71321868,49.15815186,DCIM/plot_e_20250623090500842.jpg,DCIM/plot_n_20250623090508946.jpg,TRUE,141,5,3,3
17,MD,advanced,2–4,1,NA,1,1,100,1,kmen,NA,NA,0,NA,NA,0,NA,stare,1,zver,20-40,20-Oct,NA,NA,NA,NA,506_T4_TP_20250827,1,1,NA,NA,NA,NA,1,1,Oplocenka,DCIM/context_n20250623091220737.jpg,DCIM/context_e20250623091214891.jpg,DCIM/context_s20250623091208953.jpg,DCIM/context_w20250623091203438.jpg,2025-06-23T09:11:19Z,15.71321868,49.15815186,DCIM/plot_e_20250623090500842.jpg,DCIM/plot_n_20250623090508946.jpg,TRUE,141,5,3,3
24,DB,advanced,2–4,1,NA,1,1,100,1,olistení,NA,NA,0,0-20,NA,1,20-40,NA,0,NA,NA,NA,NA,NA,NA,T2507PDB4,507_T2_AH_20250827,NA,1,NA,NA,NA,NA,1,1,Oplocenka,DCIM/context_n20250724140546130.jpg,DCIM/context_e20250724140535102.jpg,DCIM/context_s20250724140528054.jpg,DCIM/context_w20250724140520851.jpg,2025-07-24T14:04:46Z,15.38596638,49.54394153,DCIM/plot_e_20250724135948001.jpg,DCIM/plot_n_20250724140005512.jpg,TRUE,78,5,3,3
10,BR,advanced,2–4,2,NA,1,2,100,1,olistení,NA,NA,0,0-20,1,2,0-20,NA,0,NA,NA,NA,NA,NA,NA,T2507PBR4,507_T2_AH_20250827,NA,1,NA,NA,NA,NA,1,1,Oplocenka,DCIM/context_n20250724140546130.jpg,DCIM/context_e20250724140535102.jpg,DCIM/context_s20250724140528054.jpg,DCIM/context_w20250724140520851.jpg,2025-07-24T14:04:46Z,15.38596638,49.54394153,DCIM/plot_e_20250724135948001.jpg,DCIM/plot_n_20250724140005512.jpg,TRUE,78,5,3,3
27,JIV,small,1.3–2.0,1,NA,0,0,0,NA,NA,NA,NA,0,NA,NA,0,NA,NA,0,NA,NA,NA,NA,NA,NA,NA,507_T2_AH_20250827,NA,1,NA,NA,NA,NA,1,1,Oplocenka,DCIM/context_n20250724140546130.jpg,DCIM/context_e20250724140535102.jpg,DCIM/context_s20250724140528054.jpg,DCIM/context_w20250724140520851.jpg,2025-07-24T14:04:46Z,15.38596638,49.54394153,DCIM/plot_e_20250724135948001.jpg,DCIM/plot_n_20250724140005512.jpg,TRUE,78,5,1.7,1.7
4,KL,small,0.4–0.6,1,NA,0,0,0,NA,NA,NA,NA,0,NA,NA,0,NA,NA,0,NA,NA,NA,NA,NA,NA,NA,507_T4_TP_20250827,NA,1,NA,NA,NA,NA,1,1,Oplocenka,DCIM/context_n20250623091826614.jpg,DCIM/context_e20250623091820852.jpg,DCIM/context_s20250623091814678.jpg,DCIM/context_w20250623091809363.jpg,2025-06-23T09:17:40Z,15.71349468,49.15813968,DCIM/plot_e_20250623091434183.jpg,DCIM/plot_n_20250623091441459.jpg,TRUE,141,5,0.5,0.5
28,VRX,small,0.4–0.6,1,NA,1,1,100,1,terminal,chybajuci,NA,1,NA,NA,0,NA,NA,0,NA,NA,NA,NA,NA,NA,NA,507_T4_TP_20250827,NA,1,NA,NA,NA,NA,1,1,Oplocenka,DCIM/context_n20250623091826614.jpg,DCIM/context_e20250623091820852.jpg,DCIM/context_s20250623091814678.jpg,DCIM/context_w20250623091809363.jpg,2025-06-23T09:17:40Z,15.71349468,49.15813968,DCIM/plot_e_20250623091434183.jpg,DCIM/plot_n_20250623091441459.jpg,TRUE,141,5,0.5,0.5
18,SM,small,1.0–1.3,1,NA,0,0,0,NA,NA,NA,NA,0,NA,NA,0,NA,NA,0,NA,NA,NA,NA,NA,NA,NA,508_T2_AH_20250827,1,1,NA,NA,1,NA,1,1,Nátěr,DCIM/context_n20250724144310337.jpg,DCIM/context_e20250724144305024.jpg,DCIM/context_s20250724144258477.jpg,DCIM/context_w20250724144252540.jpg,2025-07-24T14:42:14Z,15.36854296,49.64427468,DCIM/plot_e_20250724144134038.jpg,DCIM/plot_n_20250724144142391.jpg,TRUE,79,5,1.2,1.2
18,SM,small,0.8–1.0,1,NA,0,0,0,NA,NA,NA,NA,0,NA,NA,0,NA,NA,0,NA,NA,NA,NA,NA,NA,NA,509_T2_AH_20250827,NA,1,NA,NA,1,NA,1,1,Nátěr,DCIM/context_n20250724144619212.jpg,DCIM/context_e20250724144610454.jpg,DCIM/context_s20250724144606044.jpg,DCIM/context_w20250724144601097.jpg,2025-07-24T14:45:35Z,15.36824426,49.64410389,DCIM/plot_e_20250724144446601.jpg,DCIM/plot_n_20250724144455207.jpg,TRUE,79,5,0.9,0.9
19,BO,small,0.6–0.8,1,NA,0,0,0,NA,NA,NA,NA,0,NA,NA,0,NA,NA,0,NA,NA,NA,NA,NA,NA,NA,509_T2_AH_20250827,NA,1,NA,NA,1,NA,1,1,Nátěr,DCIM/context_n20250724144619212.jpg,DCIM/context_e20250724144610454.jpg,DCIM/context_s20250724144606044.jpg,DCIM/context_w20250724144601097.jpg,2025-07-24T14:45:35Z,15.36824426,49.64410389,DCIM/plot_e_20250724144446601.jpg,DCIM/plot_n_20250724144455207.jpg,TRUE,79,5,0.7,0.7
22,TR,small,0.6–0.8,1,NA,0,0,0,NA,NA,NA,NA,0,NA,NA,0,NA,NA,0,NA,NA,NA,NA,NA,NA,NA,510_T2_AH_20250827,1,1,NA,NA,1,NA,1,1,Oplocenka,DCIM/context_n20250724150402127.jpg,DCIM/context_e20250724150356045.jpg,DCIM/context_s20250724150351449.jpg,DCIM/context_w20250724150346788.jpg,2025-07-24T15:03:09Z,15.35504853,49.65284601,DCIM/plot_e_20250724150209687.jpg,DCIM/plot_n_20250724150218525.jpg,TRUE,80,5,0.7,0.7
24,DB,small,1.3–2.0,2,NA,1,2,100,1,olistení,NA,NA,0,60-80,1,2,60-80,NA,0,NA,NA,NA,NA,NA,NA,T2511ODB4,511_T2_AH_20250827,NA,1,NA,NA,1,NA,1,1,Oplocenka,DCIM/context_n20250724150957498.jpg,DCIM/context_e20250724150950862.jpg,DCIM/context_s20250724150945451.jpg,DCIM/context_w20250724150939669.jpg,2025-07-24T15:09:13Z,15.35479568,49.65303632,DCIM/plot_e_20250724150608077.jpg,DCIM/plot_n_20250724150619120.jpg,TRUE,80,5,1.7,1.7
19,BO,small,0.8–1.0,1,NA,0,0,0,NA,NA,NA,NA,0,NA,NA,0,NA,NA,0,NA,NA,NA,NA,NA,NA,NA,511_T2_AH_20250827,NA,1,NA,NA,1,NA,1,1,Oplocenka,DCIM/context_n20250724150957498.jpg,DCIM/context_e20250724150950862.jpg,DCIM/context_s20250724150945451.jpg,DCIM/context_w20250724150939669.jpg,2025-07-24T15:09:13Z,15.35479568,49.65303632,DCIM/plot_e_20250724150608077.jpg,DCIM/plot_n_20250724150619120.jpg,TRUE,80,5,0.9,0.9
20,OS,small,1.3–2.0,2,NA,1,2,100,1,olistení,NA,NA,0,40-60,1,2,20-40,NA,0,NA,NA,NA,NA,NA,NA,T2513OOS4,513_T2_AH_20250827,NA,1,NA,NA,NA,NA,NA,1,Oplocenka,DCIM/context_n20250724152216370.jpg,DCIM/context_e20250724152211273.jpg,DCIM/context_s20250724152204758.jpg,DCIM/context_w20250724152159038.jpg,2025-07-24T15:21:41Z,15.35476978,49.6528561,DCIM/plot_e_20250724151827484.jpg,DCIM/plot_n_20250724151836804.jpg,TRUE,80,5,1.7,1.7
18,SM,small,0.2–0.4,1,NA,1,1,100,1,kmen,NA,NA,0,NA,NA,0,NA,stare,1,ine bioticke,80-100,NA,NA,NA,NA,NA,514_T4_TP_20250827,NA,1,NA,NA,NA,NA,1,1,NA,DCIM/context_n20250623103948464.jpg,DCIM/context_e20250623103942228.jpg,DCIM/context_s20250623103935597.jpg,DCIM/context_w20250623103931196.jpg,2025-06-23T10:38:58Z,15.70206421,49.21411917,DCIM/plot_e_20250623103518768.jpg,DCIM/plot_n_20250623103526764.jpg,TRUE,142,5,0.3,0.3
28,VRX,small,0.2–0.4,1,NA,0,0,0,NA,NA,NA,NA,0,NA,NA,0,NA,NA,0,NA,NA,NA,NA,NA,NA,NA,514_T4_TP_20250827,NA,1,NA,NA,NA,NA,1,1,NA,DCIM/context_n20250623103948464.jpg,DCIM/context_e20250623103942228.jpg,DCIM/context_s20250623103935597.jpg,DCIM/context_w20250623103931196.jpg,2025-06-23T10:38:58Z,15.70206421,49.21411917,DCIM/plot_e_20250623103518768.jpg,DCIM/plot_n_20250623103526764.jpg,TRUE,142,5,0.3,0.3
24,DB,small,0.4–0.6,1,NA,1,1,100,1,olistení,NA,NA,0,60-80,NA,1,60-80,NA,0,NA,NA,NA,NA,NA,NA,T2515ODB4,515_T2_AH_20250827,NA,1,NA,NA,1,NA,1,1,Oplocenka,DCIM/context_n20250724154657325.jpg,DCIM/context_e20250724154652434.jpg,DCIM/context_s20250724154647872.jpg,DCIM/context_w20250724154642012.jpg,2025-07-24T15:46:05Z,15.3704203,49.65121268,DCIM/plot_e_20250724154345945.jpg,DCIM/plot_n_20250724154355203.jpg,TRUE,81,5,0.5,0.5
24,DB,small,0.2–0.4,1,NA,1,1,100,1,terminal,chybajuci,NA,1,NA,NA,0,NA,NA,0,NA,NA,NA,NA,NA,NA,NA,516_T4_TP_20250827,NA,1,NA,NA,NA,NA,1,1,Oplocenka,DCIM/context_n20250623105242294.jpg,DCIM/context_e20250623105237540.jpg,DCIM/context_s20250623105232035.jpg,DCIM/context_w20250623105226513.jpg,2025-06-23T10:51:49Z,15.6996776,49.21493308,DCIM/plot_e_20250623105002213.jpg,DCIM/plot_n_20250623105018131.jpg,TRUE,143,3,0.3,0.3
10,BR,advanced,2–4,3,NA,0,0,0,NA,NA,NA,NA,0,NA,NA,0,NA,NA,0,NA,NA,NA,NA,NA,NA,NA,517_T2_AH_20250827,NA,1,NA,NA,1,1,1,1,Oplocenka,DCIM/context_n20250724155923516.jpg,DCIM/context_e20250724155916931.jpg,DCIM/context_s20250724155912571.jpg,DCIM/context_w20250724155908036.jpg,2025-07-24T15:58:32Z,15.37045501,49.65157159,DCIM/plot_e_20250724155306879.jpg,DCIM/plot_n_20250724155316098.jpg,TRUE,81,5,3,3
24,DB,small,0.8–1.0,2,NA,1,2,100,1,olistení,NA,NA,0,60-80,1,2,80-100,NA,0,NA,NA,NA,NA,NA,NA,T2517ODB4,517_T2_AH_20250827,NA,1,NA,NA,1,1,1,1,Oplocenka,DCIM/context_n20250724155923516.jpg,DCIM/context_e20250724155916931.jpg,DCIM/context_s20250724155912571.jpg,DCIM/context_w20250724155908036.jpg,2025-07-24T15:58:32Z,15.37045501,49.65157159,DCIM/plot_e_20250724155306879.jpg,DCIM/plot_n_20250724155316098.jpg,TRUE,81,5,0.9,0.9
10,BR,small,1.3–2.0,1,NA,0,0,0,NA,NA,NA,NA,0,NA,NA,0,NA,NA,0,NA,NA,NA,NA,NA,NA,NA,517_T2_AH_20250827,NA,1,NA,NA,1,1,1,1,Oplocenka,DCIM/context_n20250724155923516.jpg,DCIM/context_e20250724155916931.jpg,DCIM/context_s20250724155912571.jpg,DCIM/context_w20250724155908036.jpg,2025-07-24T15:58:32Z,15.37045501,49.65157159,DCIM/plot_e_20250724155306879.jpg,DCIM/plot_n_20250724155316098.jpg,TRUE,81,5,1.7,1.7
20,OS,small,1.0–1.3,1,NA,1,1,100,1,olistení,NA,NA,0,60-80,NA,1,80-100,NA,0,NA,NA,NA,NA,NA,NA,T2517OOS4,517_T2_AH_20250827,NA,1,NA,NA,1,1,1,1,Oplocenka,DCIM/context_n20250724155923516.jpg,DCIM/context_e20250724155916931.jpg,DCIM/context_s20250724155912571.jpg,DCIM/context_w20250724155908036.jpg,2025-07-24T15:58:32Z,15.37045501,49.65157159,DCIM/plot_e_20250724155306879.jpg,DCIM/plot_n_20250724155316098.jpg,TRUE,81,5,1.2,1.2
24,DB,small,1.3–2.0,2,NA,1,2,100,1,olistení,NA,NA,0,60-80,1,2,60-80,NA,0,NA,NA,NA,NA,NA,NA,T2518ODB4,518_T2_AH_20250827,NA,1,NA,NA,NA,NA,1,1,Oplocenka,DCIM/context_n20250724160630070.jpg,DCIM/context_e20250724160624507.jpg,DCIM/context_s20250724160619846.jpg,DCIM/context_w20250724160613448.jpg,2025-07-24T16:05:42Z,15.37044011,49.65139327,DCIM/plot_e_20250724160213590.jpg,DCIM/plot_n_20250724160221590.jpg,TRUE,81,5,1.7,1.7
10,BR,small,0.2–0.4,1,NA,0,0,0,NA,NA,NA,NA,0,NA,NA,0,NA,NA,0,NA,NA,NA,NA,NA,NA,NA,518_T2_AH_20250827,NA,1,NA,NA,NA,NA,1,1,Oplocenka,DCIM/context_n20250724160630070.jpg,DCIM/context_e20250724160624507.jpg,DCIM/context_s20250724160619846.jpg,DCIM/context_w20250724160613448.jpg,2025-07-24T16:05:42Z,15.37044011,49.65139327,DCIM/plot_e_20250724160213590.jpg,DCIM/plot_n_20250724160221590.jpg,TRUE,81,5,0.3,0.3
4,KL,small,0.4–0.6,1,NA,1,1,100,1,terminal,odumrety,NA,1,NA,NA,0,NA,NA,0,NA,NA,NA,NA,NA,NA,NA,518_T4_TP_20250827,NA,1,NA,NA,NA,1,1,1,Oplocenka,DCIM/context_n20250623110117749.jpg,DCIM/context_e20250623110111911.jpg,DCIM/context_s20250623110106354.jpg,DCIM/context_w20250623110101608.jpg,2025-06-23T11:00:19Z,15.6994087,49.21516343,DCIM/plot_e_20250623105746060.jpg,DCIM/plot_n_20250623105753943.jpg,TRUE,143,5,0.5,0.5
24,DB,small,1.0–1.3,1,NA,1,1,100,1,olistení,NA,NA,0,80-100,NA,1,80-100,NA,0,NA,NA,NA,NA,NA,NA,T2519ODB4,519_T2_AH_20250827,NA,1,NA,NA,1,NA,1,1,Oplocenka,DCIM/context_n20250724161210205.jpg,DCIM/context_e20250724161205158.jpg,DCIM/context_s20250724161200681.jpg,DCIM/context_w20250724161153802.jpg,2025-07-24T16:11:22Z,15.37071432,49.65137983,DCIM/plot_e_20250724160911591.jpg,DCIM/plot_n_20250724160918776.jpg,TRUE,81,5,1.2,1.2
30,JR,advanced,2–4,1,NA,1,1,100,1,kmen,NA,NA,0,NA,NA,0,NA,stare,1,zver,40-60,NA,NA,NA,NA,NA,519_T4_TP_20250827,1,1,NA,NA,NA,1,1,1,Oplocenka,DCIM/context_n20250623110715112.jpg,DCIM/context_e20250623110709805.jpg,DCIM/context_s20250623110703530.jpg,DCIM/context_w20250623110658772.jpg,2025-06-23T11:06:30Z,15.69996523,49.21512721,DCIM/plot_e_20250623110424684.jpg,DCIM/plot_n_20250623110434102.jpg,TRUE,143,5,3,3
10,BR,small,1.3–2.0,1,NA,0,0,0,NA,NA,NA,NA,0,NA,NA,0,NA,NA,0,NA,NA,NA,NA,NA,NA,NA,519_T4_TP_20250827,1,1,NA,NA,NA,1,1,1,Oplocenka,DCIM/context_n20250623110715112.jpg,DCIM/context_e20250623110709805.jpg,DCIM/context_s20250623110703530.jpg,DCIM/context_w20250623110658772.jpg,2025-06-23T11:06:30Z,15.69996523,49.21512721,DCIM/plot_e_20250623110424684.jpg,DCIM/plot_n_20250623110434102.jpg,TRUE,143,5,1.7,1.7
19,BO,small,0.4–0.6,11,NA,0,0,0,NA,NA,NA,NA,0,NA,NA,0,NA,NA,0,NA,NA,NA,NA,NA,NA,NA,520_T2_AH_20250827,NA,1,NA,NA,1,NA,NA,0,NA,DCIM/context_n20250724164345871.jpg,DCIM/context_e20250724164340640.jpg,DCIM/context_s20250724164336347.jpg,DCIM/context_w20250724164331636.jpg,2025-07-24T16:43:05Z,15.41968784,49.63966627,DCIM/plot_e_20250724164132127.jpg,DCIM/plot_n_20250724164143210.jpg,TRUE,82,5,0.5,0.5
10,BR,small,0.8–1.0,3,NA,0,0,0,NA,NA,NA,NA,0,NA,NA,0,NA,NA,0,NA,NA,NA,NA,NA,NA,NA,520_T2_AH_20250827,NA,1,NA,NA,1,NA,NA,0,NA,DCIM/context_n20250724164345871.jpg,DCIM/context_e20250724164340640.jpg,DCIM/context_s20250724164336347.jpg,DCIM/context_w20250724164331636.jpg,2025-07-24T16:43:05Z,15.41968784,49.63966627,DCIM/plot_e_20250724164132127.jpg,DCIM/plot_n_20250724164143210.jpg,TRUE,82,5,0.9,0.9
27,JIV,small,0.2–0.4,2,NA,0,0,0,NA,NA,NA,NA,0,NA,NA,0,NA,NA,0,NA,NA,NA,NA,NA,NA,NA,520_T2_AH_20250827,NA,1,NA,NA,1,NA,NA,0,NA,DCIM/context_n20250724164345871.jpg,DCIM/context_e20250724164340640.jpg,DCIM/context_s20250724164336347.jpg,DCIM/context_w20250724164331636.jpg,2025-07-24T16:43:05Z,15.41968784,49.63966627,DCIM/plot_e_20250724164132127.jpg,DCIM/plot_n_20250724164143210.jpg,TRUE,82,5,0.3,0.3
23,DG,advanced,>4,1,NA,1,1,100,1,kmen,NA,NA,0,NA,NA,0,NA,stare,1,zver,60-80,>10,NA,NA,NA,NA,520_T4_TP_20250827,1,1,NA,NA,NA,NA,1,0,NA,DCIM/context_n20250623112924067.jpg,DCIM/context_e20250623112915844.jpg,DCIM/context_s20250623112856419.jpg,DCIM/context_w20250623112851149.jpg,2025-06-23T11:27:53Z,15.70204298,49.21159365,DCIM/plot_e_20250623112410042.jpg,DCIM/plot_n_20250623112424329.jpg,TRUE,144,5,5,5
10,BR,small,1.3–2.0,5,NA,0,0,0,NA,NA,NA,NA,0,NA,NA,0,NA,NA,0,NA,NA,NA,NA,NA,NA,NA,521_T2_AH_20250827,NA,1,NA,NA,1,NA,1,0,NA,DCIM/context_n20250724164932534.jpg,DCIM/context_e20250724164928357.jpg,DCIM/context_s20250724164921059.jpg,DCIM/context_w20250724164916581.jpg,2025-07-24T16:48:42Z,15.41997292,49.63983494,DCIM/plot_e_20250724164617449.jpg,DCIM/plot_n_20250724164629662.jpg,TRUE,82,5,1.7,1.7
19,BO,small,1.3–2.0,1,NA,0,0,0,NA,NA,NA,NA,0,NA,NA,0,NA,NA,0,NA,NA,NA,NA,NA,NA,NA,521_T2_AH_20250827,NA,1,NA,NA,1,NA,1,0,NA,DCIM/context_n20250724164932534.jpg,DCIM/context_e20250724164928357.jpg,DCIM/context_s20250724164921059.jpg,DCIM/context_w20250724164916581.jpg,2025-07-24T16:48:42Z,15.41997292,49.63983494,DCIM/plot_e_20250724164617449.jpg,DCIM/plot_n_20250724164629662.jpg,TRUE,82,5,1.7,1.7
17,MD,small,0.4–0.6,1,NA,0,0,0,NA,NA,NA,NA,0,NA,NA,0,NA,NA,0,NA,NA,NA,NA,NA,NA,NA,521_T2_AH_20250827,NA,1,NA,NA,1,NA,1,0,NA,DCIM/context_n20250724164932534.jpg,DCIM/context_e20250724164928357.jpg,DCIM/context_s20250724164921059.jpg,DCIM/context_w20250724164916581.jpg,2025-07-24T16:48:42Z,15.41997292,49.63983494,DCIM/plot_e_20250724164617449.jpg,DCIM/plot_n_20250724164629662.jpg,TRUE,82,5,0.5,0.5
18,SM,small,0.4–0.6,1,NA,0,0,0,NA,NA,NA,NA,0,NA,NA,0,NA,NA,0,NA,NA,NA,NA,NA,NA,NA,521_T2_AH_20250827,NA,1,NA,NA,1,NA,1,0,NA,DCIM/context_n20250724164932534.jpg,DCIM/context_e20250724164928357.jpg,DCIM/context_s20250724164921059.jpg,DCIM/context_w20250724164916581.jpg,2025-07-24T16:48:42Z,15.41997292,49.63983494,DCIM/plot_e_20250724164617449.jpg,DCIM/plot_n_20250724164629662.jpg,TRUE,82,5,0.5,0.5
18,SM,advanced,2–4,3,NA,0,0,0,NA,NA,NA,NA,0,NA,NA,0,NA,NA,0,NA,NA,NA,NA,NA,NA,NA,521_T4_TP_20250827,1,1,NA,NA,NA,NA,NA,0,NA,DCIM/context_n20250623113840968.jpg,DCIM/context_e20250623113830509.jpg,DCIM/context_s20250623113823976.jpg,DCIM/context_w20250623113812777.jpg,2025-06-23T11:37:41Z,15.70177048,49.21161048,DCIM/plot_e_20250623113504398.jpg,DCIM/plot_n_20250623113513826.jpg,TRUE,144,5,3,3
18,SM,small,NA,1,NA,0,0,0,NA,NA,NA,NA,0,NA,NA,0,NA,NA,0,NA,NA,NA,NA,NA,NA,NA,521_T4_TP_20250827,1,1,NA,NA,NA,NA,NA,0,NA,DCIM/context_n20250623113840968.jpg,DCIM/context_e20250623113830509.jpg,DCIM/context_s20250623113823976.jpg,DCIM/context_w20250623113812777.jpg,2025-06-23T11:37:41Z,15.70177048,49.21161048,DCIM/plot_e_20250623113504398.jpg,DCIM/plot_n_20250623113513826.jpg,TRUE,144,5,NA,NA
19,BO,advanced,2–4,1,NA,0,0,0,NA,NA,NA,NA,0,NA,NA,0,NA,NA,0,NA,NA,NA,NA,NA,NA,NA,522_T2_AH_20250827,NA,1,NA,NA,NA,NA,NA,0,NA,DCIM/context_n20250724170005220.jpg,DCIM/context_e20250724170000943.jpg,DCIM/context_s20250724165955831.jpg,DCIM/context_w20250724165950306.jpg,2025-07-24T16:53:22Z,15.42023136,49.63964172,DCIM/plot_e_20250724165413008.jpg,DCIM/plot_n_20250724165422649.jpg,TRUE,82,5,3,3
19,BO,small,1.3–2.0,10,NA,1,10,100,1,olistení,NA,NA,0,0-20,9,10,0-20,NA,0,NA,NA,NA,NA,NA,NA,T2522OBO4,522_T2_AH_20250827,NA,1,NA,NA,NA,NA,NA,0,NA,DCIM/context_n20250724170005220.jpg,DCIM/context_e20250724170000943.jpg,DCIM/context_s20250724165955831.jpg,DCIM/context_w20250724165950306.jpg,2025-07-24T16:53:22Z,15.42023136,49.63964172,DCIM/plot_e_20250724165413008.jpg,DCIM/plot_n_20250724165422649.jpg,TRUE,82,5,1.7,1.7
10,BR,small,1.3–2.0,2,NA,0,0,0,NA,NA,NA,NA,0,NA,NA,0,NA,NA,0,NA,NA,NA,NA,NA,NA,NA,522_T2_AH_20250827,NA,1,NA,NA,NA,NA,NA,0,NA,DCIM/context_n20250724170005220.jpg,DCIM/context_e20250724170000943.jpg,DCIM/context_s20250724165955831.jpg,DCIM/context_w20250724165950306.jpg,2025-07-24T16:53:22Z,15.42023136,49.63964172,DCIM/plot_e_20250724165413008.jpg,DCIM/plot_n_20250724165422649.jpg,TRUE,82,5,1.7,1.7
24,DB,small,0.2–0.4,1,NA,0,0,0,NA,NA,NA,NA,0,NA,NA,0,NA,NA,0,NA,NA,NA,NA,NA,NA,NA,522_T2_AH_20250827,NA,1,NA,NA,NA,NA,NA,0,NA,DCIM/context_n20250724170005220.jpg,DCIM/context_e20250724170000943.jpg,DCIM/context_s20250724165955831.jpg,DCIM/context_w20250724165950306.jpg,2025-07-24T16:53:22Z,15.42023136,49.63964172,DCIM/plot_e_20250724165413008.jpg,DCIM/plot_n_20250724165422649.jpg,TRUE,82,5,0.3,0.3
18,SM,advanced,>4,2,NA,0,0,0,NA,NA,NA,NA,0,NA,NA,0,NA,NA,0,NA,NA,NA,NA,NA,NA,NA,522_T4_TP_20250827,NA,1,NA,NA,NA,NA,NA,0,NA,DCIM/context_n20250623114525245.jpg,DCIM/context_e20250623114512356.jpg,DCIM/context_s20250623114507669.jpg,DCIM/context_w20250623114459441.jpg,2025-06-23T11:44:27Z,15.7017482,49.21143088,DCIM/plot_e_20250623114137552.jpg,DCIM/plot_n_20250623114146850.jpg,TRUE,144,5,5,5
18,SM,small,0.6–0.8,1,NA,1,1,100,1,terminal,chybajuci,NA,1,NA,NA,0,NA,NA,0,NA,NA,NA,NA,NA,NA,NA,522_T4_TP_20250827,NA,1,NA,NA,NA,NA,NA,0,NA,DCIM/context_n20250623114525245.jpg,DCIM/context_e20250623114512356.jpg,DCIM/context_s20250623114507669.jpg,DCIM/context_w20250623114459441.jpg,2025-06-23T11:44:27Z,15.7017482,49.21143088,DCIM/plot_e_20250623114137552.jpg,DCIM/plot_n_20250623114146850.jpg,TRUE,144,5,0.7,0.7
10,BR,small,1.3–2.0,2,NA,0,0,0,NA,NA,NA,NA,0,NA,NA,0,NA,NA,0,NA,NA,NA,NA,NA,NA,NA,523_T2_AH_20250827,1,1,NA,NA,NA,1,1,0,NA,DCIM/context_n20250724170813678.jpg,DCIM/context_e20250724170803502.jpg,DCIM/context_s20250724170758691.jpg,DCIM/context_w20250724170752445.jpg,2025-07-24T17:07:24Z,15.41995625,49.63965651,DCIM/plot_e_20250724170613185.jpg,DCIM/plot_n_20250724170626452.jpg,TRUE,82,5,1.7,1.7
19,BO,small,0.8–1.0,3,NA,0,0,0,NA,NA,NA,NA,0,NA,NA,0,NA,NA,0,NA,NA,NA,NA,NA,NA,NA,523_T2_AH_20250827,1,1,NA,NA,NA,1,1,0,NA,DCIM/context_n20250724170813678.jpg,DCIM/context_e20250724170803502.jpg,DCIM/context_s20250724170758691.jpg,DCIM/context_w20250724170752445.jpg,2025-07-24T17:07:24Z,15.41995625,49.63965651,DCIM/plot_e_20250724170613185.jpg,DCIM/plot_n_20250724170626452.jpg,TRUE,82,5,0.9,0.9
10,BR,small,1.3–2.0,4,NA,0,0,0,NA,NA,NA,NA,0,NA,NA,0,NA,NA,0,NA,NA,NA,NA,NA,NA,NA,524_T2_AH_20250827,NA,1,NA,NA,1,1,0,0,NA,DCIM/context_n20250724171300581.jpg,DCIM/context_e20250724171255435.jpg,DCIM/context_s20250724171251075.jpg,DCIM/context_w20250724171246081.jpg,2025-07-24T17:12:10Z,15.41992882,49.63947377,DCIM/plot_e_20250724171059574.jpg,DCIM/plot_n_20250724171106940.jpg,TRUE,82,5,1.7,1.7
19,BO,small,0.2–0.4,1,NA,0,0,0,NA,NA,NA,NA,0,NA,NA,0,NA,NA,0,NA,NA,NA,NA,NA,NA,NA,524_T2_AH_20250827,NA,1,NA,NA,1,1,0,0,NA,DCIM/context_n20250724171300581.jpg,DCIM/context_e20250724171255435.jpg,DCIM/context_s20250724171251075.jpg,DCIM/context_w20250724171246081.jpg,2025-07-24T17:12:10Z,15.41992882,49.63947377,DCIM/plot_e_20250724171059574.jpg,DCIM/plot_n_20250724171106940.jpg,TRUE,82,5,0.3,0.3
24,DB,small,0.4–0.6,1,NA,0,0,0,NA,NA,NA,NA,0,NA,NA,0,NA,NA,0,NA,NA,NA,NA,NA,NA,NA,525_T2_AH_20250827,NA,1,NA,NA,NA,NA,1,1,Oplocenka,DCIM/context_n20250807083513420.jpg,DCIM/context_e20250807083501254.jpg,DCIM/context_s20250807083455270.jpg,DCIM/context_w20250807083446987.jpg,2025-08-07T08:33:49Z,15.91786887,49.1724243,DCIM/plot_e_20250807083235248.jpg,DCIM/plot_n_20250807083249618.jpg,TRUE,83,5,0.5,0.5
17,MD,small,0.6–0.8,1,NA,0,0,0,NA,NA,NA,NA,0,NA,NA,0,NA,NA,0,NA,NA,NA,NA,NA,NA,NA,525_T4_TP_20250827,NA,1,NA,NA,NA,NA,1,0,NA,DCIM/context_n20250623133702641.jpg,DCIM/context_e20250623133657213.jpg,DCIM/context_s20250623133652804.jpg,DCIM/context_w20250623133647734.jpg,2025-06-23T13:36:03Z,15.88270916,49.3306635,DCIM/plot_e_20250623132438693.jpg,DCIM/plot_n_20250623132446427.jpg,TRUE,145,5,0.7,0.7
19,BO,small,0.4–0.6,1,NA,0,0,0,NA,NA,NA,NA,0,NA,NA,0,NA,NA,0,NA,NA,NA,NA,NA,NA,NA,525_T4_TP_20250827,NA,1,NA,NA,NA,NA,1,0,NA,DCIM/context_n20250623133702641.jpg,DCIM/context_e20250623133657213.jpg,DCIM/context_s20250623133652804.jpg,DCIM/context_w20250623133647734.jpg,2025-06-23T13:36:03Z,15.88270916,49.3306635,DCIM/plot_e_20250623132438693.jpg,DCIM/plot_n_20250623132446427.jpg,TRUE,145,5,0.5,0.5
13,BK,small,0.4–0.6,1,NA,0,0,0,NA,NA,NA,NA,0,NA,NA,0,NA,NA,0,NA,NA,NA,NA,NA,NA,NA,525_T4_TP_20250827,NA,1,NA,NA,NA,NA,1,0,NA,DCIM/context_n20250623133702641.jpg,DCIM/context_e20250623133657213.jpg,DCIM/context_s20250623133652804.jpg,DCIM/context_w20250623133647734.jpg,2025-06-23T13:36:03Z,15.88270916,49.3306635,DCIM/plot_e_20250623132438693.jpg,DCIM/plot_n_20250623132446427.jpg,TRUE,145,5,0.5,0.5
18,SM,small,0.2–0.4,1,NA,1,1,100,1,olistení,NA,NA,0,20-40,NA,1,60-80,NA,0,NA,NA,NA,NA,NA,NA,T4525OSM4,525_T4_TP_20250827,NA,1,NA,NA,NA,NA,1,0,NA,DCIM/context_n20250623133702641.jpg,DCIM/context_e20250623133657213.jpg,DCIM/context_s20250623133652804.jpg,DCIM/context_w20250623133647734.jpg,2025-06-23T13:36:03Z,15.88270916,49.3306635,DCIM/plot_e_20250623132438693.jpg,DCIM/plot_n_20250623132446427.jpg,TRUE,145,5,0.3,0.3
28,VRX,small,0.4–0.6,1,NA,1,1,100,1,terminal,odumrety,NA,1,NA,NA,0,NA,NA,0,NA,NA,NA,NA,NA,NA,NA,525_T4_TP_20250827,NA,1,NA,NA,NA,NA,1,0,NA,DCIM/context_n20250623133702641.jpg,DCIM/context_e20250623133657213.jpg,DCIM/context_s20250623133652804.jpg,DCIM/context_w20250623133647734.jpg,2025-06-23T13:36:03Z,15.88270916,49.3306635,DCIM/plot_e_20250623132438693.jpg,DCIM/plot_n_20250623132446427.jpg,TRUE,145,5,0.5,0.5
24,DB,small,0.2–0.4,1,NA,0,0,0,NA,NA,NA,NA,0,NA,NA,0,NA,NA,0,NA,NA,NA,NA,NA,NA,NA,526_T2_AH_20250827,NA,1,NA,NA,NA,NA,1,1,Oplocenka,DCIM/context_n20250807084108765.jpg,DCIM/context_e20250807084101066.jpg,DCIM/context_s20250807084052249.jpg,DCIM/context_w20250807084042815.jpg,2025-08-07T08:40:12Z,15.91764406,49.17262832,DCIM/plot_e_20250807083909213.jpg,DCIM/plot_n_20250807083920667.jpg,TRUE,83,5,0.3,0.3
18,SM,small,0.2–0.4,1,NA,0,0,0,NA,NA,NA,NA,0,NA,NA,0,NA,NA,0,NA,NA,NA,NA,NA,NA,NA,526_T4_TP_20250827,NA,1,NA,NA,NA,NA,NA,0,NA,DCIM/context_n20250623134151053.jpg,DCIM/context_e20250623134145599.jpg,DCIM/context_s20250623134140463.jpg,DCIM/context_w20250623134135796.jpg,2025-06-23T13:40:47Z,15.88298081,49.33064192,DCIM/plot_e_20250623133926080.jpg,DCIM/plot_n_20250623133935159.jpg,TRUE,145,5,0.3,0.3
24,DB,small,0.4–0.6,1,NA,0,0,0,NA,NA,NA,NA,0,NA,NA,0,NA,NA,0,NA,NA,NA,NA,NA,NA,NA,527_T2_AH_20250827,NA,1,NA,NA,NA,NA,1,1,Oplocenka,DCIM/context_n20250807084620938.jpg,DCIM/context_e20250807084615953.jpg,DCIM/context_s20250807084610536.jpg,DCIM/context_w20250807084603671.jpg,2025-08-07T08:45:40Z,15.91793016,49.17263482,DCIM/plot_e_20250807084437399.jpg,DCIM/plot_n_20250807084448552.jpg,TRUE,83,5,0.5,0.5
24,DB,small,0.4–0.6,1,NA,0,0,0,NA,NA,NA,NA,0,NA,NA,0,NA,NA,0,NA,NA,NA,NA,NA,NA,NA,528_T2_AH_20250827,NA,1,NA,NA,NA,NA,1,1,Oplocenka,DCIM/context_n20250807085303098.jpg,DCIM/context_e20250807085257713.jpg,DCIM/context_s20250807085252247.jpg,DCIM/context_w20250807085246865.jpg,2025-08-07T08:52:29Z,15.91822719,49.17261742,DCIM/plot_e_20250807085109243.jpg,DCIM/plot_n_20250807085121977.jpg,TRUE,83,5,0.5,0.5
24,DB,small,0.2–0.4,2,NA,0,0,0,NA,NA,NA,NA,0,NA,NA,0,NA,NA,0,NA,NA,NA,NA,NA,NA,NA,529_T2_AH_20250827,NA,1,NA,NA,NA,NA,1,1,Oplocenka,DCIM/context_n20250807085907755.jpg,DCIM/context_e20250807085901473.jpg,DCIM/context_s20250807085856391.jpg,DCIM/context_w20250807085848272.jpg,2025-08-07T08:58:29Z,15.91799571,49.17280568,DCIM/plot_e_20250807085706617.jpg,DCIM/plot_n_20250807085723468.jpg,TRUE,83,5,0.3,0.3
18,SM,small,0.4–0.6,1,NA,1,1,100,1,terminal,chybajuci,NA,1,NA,NA,0,NA,NA,0,NA,NA,NA,NA,NA,NA,NA,529_T4_TP_20250827,NA,1,NA,NA,NA,NA,1,0,Val z klestu,DCIM/context_n20250623140151940.jpg,DCIM/context_e20250623140147319.jpg,DCIM/context_s20250623140141970.jpg,DCIM/context_w20250623140136427.jpg,2025-06-23T14:00:14Z,15.88292059,49.33046587,DCIM/plot_e_20250623135738219.jpg,DCIM/plot_n_20250623135748897.jpg,TRUE,145,5,0.5,0.5
4,KL,advanced,2–4,1,NA,1,1,100,1,olistení,NA,NA,0,60-80,NA,1,0-20,NA,0,NA,NA,NA,NA,NA,NA,T2530PJV4,530_T2_AH_20250827,NA,1,NA,NA,NA,NA,NA,0,NA,DCIM/context_n20250807093104108.jpg,DCIM/context_e20250807093058793.jpg,DCIM/context_s20250807093052180.jpg,DCIM/context_w20250807093045059.jpg,2025-08-07T09:30:10Z,15.92303251,49.17145602,DCIM/plot_e_20250807092704428.jpg,DCIM/plot_n_20250807092717531.jpg,TRUE,84,5,3,3
18,SM,small,0.2–0.4,2,NA,1,2,100,1,olistení,NA,NA,0,20-40,1,2,60-80,NA,0,NA,NA,NA,NA,NA,NA,T4530OSM4,530_T4_TP_20250827,NA,1,NA,NA,NA,NA,1,1,NA,DCIM/context_n20250623143624339.jpg,DCIM/context_e20250623143619854.jpg,DCIM/context_s20250623143615497.jpg,DCIM/context_w20250623143608879.jpg,2025-06-23T14:35:24Z,15.76359125,49.38570942,DCIM/plot_e_20250623143102346.jpg,DCIM/plot_n_20250623143110536.jpg,TRUE,146,5,0.3,0.3
18,SM,small,0.4–0.6,3,NA,0,0,0,NA,NA,NA,NA,0,NA,NA,0,NA,NA,0,NA,NA,NA,NA,NA,NA,NA,531_T4_TP_20250827,NA,1,NA,NA,NA,NA,1,1,NA,DCIM/context_n20250623144048099.jpg,DCIM/context_e20250623144042969.jpg,DCIM/context_s20250623144037669.jpg,DCIM/context_w20250623144032150.jpg,2025-06-23T14:40:00Z,15.76331464,49.38571927,DCIM/plot_e_20250623143818132.jpg,DCIM/plot_n_20250623143826044.jpg,TRUE,146,5,0.5,0.5
13,BK,small,1.0–1.3,2,NA,1,2,100,1,olistení,NA,NA,0,0-20,1,2,40-60,NA,0,NA,NA,NA,NA,NA,NA,NA,532_T2_AH_20250827,NA,1,1,NA,1,1,1,1,Oplocenka,DCIM/context_n20250807101451883.jpg,DCIM/context_e20250807101446070.jpg,DCIM/context_s20250807101441398.jpg,DCIM/context_w20250807101432771.jpg,2025-08-07T10:14:07Z,15.92843676,49.17063241,DCIM/plot_e_20250807110002788.jpg,DCIM/plot_n_20250807110012613.jpg,TRUE,85,5,1.2,1.2
18,SM,small,0.6–0.8,2,NA,0,0,0,NA,NA,NA,NA,0,NA,NA,0,NA,NA,0,NA,NA,NA,NA,NA,NA,NA,532_T4_TP_20250827,NA,1,NA,NA,NA,NA,1,1,NA,DCIM/context_n20250623144711923.jpg,DCIM/context_e20250623144706217.jpg,DCIM/context_s20250623144659980.jpg,DCIM/context_w20250623144653941.jpg,2025-06-23T14:46:22Z,15.76329603,49.38554119,DCIM/plot_e_20250623144246943.jpg,DCIM/plot_n_20250623144256602.jpg,TRUE,146,5,0.7,0.7
28,VRX,small,1.3–2.0,2,NA,1,1,50,1,kmen,NA,NA,0,NA,NA,0,NA,cerstve,1,zver,0-20,0-10,NA,NA,NA,NA,532_T4_TP_20250827,NA,1,NA,NA,NA,NA,1,1,NA,DCIM/context_n20250623144711923.jpg,DCIM/context_e20250623144706217.jpg,DCIM/context_s20250623144659980.jpg,DCIM/context_w20250623144653941.jpg,2025-06-23T14:46:22Z,15.76329603,49.38554119,DCIM/plot_e_20250623144246943.jpg,DCIM/plot_n_20250623144256602.jpg,TRUE,146,5,1.7,1.7
18,SM,small,0.4–0.6,1,NA,1,1,100,1,olistení,NA,NA,0,60-80,NA,1,60-80,NA,0,NA,NA,NA,NA,NA,NA,NA,533_T4_TP_20250827,NA,1,NA,NA,NA,NA,1,1,NA,DCIM/context_n20250623145211489.jpg,DCIM/context_e20250623145206711.jpg,DCIM/context_s20250623145200857.jpg,DCIM/context_w20250623145155177.jpg,2025-06-23T14:51:30Z,15.76304273,49.38573004,DCIM/plot_e_20250623144939989.jpg,DCIM/plot_n_20250623144947767.jpg,TRUE,146,5,0.5,0.5
13,BK,small,0.4–0.6,1,NA,0,0,0,NA,NA,NA,NA,0,NA,NA,0,NA,NA,0,NA,NA,NA,NA,NA,NA,NA,534_T2_AH_20250827,NA,1,1,NA,NA,NA,1,1,Oplocenka,DCIM/context_n20250807111146115.jpg,DCIM/context_e20250807111140732.jpg,DCIM/context_s20250807111127332.jpg,DCIM/context_w20250807111120868.jpg,2025-08-07T11:10:53Z,15.92841137,49.1704496,DCIM/plot_e_20250807111010668.jpg,DCIM/plot_n_20250807111016346.jpg,TRUE,85,5,0.5,0.5
18,SM,small,0.4–0.6,2,NA,1,2,100,1,olistení,NA,NA,0,40-60,1,2,60-80,NA,0,NA,NA,NA,NA,NA,NA,NA,534_T4_TP_20250827,NA,1,1,NA,NA,NA,1,1,NA,DCIM/context_n20250623145801446.jpg,DCIM/context_e20250623145756428.jpg,DCIM/context_s20250623145751849.jpg,DCIM/context_w20250623145746392.jpg,2025-06-23T14:57:03Z,15.76331585,49.38589857,DCIM/plot_e_20250623145427258.jpg,DCIM/plot_n_20250623145435896.jpg,TRUE,146,5,0.5,0.5
17,MD,small,0.8–1.0,1,NA,0,0,0,NA,NA,NA,NA,0,NA,NA,0,NA,NA,0,NA,NA,NA,NA,NA,NA,NA,535_T4_TP_20250827,NA,1,NA,NA,1,1,1,1,Oplocenka,DCIM/context_n20250624073502968.jpg,DCIM/context_e20250624073455728.jpg,DCIM/context_s20250624073449159.jpg,DCIM/context_w20250624073441108.jpg,2025-06-24T07:33:41Z,16.78872694,49.69152674,DCIM/plot_e_20250624072536913.jpg,DCIM/plot_n_20250624072552535.jpg,TRUE,147,6,0.9,0.9
24,DB,small,1.3–2.0,1,NA,1,1,100,1,olistení,NA,NA,0,0-20,NA,1,40-60,NA,0,NA,NA,NA,NA,NA,NA,Okus,535_T4_TP_20250827,NA,1,NA,NA,1,1,1,1,Oplocenka,DCIM/context_n20250624073502968.jpg,DCIM/context_e20250624073455728.jpg,DCIM/context_s20250624073449159.jpg,DCIM/context_w20250624073441108.jpg,2025-06-24T07:33:41Z,16.78872694,49.69152674,DCIM/plot_e_20250624072536913.jpg,DCIM/plot_n_20250624072552535.jpg,TRUE,147,6,1.7,1.7
18,SM,small,0.2–0.4,1,NA,1,1,100,1,terminal,chybajuci,NA,1,NA,NA,0,NA,NA,0,NA,NA,NA,NA,NA,NA,NA,535_T4_TP_20250827,NA,1,NA,NA,1,1,1,1,Oplocenka,DCIM/context_n20250624073502968.jpg,DCIM/context_e20250624073455728.jpg,DCIM/context_s20250624073449159.jpg,DCIM/context_w20250624073441108.jpg,2025-06-24T07:33:41Z,16.78872694,49.69152674,DCIM/plot_e_20250624072536913.jpg,DCIM/plot_n_20250624072552535.jpg,TRUE,147,6,0.3,0.3
28,VRX,small,0.6–0.8,1,NA,1,1,100,1,terminal,chybajuci,NA,1,NA,NA,0,NA,NA,0,NA,NA,NA,NA,Okus,NA,NA,535_T4_TP_20250827,NA,1,NA,NA,1,1,1,1,Oplocenka,DCIM/context_n20250624073502968.jpg,DCIM/context_e20250624073455728.jpg,DCIM/context_s20250624073449159.jpg,DCIM/context_w20250624073441108.jpg,2025-06-24T07:33:41Z,16.78872694,49.69152674,DCIM/plot_e_20250624072536913.jpg,DCIM/plot_n_20250624072552535.jpg,TRUE,147,6,0.7,0.7
18,SM,advanced,2–4,1,NA,1,1,100,1,olistení,NA,NA,0,0-20,NA,1,0-20,NA,0,NA,NA,NA,NA,NA,NA,NA,536_T4_TP_20250827,NA,1,NA,NA,1,NA,1,1,NA,DCIM/context_n20250624074700282.jpg,DCIM/context_e20250624074652758.jpg,DCIM/context_s20250624074646702.jpg,DCIM/context_w20250624074637521.jpg,2025-06-24T07:45:47Z,16.78875156,49.69170582,DCIM/plot_e_20250624074228057.jpg,DCIM/plot_n_20250624074238247.jpg,TRUE,147,6,3,3
18,SM,small,1.3–2.0,3,NA,0,0,0,NA,NA,NA,NA,0,NA,NA,0,NA,NA,0,NA,NA,NA,NA,NA,NA,NA,536_T4_TP_20250827,NA,1,NA,NA,1,NA,1,1,NA,DCIM/context_n20250624074700282.jpg,DCIM/context_e20250624074652758.jpg,DCIM/context_s20250624074646702.jpg,DCIM/context_w20250624074637521.jpg,2025-06-24T07:45:47Z,16.78875156,49.69170582,DCIM/plot_e_20250624074228057.jpg,DCIM/plot_n_20250624074238247.jpg,TRUE,147,6,1.7,1.7
24,DB,small,0.2–0.4,1,NA,0,0,0,NA,NA,NA,NA,0,NA,NA,0,NA,NA,0,NA,NA,NA,NA,NA,NA,NA,537_T4_TP_20250827,NA,1,NA,NA,NA,NA,1,1,Oplocenka,DCIM/context_n20250624075618605.jpg,DCIM/context_e20250624075612658.jpg,DCIM/context_s20250624075606524.jpg,DCIM/context_w20250624075600914.jpg,2025-06-24T07:55:03Z,16.78902565,49.69168762,DCIM/plot_e_20250624075341527.jpg,DCIM/plot_n_20250624075354012.jpg,TRUE,147,6,0.3,0.3
30,JR,small,0.4–0.6,5,NA,0,0,0,NA,NA,NA,NA,0,NA,NA,0,NA,NA,0,NA,NA,NA,NA,NA,NA,NA,538_T2_AH_20250827,NA,1,1,NA,1,NA,NA,1,Oplocenka,DCIM/context_n20250807122550928.jpg,DCIM/context_e20250807122545895.jpg,DCIM/context_s20250807122537763.jpg,DCIM/context_w20250807122531712.jpg,2025-08-07T12:25:02Z,16.0014492,49.17576138,DCIM/plot_e_20250807122343792.jpg,DCIM/plot_n_20250807122353760.jpg,TRUE,86,5,0.5,0.5
18,SM,small,1.0–1.3,1,NA,0,0,0,NA,NA,NA,NA,0,NA,NA,0,NA,NA,0,NA,NA,NA,NA,NA,NA,NA,538_T4_TP_20250827,NA,1,NA,NA,NA,NA,1,1,NA,DCIM/context_n20250624080333941.jpg,DCIM/context_e20250624080329105.jpg,DCIM/context_s20250624080323346.jpg,DCIM/context_w20250624080316207.jpg,2025-06-24T08:02:27Z,16.78877753,49.69188508,DCIM/plot_e_20250624080109192.jpg,DCIM/plot_n_20250624080127269.jpg,TRUE,147,6,1.2,1.2
33,LP,mature,NA,1,10–20cm,0,0,0,NA,NA,NA,NA,0,NA,NA,0,NA,NA,0,NA,NA,NA,NA,NA,NA,NA,540_T2_AH_20250827,NA,NA,NA,NA,1,NA,NA,0,NA,DCIM/context_n20250807124053867.jpg,DCIM/context_e20250807124048351.jpg,DCIM/context_s20250807124043885.jpg,DCIM/context_w20250807124039290.jpg,2025-08-07T12:40:19Z,15.99590586,49.17317075,DCIM/plot_e_20250807123903183.jpg,DCIM/plot_n_20250807123909848.jpg,TRUE,87,5,10,15
18,SM,small,1.3–2.0,1,NA,0,0,0,NA,NA,NA,NA,0,NA,NA,0,NA,NA,0,NA,NA,NA,NA,NA,NA,NA,540_T4_TP_20250827,NA,1,NA,NA,NA,NA,1,1,NA,DCIM/context_n20250624081240743.jpg,DCIM/context_e20250624081235108.jpg,DCIM/context_s20250624081229714.jpg,DCIM/context_w20250624081223303.jpg,2025-06-24T08:11:42Z,16.78847588,49.6917236,DCIM/plot_e_20250624081033983.jpg,DCIM/plot_n_20250624081045331.jpg,TRUE,147,6,1.7,1.7
18,SM,small,1.3–2.0,3,NA,1,0,0,1,olistení,NA,NA,0,NA,NA,0,NA,NA,0,NA,NA,NA,NA,NA,NA,Okus,541_T4_TP_20250827,NA,1,NA,NA,1,NA,1,1,NA,DCIM/context_n20250624091535655.jpg,DCIM/context_e20250624091529811.jpg,DCIM/context_s20250624091520936.jpg,DCIM/context_w20250624091514897.jpg,2025-06-24T09:13:22Z,16.78807959,49.60782339,DCIM/plot_e_20250624091028918.jpg,DCIM/plot_n_20250624091035426.jpg,TRUE,148,5,1.7,1.7
17,MD,mature,NA,1,10–20cm,0,0,0,NA,NA,NA,NA,0,NA,NA,0,NA,NA,0,NA,NA,NA,NA,NA,NA,NA,542_T2_AH_20250827,NA,1,0,NA,1,NA,NA,0,NA,DCIM/context_n20250807125139717.jpg,DCIM/context_e20250807125130417.jpg,DCIM/context_s20250807125125633.jpg,DCIM/context_w20250807125119152.jpg,2025-08-07T12:50:52Z,15.99592375,49.17335104,DCIM/plot_e_20250807124932412.jpg,DCIM/plot_n_20250807124946215.jpg,TRUE,87,5,10,15
17,MD,small,0.4–0.6,1,NA,0,0,0,NA,NA,NA,NA,0,NA,NA,0,NA,NA,0,NA,NA,NA,NA,NA,NA,NA,542_T2_AH_20250827,NA,1,0,NA,1,NA,NA,0,NA,DCIM/context_n20250807125139717.jpg,DCIM/context_e20250807125130417.jpg,DCIM/context_s20250807125125633.jpg,DCIM/context_w20250807125119152.jpg,2025-08-07T12:50:52Z,15.99592375,49.17335104,DCIM/plot_e_20250807124932412.jpg,DCIM/plot_n_20250807124946215.jpg,TRUE,87,5,0.5,0.5
18,SM,small,1.3–2.0,2,NA,1,0,0,1,olistení,NA,NA,0,NA,NA,0,NA,NA,0,NA,NA,NA,NA,NA,NA,Okus,543_T4_TP_20250827,1,1,NA,NA,NA,NA,1,1,NA,DCIM/context_n20250624093329092.jpg,DCIM/context_e20250624093322887.jpg,DCIM/context_s20250624093317381.jpg,DCIM/context_w20250624093249548.jpg,2025-06-24T09:32:12Z,16.787804,49.60783793,DCIM/plot_e_20250624092918815.jpg,DCIM/plot_n_20250624092925258.jpg,TRUE,148,5,1.7,1.7
10,BR,small,0.6–0.8,1,NA,0,0,0,NA,NA,NA,NA,0,NA,NA,0,NA,NA,0,NA,NA,NA,NA,NA,NA,NA,543_T4_TP_20250827,1,1,NA,NA,NA,NA,1,1,NA,DCIM/context_n20250624093329092.jpg,DCIM/context_e20250624093322887.jpg,DCIM/context_s20250624093317381.jpg,DCIM/context_w20250624093249548.jpg,2025-06-24T09:32:12Z,16.787804,49.60783793,DCIM/plot_e_20250624092918815.jpg,DCIM/plot_n_20250624092925258.jpg,TRUE,148,5,0.7,0.7
4,KL,advanced,2–4,2,NA,1,2,100,1,olistení,NA,NA,0,0-20,1,2,0-20,NA,0,NA,NA,NA,NA,NA,NA,NA,544_T2_AH_20250827,NA,1,NA,NA,NA,NA,NA,0,NA,DCIM/context_n20250807133256411.jpg,DCIM/context_e20250807133249896.jpg,DCIM/context_s20250807133242697.jpg,DCIM/context_w20250807133235443.jpg,2025-08-07T13:32:01Z,16.03812924,49.24557737,DCIM/plot_e_20250807132946189.jpg,DCIM/plot_n_20250807132952205.jpg,TRUE,88,5,3,3
24,DB,advanced,2–4,1,NA,0,0,0,NA,NA,NA,NA,0,NA,NA,0,NA,NA,0,NA,NA,NA,NA,NA,NA,NA,544_T2_AH_20250827,NA,1,NA,NA,NA,NA,NA,0,NA,DCIM/context_n20250807133256411.jpg,DCIM/context_e20250807133249896.jpg,DCIM/context_s20250807133242697.jpg,DCIM/context_w20250807133235443.jpg,2025-08-07T13:32:01Z,16.03812924,49.24557737,DCIM/plot_e_20250807132946189.jpg,DCIM/plot_n_20250807132952205.jpg,TRUE,88,5,3,3
18,SM,small,0.6–0.8,1,NA,1,1,100,1,terminal,chybajuci,NA,1,NA,NA,0,NA,NA,0,NA,NA,NA,NA,NA,NA,NA,544_T4_TP_20250827,NA,1,NA,NA,NA,NA,1,1,NA,DCIM/context_n20250624094009120.jpg,DCIM/context_e20250624094002392.jpg,DCIM/context_s20250624093955147.jpg,DCIM/context_w20250624093947799.jpg,2025-06-24T09:38:55Z,16.78805463,49.60764363,DCIM/plot_e_20250624093646581.jpg,DCIM/plot_n_20250624093654193.jpg,TRUE,148,5,0.7,0.7
10,BR,advanced,>4,1,NA,0,0,0,NA,NA,NA,NA,0,NA,NA,0,NA,NA,0,NA,NA,NA,NA,NA,NA,NA,545_T2_AH_20250827,NA,1,NA,NA,NA,NA,NA,0,NA,DCIM/context_n20250807134117773.jpg,DCIM/context_e20250807134111774.jpg,DCIM/context_s20250807134107273.jpg,DCIM/context_w20250807134102034.jpg,2025-08-07T13:40:47Z,16.03784111,49.2454108,DCIM/plot_e_20250807133730833.jpg,DCIM/plot_n_20250807133737968.jpg,TRUE,88,5,5,5
30,JR,advanced,>4,1,NA,0,0,0,NA,NA,NA,NA,0,NA,NA,0,NA,NA,0,NA,NA,NA,NA,NA,NA,NA,545_T2_AH_20250827,NA,1,NA,NA,NA,NA,NA,0,NA,DCIM/context_n20250807134117773.jpg,DCIM/context_e20250807134111774.jpg,DCIM/context_s20250807134107273.jpg,DCIM/context_w20250807134102034.jpg,2025-08-07T13:40:47Z,16.03784111,49.2454108,DCIM/plot_e_20250807133730833.jpg,DCIM/plot_n_20250807133737968.jpg,TRUE,88,5,5,5
4,KL,advanced,>4,2,NA,0,0,0,NA,NA,NA,NA,0,NA,NA,0,NA,NA,0,NA,NA,NA,NA,NA,NA,NA,545_T2_AH_20250827,NA,1,NA,NA,NA,NA,NA,0,NA,DCIM/context_n20250807134117773.jpg,DCIM/context_e20250807134111774.jpg,DCIM/context_s20250807134107273.jpg,DCIM/context_w20250807134102034.jpg,2025-08-07T13:40:47Z,16.03784111,49.2454108,DCIM/plot_e_20250807133730833.jpg,DCIM/plot_n_20250807133737968.jpg,TRUE,88,5,5,5
4,KL,small,1.0–1.3,1,NA,0,0,0,NA,NA,NA,NA,0,NA,NA,0,NA,NA,0,NA,NA,NA,NA,NA,NA,NA,545_T2_AH_20250827,NA,1,NA,NA,NA,NA,NA,0,NA,DCIM/context_n20250807134117773.jpg,DCIM/context_e20250807134111774.jpg,DCIM/context_s20250807134107273.jpg,DCIM/context_w20250807134102034.jpg,2025-08-07T13:40:47Z,16.03784111,49.2454108,DCIM/plot_e_20250807133730833.jpg,DCIM/plot_n_20250807133737968.jpg,TRUE,88,5,1.2,1.2
4,KL,advanced,>4,6,NA,0,0,0,NA,NA,NA,NA,0,NA,NA,0,NA,NA,0,NA,NA,NA,NA,NA,NA,NA,546_T2_AH_20250827,1,1,NA,NA,NA,NA,NA,0,NA,DCIM/context_n20250807134539930.jpg,DCIM/context_e20250807134533912.jpg,DCIM/context_s20250807134529029.jpg,DCIM/context_w20250807134523329.jpg,2025-08-07T13:45:03Z,16.03810914,49.24539448,DCIM/plot_e_20250807134352844.jpg,DCIM/plot_n_20250807134403893.jpg,TRUE,88,5,5,5
17,MD,small,1.0–1.3,1,NA,1,1,100,1,kmen,NA,NA,0,NA,NA,0,NA,stare,1,zver,60-80,NA,NA,NA,NA,NA,546_T4_TP_20250827,1,1,NA,NA,NA,NA,NA,0,NA,DCIM/context_n20250624104027656.jpg,DCIM/context_e20250624104022355.jpg,DCIM/context_s20250624104013573.jpg,DCIM/context_w20250624104008211.jpg,2025-06-24T10:39:16Z,16.76820313,49.51552862,DCIM/plot_e_20250624103650437.jpg,DCIM/plot_n_20250624103703744.jpg,TRUE,149,5,1.2,1.2
30,JR,advanced,2–4,1,NA,0,0,0,NA,NA,NA,NA,0,NA,NA,0,NA,NA,0,NA,NA,NA,NA,NA,NA,NA,547_T2_AH_20250827,NA,1,NA,NA,1,NA,NA,0,NA,DCIM/context_n20250807135313174.jpg,DCIM/context_e20250807135303875.jpg,DCIM/context_s20250807135254524.jpg,DCIM/context_w20250807135247724.jpg,2025-08-07T13:52:30Z,16.0380843,49.24521398,DCIM/plot_e_20250807135011736.jpg,DCIM/plot_n_20250807135025053.jpg,TRUE,88,5,3,3
18,SM,advanced,2–4,1,NA,0,0,0,NA,NA,NA,NA,0,NA,NA,0,NA,NA,0,NA,NA,NA,NA,NA,NA,NA,547_T2_AH_20250827,NA,1,NA,NA,1,NA,NA,0,NA,DCIM/context_n20250807135313174.jpg,DCIM/context_e20250807135303875.jpg,DCIM/context_s20250807135254524.jpg,DCIM/context_w20250807135247724.jpg,2025-08-07T13:52:30Z,16.0380843,49.24521398,DCIM/plot_e_20250807135011736.jpg,DCIM/plot_n_20250807135025053.jpg,TRUE,88,5,3,3
4,KL,small,0.6–0.8,1,NA,0,0,0,NA,NA,NA,NA,0,NA,NA,0,NA,NA,0,NA,NA,NA,NA,NA,NA,NA,547_T2_AH_20250827,NA,1,NA,NA,1,NA,NA,0,NA,DCIM/context_n20250807135313174.jpg,DCIM/context_e20250807135303875.jpg,DCIM/context_s20250807135254524.jpg,DCIM/context_w20250807135247724.jpg,2025-08-07T13:52:30Z,16.0380843,49.24521398,DCIM/plot_e_20250807135011736.jpg,DCIM/plot_n_20250807135025053.jpg,TRUE,88,5,0.7,0.7
4,KL,advanced,2–4,2,NA,0,0,0,NA,NA,NA,NA,0,NA,NA,0,NA,NA,0,NA,NA,NA,NA,NA,NA,NA,548_T2_AH_20250827,NA,1,NA,NA,1,NA,NA,0,NA,DCIM/context_n20250807135908568.jpg,DCIM/context_e20250807135855117.jpg,DCIM/context_s20250807135847632.jpg,DCIM/context_w20250807135843183.jpg,2025-08-07T13:58:25Z,16.03838372,49.24537942,DCIM/plot_e_20250807135713129.jpg,DCIM/plot_n_20250807135728280.jpg,TRUE,88,5,3,3
4,KL,small,1.3–2.0,1,NA,0,0,0,NA,NA,NA,NA,0,NA,NA,0,NA,NA,0,NA,NA,NA,NA,NA,NA,NA,548_T2_AH_20250827,NA,1,NA,NA,1,NA,NA,0,NA,DCIM/context_n20250807135908568.jpg,DCIM/context_e20250807135855117.jpg,DCIM/context_s20250807135847632.jpg,DCIM/context_w20250807135843183.jpg,2025-08-07T13:58:25Z,16.03838372,49.24537942,DCIM/plot_e_20250807135713129.jpg,DCIM/plot_n_20250807135728280.jpg,TRUE,88,5,1.7,1.7
17,MD,small,0.8–1.0,1,NA,0,0,0,NA,NA,NA,NA,0,NA,NA,0,NA,NA,0,NA,NA,NA,NA,NA,NA,NA,548_T4_TP_20250827,NA,1,NA,NA,NA,NA,NA,0,NA,DCIM/context_n20250624104830815.jpg,DCIM/context_e20250624104825156.jpg,DCIM/context_s20250624104818649.jpg,DCIM/context_w20250624104813141.jpg,2025-06-24T10:47:47Z,16.76847986,49.5155102,DCIM/plot_e_20250624104626583.jpg,DCIM/plot_n_20250624104634879.jpg,TRUE,149,5,0.9,0.9
17,MD,small,NA,1,NA,0,0,0,NA,NA,NA,NA,0,NA,NA,0,NA,NA,0,NA,NA,NA,NA,NA,NA,NA,549_T4_TP_20250827,NA,1,NA,NA,NA,NA,NA,0,NA,DCIM/context_n20250624105404836.jpg,DCIM/context_e20250624105358478.jpg,DCIM/context_s20250624105353097.jpg,DCIM/context_w20250624105347594.jpg,2025-06-24T10:53:24Z,16.76822946,49.5157069,DCIM/plot_e_20250624105102396.jpg,DCIM/plot_n_20250624105109921.jpg,TRUE,149,5,NA,NA
17,MD,small,1.0–1.3,1,NA,0,0,0,NA,NA,NA,NA,0,NA,NA,0,NA,NA,0,NA,NA,NA,NA,NA,NA,NA,549_T4_TP_20250827,NA,1,NA,NA,NA,NA,NA,0,NA,DCIM/context_n20250624105404836.jpg,DCIM/context_e20250624105358478.jpg,DCIM/context_s20250624105353097.jpg,DCIM/context_w20250624105347594.jpg,2025-06-24T10:53:24Z,16.76822946,49.5157069,DCIM/plot_e_20250624105102396.jpg,DCIM/plot_n_20250624105109921.jpg,TRUE,149,5,1.2,1.2
17,MD,advanced,2–4,2,NA,1,1,50,2,olistení,NA,NA,0,60-80,NA,1,80-100,NA,0,NA,NA,NA,NA,NA,NA,T4550PMD4,550_T4_TP_20250827,NA,1,NA,NA,NA,NA,NA,0,NA,DCIM/context_n20250624111200232.jpg,DCIM/context_e20250624111153181.jpg,DCIM/context_s20250624111146870.jpg,DCIM/context_w20250624111135863.jpg,2025-06-24T11:11:13Z,16.76792835,49.51554515,DCIM/plot_e_20250624105732395.jpg,DCIM/plot_n_20250624105743450.jpg,TRUE,149,5,3,3
17,MD,small,1.3–2.0,11,NA,1,1,9.090909090909092,1,kmen,NA,NA,0,NA,NA,0,NA,cerstve,1,ine bioticke,60-80,NA,NA,NA,NA,NA,550_T4_TP_20250827,NA,1,NA,NA,NA,NA,NA,0,NA,DCIM/context_n20250624111200232.jpg,DCIM/context_e20250624111153181.jpg,DCIM/context_s20250624111146870.jpg,DCIM/context_w20250624111135863.jpg,2025-06-24T11:11:13Z,16.76792835,49.51554515,DCIM/plot_e_20250624105732395.jpg,DCIM/plot_n_20250624105743450.jpg,TRUE,149,5,1.7,1.7
18,SM,small,1.3–2.0,2,NA,1,1,50,1,terminal,zivy,NA,1,NA,NA,0,NA,NA,0,NA,NA,NA,NA,NA,NA,NA,550_T4_TP_20250827,NA,1,NA,NA,NA,NA,NA,0,NA,DCIM/context_n20250624111200232.jpg,DCIM/context_e20250624111153181.jpg,DCIM/context_s20250624111146870.jpg,DCIM/context_w20250624111135863.jpg,2025-06-24T11:11:13Z,16.76792835,49.51554515,DCIM/plot_e_20250624105732395.jpg,DCIM/plot_n_20250624105743450.jpg,TRUE,149,5,1.7,1.7
10,BR,small,1.3–2.0,1,NA,0,0,0,NA,NA,NA,NA,0,NA,NA,0,NA,NA,0,NA,NA,NA,NA,NA,NA,NA,550_T4_TP_20250827,NA,1,NA,NA,NA,NA,NA,0,NA,DCIM/context_n20250624111200232.jpg,DCIM/context_e20250624111153181.jpg,DCIM/context_s20250624111146870.jpg,DCIM/context_w20250624111135863.jpg,2025-06-24T11:11:13Z,16.76792835,49.51554515,DCIM/plot_e_20250624105732395.jpg,DCIM/plot_n_20250624105743450.jpg,TRUE,149,5,1.7,1.7
28,VRX,small,0.8–1.0,1,NA,0,0,0,NA,NA,NA,NA,0,NA,NA,0,NA,NA,0,NA,NA,NA,NA,NA,NA,NA,550_T4_TP_20250827,NA,1,NA,NA,NA,NA,NA,0,NA,DCIM/context_n20250624111200232.jpg,DCIM/context_e20250624111153181.jpg,DCIM/context_s20250624111146870.jpg,DCIM/context_w20250624111135863.jpg,2025-06-24T11:11:13Z,16.76792835,49.51554515,DCIM/plot_e_20250624105732395.jpg,DCIM/plot_n_20250624105743450.jpg,TRUE,149,5,0.9,0.9
30,JR,small,0.6–0.8,1,NA,1,1,100,1,kmen,NA,NA,0,NA,NA,0,NA,stare,1,mechanizace,NA,NA,NA,NA,NA,NA,550_T4_TP_20250827,NA,1,NA,NA,NA,NA,NA,0,NA,DCIM/context_n20250624111200232.jpg,DCIM/context_e20250624111153181.jpg,DCIM/context_s20250624111146870.jpg,DCIM/context_w20250624111135863.jpg,2025-06-24T11:11:13Z,16.76792835,49.51554515,DCIM/plot_e_20250624105732395.jpg,DCIM/plot_n_20250624105743450.jpg,TRUE,149,5,0.7,0.7
10,BR,advanced,2–4,1,NA,0,0,0,NA,NA,NA,NA,0,NA,NA,0,NA,NA,0,NA,NA,NA,NA,NA,NA,NA,551_T2_AH_20250827,1,1,NA,NA,1,NA,NA,0,NA,DCIM/context_n20250807142743840.jpg,DCIM/context_e20250807142738961.jpg,DCIM/context_s20250807142734433.jpg,DCIM/context_w20250807142729504.jpg,2025-08-07T14:27:11Z,16.02286178,49.24910164,DCIM/plot_e_20250807142614456.jpg,DCIM/plot_n_20250807142623060.jpg,TRUE,89,5,3,3
10,BR,small,0.8–1.0,1,NA,0,0,0,NA,NA,NA,NA,0,NA,NA,0,NA,NA,0,NA,NA,NA,NA,NA,NA,NA,551_T2_AH_20250827,1,1,NA,NA,1,NA,NA,0,NA,DCIM/context_n20250807142743840.jpg,DCIM/context_e20250807142738961.jpg,DCIM/context_s20250807142734433.jpg,DCIM/context_w20250807142729504.jpg,2025-08-07T14:27:11Z,16.02286178,49.24910164,DCIM/plot_e_20250807142614456.jpg,DCIM/plot_n_20250807142623060.jpg,TRUE,89,5,0.9,0.9
10,BR,advanced,2–4,1,NA,0,0,0,NA,NA,NA,NA,0,NA,NA,0,NA,NA,0,NA,NA,NA,NA,NA,NA,NA,551_T4_TP_20250827,NA,1,NA,NA,NA,NA,1,1,NA,DCIM/context_n20250624123129648.jpg,DCIM/context_e20250624123123149.jpg,DCIM/context_s20250624123117893.jpg,DCIM/context_w20250624123110435.jpg,2025-06-24T12:30:24Z,16.71084905,49.51011729,DCIM/plot_e_20250624122812386.jpg,DCIM/plot_n_20250624122823229.jpg,TRUE,150,5,3,3
18,SM,small,1.3–2.0,2,NA,0,0,0,NA,NA,NA,NA,0,NA,NA,0,NA,NA,0,NA,NA,NA,NA,NA,NA,NA,551_T4_TP_20250827,NA,1,NA,NA,NA,NA,1,1,NA,DCIM/context_n20250624123129648.jpg,DCIM/context_e20250624123123149.jpg,DCIM/context_s20250624123117893.jpg,DCIM/context_w20250624123110435.jpg,2025-06-24T12:30:24Z,16.71084905,49.51011729,DCIM/plot_e_20250624122812386.jpg,DCIM/plot_n_20250624122823229.jpg,TRUE,150,5,1.7,1.7
18,SM,small,1.3–2.0,1,NA,0,0,0,NA,NA,NA,NA,0,NA,NA,0,NA,NA,0,NA,NA,NA,NA,NA,NA,NA,552_T4_TP_20250827,NA,1,NA,NA,NA,NA,1,1,NA,DCIM/context_n20250624123713414.jpg,DCIM/context_e20250624123705523.jpg,DCIM/context_s20250624123658800.jpg,DCIM/context_w20250624123652410.jpg,2025-06-24T12:36:21Z,16.71057367,49.51013384,DCIM/plot_e_20250624123435185.jpg,DCIM/plot_n_20250624123446316.jpg,TRUE,150,5,1.7,1.7
10,BR,advanced,>4,2,NA,0,0,0,NA,NA,NA,NA,0,NA,NA,0,NA,NA,0,NA,NA,NA,NA,NA,NA,NA,553_T4_TP_20250827,1,1,NA,NA,NA,NA,1,0,NA,DCIM/context_n20250624124548989.jpg,DCIM/context_e20250624124543398.jpg,DCIM/context_s20250624124534292.jpg,DCIM/context_w20250624124521234.jpg,2025-06-24T12:44:16Z,16.71029877,49.51015027,DCIM/plot_e_20250624123954617.jpg,DCIM/plot_n_20250624124023390.jpg,TRUE,150,5,5,5
17,MD,small,1.3–2.0,1,NA,0,0,0,NA,NA,NA,NA,0,NA,NA,0,NA,NA,0,NA,NA,NA,NA,NA,NA,NA,553_T4_TP_20250827,1,1,NA,NA,NA,NA,1,0,NA,DCIM/context_n20250624124548989.jpg,DCIM/context_e20250624124543398.jpg,DCIM/context_s20250624124534292.jpg,DCIM/context_w20250624124521234.jpg,2025-06-24T12:44:16Z,16.71029877,49.51015027,DCIM/plot_e_20250624123954617.jpg,DCIM/plot_n_20250624124023390.jpg,TRUE,150,5,1.7,1.7
19,BO,small,0.8–1.0,1,NA,0,0,0,NA,NA,NA,NA,0,NA,NA,0,NA,NA,0,NA,NA,NA,NA,NA,NA,NA,553_T4_TP_20250827,1,1,NA,NA,NA,NA,1,0,NA,DCIM/context_n20250624124548989.jpg,DCIM/context_e20250624124543398.jpg,DCIM/context_s20250624124534292.jpg,DCIM/context_w20250624124521234.jpg,2025-06-24T12:44:16Z,16.71029877,49.51015027,DCIM/plot_e_20250624123954617.jpg,DCIM/plot_n_20250624124023390.jpg,TRUE,150,5,0.9,0.9
10,BR,small,1.3–2.0,3,NA,0,0,0,NA,NA,NA,NA,0,NA,NA,0,NA,NA,0,NA,NA,NA,NA,NA,NA,NA,553_T4_TP_20250827,1,1,NA,NA,NA,NA,1,0,NA,DCIM/context_n20250624124548989.jpg,DCIM/context_e20250624124543398.jpg,DCIM/context_s20250624124534292.jpg,DCIM/context_w20250624124521234.jpg,2025-06-24T12:44:16Z,16.71029877,49.51015027,DCIM/plot_e_20250624123954617.jpg,DCIM/plot_n_20250624124023390.jpg,TRUE,150,5,1.7,1.7
18,SM,small,1.3–2.0,2,NA,0,0,0,NA,NA,NA,NA,0,NA,NA,0,NA,NA,0,NA,NA,NA,NA,NA,NA,NA,554_T4_TP_20250827,NA,1,NA,NA,NA,NA,1,1,NA,DCIM/context_n20250624125154917.jpg,DCIM/context_e20250624125148564.jpg,DCIM/context_s20250624125142857.jpg,DCIM/context_w20250624125135896.jpg,2025-06-24T12:50:59Z,16.7105983,49.51031254,DCIM/plot_e_20250624124930126.jpg,DCIM/plot_n_20250624124939839.jpg,TRUE,150,5,1.7,1.7
19,BO,small,1.3–2.0,2,NA,1,1,50,2,terminal,odumrety,NA,1,NA,NA,0,NA,NA,0,NA,NA,NA,NA,NA,NA,NA,555_T4_TP_20250827,NA,1,NA,NA,NA,NA,1,1,NA,DCIM/context_n20250624130128020.jpg,DCIM/context_e20250624130119177.jpg,DCIM/context_s20250624130113246.jpg,DCIM/context_w20250624130106967.jpg,2025-06-24T13:00:41Z,16.71054872,49.50995388,DCIM/plot_e_20250624125517501.jpg,DCIM/plot_n_20250624125525799.jpg,TRUE,150,5,1.7,1.7
17,MD,small,1.3–2.0,1,NA,1,1,100,1,kmen,NA,NA,0,NA,NA,0,NA,cerstve,1,zver,20-40,NA,NA,NA,NA,NA,555_T4_TP_20250827,NA,1,NA,NA,NA,NA,1,1,NA,DCIM/context_n20250624130128020.jpg,DCIM/context_e20250624130119177.jpg,DCIM/context_s20250624130113246.jpg,DCIM/context_w20250624130106967.jpg,2025-06-24T13:00:41Z,16.71054872,49.50995388,DCIM/plot_e_20250624125517501.jpg,DCIM/plot_n_20250624125525799.jpg,TRUE,150,5,1.7,1.7
10,BR,small,1.3–2.0,3,NA,0,0,0,NA,NA,NA,NA,0,NA,NA,0,NA,NA,0,NA,NA,NA,NA,NA,NA,NA,555_T4_TP_20250827,NA,1,NA,NA,NA,NA,1,1,NA,DCIM/context_n20250624130128020.jpg,DCIM/context_e20250624130119177.jpg,DCIM/context_s20250624130113246.jpg,DCIM/context_w20250624130106967.jpg,2025-06-24T13:00:41Z,16.71054872,49.50995388,DCIM/plot_e_20250624125517501.jpg,DCIM/plot_n_20250624125525799.jpg,TRUE,150,5,1.7,1.7
28,VRX,small,NA,1,NA,0,0,0,NA,NA,NA,NA,0,NA,NA,0,NA,NA,0,NA,NA,NA,NA,NA,NA,NA,555_T4_TP_20250827,NA,1,NA,NA,NA,NA,1,1,NA,DCIM/context_n20250624130128020.jpg,DCIM/context_e20250624130119177.jpg,DCIM/context_s20250624130113246.jpg,DCIM/context_w20250624130106967.jpg,2025-06-24T13:00:41Z,16.71054872,49.50995388,DCIM/plot_e_20250624125517501.jpg,DCIM/plot_n_20250624125525799.jpg,TRUE,150,5,NA,NA
30,JR,advanced,>4,1,NA,0,0,0,NA,NA,NA,NA,0,NA,NA,0,NA,NA,0,NA,NA,NA,NA,NA,NA,NA,556_T2_AH_20250827,1,1,NA,NA,NA,NA,NA,0,NA,DCIM/context_n20250807153731388.jpg,DCIM/context_e20250807153725724.jpg,DCIM/context_s20250807153714412.jpg,DCIM/context_w20250807153705391.jpg,2025-08-07T15:36:17Z,15.83690041,49.28958844,DCIM/plot_e_20250807153500298.jpg,DCIM/plot_n_20250807153514157.jpg,TRUE,90,5,5,5
30,JR,small,0.4–0.6,1,NA,0,0,0,NA,NA,NA,NA,0,NA,NA,0,NA,NA,0,NA,NA,NA,NA,NA,NA,NA,556_T2_AH_20250827,1,1,NA,NA,NA,NA,NA,0,NA,DCIM/context_n20250807153731388.jpg,DCIM/context_e20250807153725724.jpg,DCIM/context_s20250807153714412.jpg,DCIM/context_w20250807153705391.jpg,2025-08-07T15:36:17Z,15.83690041,49.28958844,DCIM/plot_e_20250807153500298.jpg,DCIM/plot_n_20250807153514157.jpg,TRUE,90,5,0.5,0.5
17,MD,advanced,2–4,1,NA,1,1,100,1,olistení,NA,NA,0,40-60,NA,1,60-80,NA,0,NA,NA,NA,NA,NA,NA,T4556PMD4,556_T4_TP_20250827,NA,1,NA,NA,NA,NA,NA,0,NA,DCIM/context_n20250624135511506.jpg,DCIM/context_e20250624135504519.jpg,DCIM/context_s20250624135459445.jpg,DCIM/context_w20250624135453888.jpg,2025-06-24T13:53:57Z,16.6951849,49.4368751,DCIM/plot_e_20250624134522279.jpg,DCIM/plot_n_20250624134531248.jpg,TRUE,151,5,3,3
30,JR,small,0.6–0.8,1,NA,0,0,0,NA,NA,NA,NA,0,NA,NA,0,NA,NA,0,NA,NA,NA,NA,NA,NA,NA,556_T4_TP_20250827,NA,1,NA,NA,NA,NA,NA,0,NA,DCIM/context_n20250624135511506.jpg,DCIM/context_e20250624135504519.jpg,DCIM/context_s20250624135459445.jpg,DCIM/context_w20250624135453888.jpg,2025-06-24T13:53:57Z,16.6951849,49.4368751,DCIM/plot_e_20250624134522279.jpg,DCIM/plot_n_20250624134531248.jpg,TRUE,151,5,0.7,0.7
20,OS,small,1.3–2.0,2,NA,1,1,50,1,olistení,NA,NA,0,60-80,NA,1,80-100,NA,0,NA,NA,NA,NA,NA,NA,T4556OS4,556_T4_TP_20250827,NA,1,NA,NA,NA,NA,NA,0,NA,DCIM/context_n20250624135511506.jpg,DCIM/context_e20250624135504519.jpg,DCIM/context_s20250624135459445.jpg,DCIM/context_w20250624135453888.jpg,2025-06-24T13:53:57Z,16.6951849,49.4368751,DCIM/plot_e_20250624134522279.jpg,DCIM/plot_n_20250624134531248.jpg,TRUE,151,5,1.7,1.7
18,SM,small,0.2–0.4,2,NA,1,1,50,1,terminal,odumrety,NA,1,NA,NA,0,NA,NA,0,NA,NA,NA,NA,NA,NA,NA,557_T4_TP_20250827,NA,1,NA,NA,1,NA,1,1,NA,DCIM/context_n20250624140427246.jpg,DCIM/context_e20250624140421011.jpg,DCIM/context_s20250624140415549.jpg,DCIM/context_w20250624140408690.jpg,2025-06-24T14:03:31Z,16.69520989,49.43705416,DCIM/plot_e_20250624140117525.jpg,DCIM/plot_n_20250624140126665.jpg,TRUE,151,5,0.3,0.3
30,JR,small,0.4–0.6,1,NA,0,0,0,NA,NA,NA,NA,0,NA,NA,0,NA,NA,0,NA,NA,NA,NA,NA,NA,NA,558_T2_AH_20250827,NA,1,NA,NA,NA,NA,NA,0,NA,DCIM/context_n20250807154641675.jpg,DCIM/context_e20250807154634825.jpg,DCIM/context_s20250807154626623.jpg,DCIM/context_w20250807154618735.jpg,2025-08-07T15:45:43Z,15.83697505,49.28994676,DCIM/plot_e_20250807154431965.jpg,DCIM/plot_n_20250807154456158.jpg,TRUE,90,5,0.5,0.5
13,BK,small,0.4–0.6,1,NA,0,0,0,NA,NA,NA,NA,0,NA,NA,0,NA,NA,0,NA,NA,NA,NA,NA,NA,NA,560_T4_TP_20250827,1,1,NA,NA,1,NA,NA,1,Oplocenka,DCIM/context_n20250624142245100.jpg,DCIM/context_e20250624142238665.jpg,DCIM/context_s20250624142232148.jpg,DCIM/context_w20250624142226598.jpg,2025-06-24T14:21:41Z,16.6949366,49.43707132,DCIM/plot_e_20250624141952797.jpg,DCIM/plot_n_20250624142004146.jpg,TRUE,151,5,0.5,0.5
27,JIV,small,0.4–0.6,10,NA,0,0,0,NA,NA,NA,NA,0,NA,NA,0,NA,NA,0,NA,NA,NA,NA,NA,NA,NA,561_T2_AH_20250827,NA,1,NA,NA,1,1,1,0,NA,DCIM/context_n20250807170135545.jpg,DCIM/context_e20250807170130533.jpg,DCIM/context_s20250807170125806.jpg,DCIM/context_w20250807170119241.jpg,2025-08-07T17:00:50Z,16.04623866,49.29722453,DCIM/plot_e_20250807165808967.jpg,DCIM/plot_n_20250807165817318.jpg,TRUE,91,5,0.5,0.5
10,BR,small,0.6–0.8,1,NA,0,0,0,NA,NA,NA,NA,0,NA,NA,0,NA,NA,0,NA,NA,NA,NA,NA,NA,NA,561_T2_AH_20250827,NA,1,NA,NA,1,1,1,0,NA,DCIM/context_n20250807170135545.jpg,DCIM/context_e20250807170130533.jpg,DCIM/context_s20250807170125806.jpg,DCIM/context_w20250807170119241.jpg,2025-08-07T17:00:50Z,16.04623866,49.29722453,DCIM/plot_e_20250807165808967.jpg,DCIM/plot_n_20250807165817318.jpg,TRUE,91,5,0.7,0.7
24,DB,small,0.4–0.6,1,NA,0,0,0,NA,NA,NA,NA,0,NA,NA,0,NA,NA,0,NA,NA,NA,NA,NA,NA,NA,561_T2_AH_20250827,NA,1,NA,NA,1,1,1,0,NA,DCIM/context_n20250807170135545.jpg,DCIM/context_e20250807170130533.jpg,DCIM/context_s20250807170125806.jpg,DCIM/context_w20250807170119241.jpg,2025-08-07T17:00:50Z,16.04623866,49.29722453,DCIM/plot_e_20250807165808967.jpg,DCIM/plot_n_20250807165817318.jpg,TRUE,91,5,0.5,0.5
19,BO,small,1.3–2.0,2,NA,1,1,50,1,olistení,NA,NA,0,0-20,NA,1,20-40,NA,0,NA,NA,NA,NA,NA,NA,T4561OBO4,561_T4_TP_20250827,NA,1,NA,NA,NA,NA,1,1,NA,DCIM/context_n20250624151142625.jpg,DCIM/context_e20250624151137146.jpg,DCIM/context_s20250624151129410.jpg,DCIM/context_w20250624151123265.jpg,2025-06-24T15:10:37Z,16.48396678,49.45430381,DCIM/plot_e_20250624150319653.jpg,DCIM/plot_n_20250624150327314.jpg,TRUE,152,5,1.7,1.7
13,BK,small,1.0–1.3,1,NA,1,1,100,1,kmen,NA,NA,0,NA,NA,0,NA,cerstve,1,zver,NA,NA,NA,NA,NA,NA,561_T4_TP_20250827,NA,1,NA,NA,NA,NA,1,1,NA,DCIM/context_n20250624151142625.jpg,DCIM/context_e20250624151137146.jpg,DCIM/context_s20250624151129410.jpg,DCIM/context_w20250624151123265.jpg,2025-06-24T15:10:37Z,16.48396678,49.45430381,DCIM/plot_e_20250624150319653.jpg,DCIM/plot_n_20250624150327314.jpg,TRUE,152,5,1.2,1.2
17,MD,small,0.8–1.0,1,NA,0,0,0,NA,NA,NA,NA,0,NA,NA,0,NA,NA,0,NA,NA,NA,NA,NA,NA,NA,561_T4_TP_20250827,NA,1,NA,NA,NA,NA,1,1,NA,DCIM/context_n20250624151142625.jpg,DCIM/context_e20250624151137146.jpg,DCIM/context_s20250624151129410.jpg,DCIM/context_w20250624151123265.jpg,2025-06-24T15:10:37Z,16.48396678,49.45430381,DCIM/plot_e_20250624150319653.jpg,DCIM/plot_n_20250624150327314.jpg,TRUE,152,5,0.9,0.9
18,SM,small,0.8–1.0,1,NA,0,0,0,NA,NA,NA,NA,0,NA,NA,0,NA,NA,0,NA,NA,NA,NA,NA,NA,NA,561_T4_TP_20250827,NA,1,NA,NA,NA,NA,1,1,NA,DCIM/context_n20250624151142625.jpg,DCIM/context_e20250624151137146.jpg,DCIM/context_s20250624151129410.jpg,DCIM/context_w20250624151123265.jpg,2025-06-24T15:10:37Z,16.48396678,49.45430381,DCIM/plot_e_20250624150319653.jpg,DCIM/plot_n_20250624150327314.jpg,TRUE,152,5,0.9,0.9
19,BO,small,0.6–0.8,1,NA,0,0,0,NA,NA,NA,NA,0,NA,NA,0,NA,NA,0,NA,NA,NA,NA,NA,NA,NA,562_T2_AH_20250827,NA,1,NA,NA,NA,NA,NA,0,NA,DCIM/context_n20250813084432152.jpg,DCIM/context_e20250813084426838.jpg,DCIM/context_s20250813084422362.jpg,DCIM/context_w20250813084359490.jpg,2025-08-13T08:43:35Z,15.06496765,49.20271143,DCIM/plot_e_20250813084220683.jpg,DCIM/plot_n_20250813084228052.jpg,TRUE,92,5,0.7,0.7
24,DB,small,0.2–0.4,1,NA,0,0,0,NA,NA,NA,NA,0,NA,NA,0,NA,NA,0,NA,NA,NA,NA,NA,NA,NA,562_T2_AH_20250827,NA,1,NA,NA,NA,NA,NA,0,NA,DCIM/context_n20250813084432152.jpg,DCIM/context_e20250813084426838.jpg,DCIM/context_s20250813084422362.jpg,DCIM/context_w20250813084359490.jpg,2025-08-13T08:43:35Z,15.06496765,49.20271143,DCIM/plot_e_20250813084220683.jpg,DCIM/plot_n_20250813084228052.jpg,TRUE,92,5,0.3,0.3
19,BO,small,1.3–2.0,5,NA,0,0,0,NA,NA,NA,NA,0,NA,NA,0,NA,NA,0,NA,NA,NA,NA,NA,NA,NA,562_T4_TP_20250827,NA,1,NA,NA,NA,NA,NA,0,NA,DCIM/context_n20250624151814444.jpg,DCIM/context_e20250624151807074.jpg,DCIM/context_s20250624151801381.jpg,DCIM/context_w20250624151755514.jpg,2025-06-24T15:17:17Z,16.48398932,49.45448237,DCIM/plot_e_20250624151404057.jpg,DCIM/plot_n_20250624151415105.jpg,TRUE,152,5,1.7,1.7
18,SM,small,0.4–0.6,2,NA,0,0,0,NA,NA,NA,NA,0,NA,NA,0,NA,NA,0,NA,NA,NA,NA,NA,NA,NA,562_T4_TP_20250827,NA,1,NA,NA,NA,NA,NA,0,NA,DCIM/context_n20250624151814444.jpg,DCIM/context_e20250624151807074.jpg,DCIM/context_s20250624151801381.jpg,DCIM/context_w20250624151755514.jpg,2025-06-24T15:17:17Z,16.48398932,49.45448237,DCIM/plot_e_20250624151404057.jpg,DCIM/plot_n_20250624151415105.jpg,TRUE,152,5,0.5,0.5
13,BK,small,0.8–1.0,1,NA,0,0,0,NA,NA,NA,NA,0,NA,NA,0,NA,NA,0,NA,NA,NA,NA,NA,NA,NA,562_T4_TP_20250827,NA,1,NA,NA,NA,NA,NA,0,NA,DCIM/context_n20250624151814444.jpg,DCIM/context_e20250624151807074.jpg,DCIM/context_s20250624151801381.jpg,DCIM/context_w20250624151755514.jpg,2025-06-24T15:17:17Z,16.48398932,49.45448237,DCIM/plot_e_20250624151404057.jpg,DCIM/plot_n_20250624151415105.jpg,TRUE,152,5,0.9,0.9
13,BK,small,0.8–1.0,2,NA,1,1,50,1,terminal,chybajuci,NA,1,NA,NA,0,NA,NA,0,NA,NA,NA,NA,Okus,NA,Okus,563_T4_TP_20250827,NA,1,NA,NA,NA,NA,NA,0,NA,DCIM/context_n20250624152528878.jpg,DCIM/context_e20250624152523873.jpg,DCIM/context_s20250624152518505.jpg,DCIM/context_w20250624152511720.jpg,2025-06-24T15:24:52Z,16.4836924,49.45431917,DCIM/plot_e_20250624152051855.jpg,DCIM/plot_n_20250624152058700.jpg,TRUE,152,5,0.9,0.9
19,BO,small,1.3–2.0,1,NA,0,0,0,NA,NA,NA,NA,0,NA,NA,0,NA,NA,0,NA,NA,NA,NA,NA,NA,NA,563_T4_TP_20250827,NA,1,NA,NA,NA,NA,NA,0,NA,DCIM/context_n20250624152528878.jpg,DCIM/context_e20250624152523873.jpg,DCIM/context_s20250624152518505.jpg,DCIM/context_w20250624152511720.jpg,2025-06-24T15:24:52Z,16.4836924,49.45431917,DCIM/plot_e_20250624152051855.jpg,DCIM/plot_n_20250624152058700.jpg,TRUE,152,5,1.7,1.7
17,MD,small,0.8–1.0,1,NA,0,0,0,NA,NA,NA,NA,0,NA,NA,0,NA,NA,0,NA,NA,NA,NA,NA,NA,NA,563_T4_TP_20250827,NA,1,NA,NA,NA,NA,NA,0,NA,DCIM/context_n20250624152528878.jpg,DCIM/context_e20250624152523873.jpg,DCIM/context_s20250624152518505.jpg,DCIM/context_w20250624152511720.jpg,2025-06-24T15:24:52Z,16.4836924,49.45431917,DCIM/plot_e_20250624152051855.jpg,DCIM/plot_n_20250624152058700.jpg,TRUE,152,5,0.9,0.9
28,VRX,small,0.6–0.8,1,NA,0,0,0,NA,NA,NA,NA,0,NA,NA,0,NA,NA,0,NA,NA,NA,NA,NA,NA,NA,563_T4_TP_20250827,NA,1,NA,NA,NA,NA,NA,0,NA,DCIM/context_n20250624152528878.jpg,DCIM/context_e20250624152523873.jpg,DCIM/context_s20250624152518505.jpg,DCIM/context_w20250624152511720.jpg,2025-06-24T15:24:52Z,16.4836924,49.45431917,DCIM/plot_e_20250624152051855.jpg,DCIM/plot_n_20250624152058700.jpg,TRUE,152,5,0.7,0.7
17,MD,small,1.3–2.0,3,NA,0,0,0,NA,NA,NA,NA,0,NA,NA,0,NA,NA,0,NA,NA,NA,NA,NA,NA,NA,564_T4_TP_20250827,NA,1,NA,NA,NA,NA,1,1,NA,DCIM/context_n20250624153232725.jpg,DCIM/context_e20250624153227430.jpg,DCIM/context_s20250624153220625.jpg,DCIM/context_w20250624153215546.jpg,2025-06-24T15:31:41Z,16.4839418,49.4541246,DCIM/plot_e_20250624152825378.jpg,DCIM/plot_n_20250624152831809.jpg,TRUE,152,5,1.7,1.7
19,BO,small,1.3–2.0,3,NA,0,0,0,NA,NA,NA,NA,0,NA,NA,0,NA,NA,0,NA,NA,NA,NA,NA,NA,NA,564_T4_TP_20250827,NA,1,NA,NA,NA,NA,1,1,NA,DCIM/context_n20250624153232725.jpg,DCIM/context_e20250624153227430.jpg,DCIM/context_s20250624153220625.jpg,DCIM/context_w20250624153215546.jpg,2025-06-24T15:31:41Z,16.4839418,49.4541246,DCIM/plot_e_20250624152825378.jpg,DCIM/plot_n_20250624152831809.jpg,TRUE,152,5,1.7,1.7
13,BK,small,1.3–2.0,1,NA,0,0,0,NA,NA,NA,NA,0,NA,NA,0,NA,NA,0,NA,NA,NA,NA,NA,NA,NA,564_T4_TP_20250827,NA,1,NA,NA,NA,NA,1,1,NA,DCIM/context_n20250624153232725.jpg,DCIM/context_e20250624153227430.jpg,DCIM/context_s20250624153220625.jpg,DCIM/context_w20250624153215546.jpg,2025-06-24T15:31:41Z,16.4839418,49.4541246,DCIM/plot_e_20250624152825378.jpg,DCIM/plot_n_20250624152831809.jpg,TRUE,152,5,1.7,1.7
4,KL,advanced,2–4,2,NA,1,2,100,1,olistení,NA,NA,0,0-20,1,2,0-20,NA,0,NA,NA,NA,NA,NA,NA,NA,565_T2_AH_20250827,NA,1,NA,NA,NA,NA,1,1,Oplocenka,DCIM/context_n20250813091742645.jpg,DCIM/context_e20250813091738001.jpg,DCIM/context_s20250813091731787.jpg,DCIM/context_w20250813091726361.jpg,2025-08-13T09:16:31Z,15.11128454,49.18258596,DCIM/plot_e_20250813091251543.jpg,DCIM/plot_n_20250813091301052.jpg,TRUE,93,5,3,3
4,KL,small,1.3–2.0,6,NA,1,6,100,1,olistení,NA,NA,0,0-20,5,6,0-20,NA,0,NA,NA,NA,NA,NA,NA,T2565OJV4,565_T2_AH_20250827,NA,1,NA,NA,NA,NA,1,1,Oplocenka,DCIM/context_n20250813091742645.jpg,DCIM/context_e20250813091738001.jpg,DCIM/context_s20250813091731787.jpg,DCIM/context_w20250813091726361.jpg,2025-08-13T09:16:31Z,15.11128454,49.18258596,DCIM/plot_e_20250813091251543.jpg,DCIM/plot_n_20250813091301052.jpg,TRUE,93,5,1.7,1.7
19,BO,small,1.3–2.0,3,NA,1,1,33.33333333333333,1,olistení,NA,NA,0,0-20,NA,1,20-40,NA,0,NA,NA,NA,NA,NA,NA,NA,565_T4_TP_20250827,1,1,NA,NA,NA,NA,1,1,NA,DCIM/context_n20250624153940983.jpg,DCIM/context_e20250624153935653.jpg,DCIM/context_s20250624153930499.jpg,DCIM/context_w20250624153925300.jpg,2025-06-24T15:38:36Z,16.48424079,49.4542869,DCIM/plot_e_20250624153445439.jpg,DCIM/plot_n_20250624153454848.jpg,TRUE,152,5,1.7,1.7
13,BK,small,0.8–1.0,2,NA,1,1,50,1,terminal,chybajuci,NA,1,NA,NA,0,NA,NA,0,NA,NA,NA,NA,NA,NA,NA,565_T4_TP_20250827,1,1,NA,NA,NA,NA,1,1,NA,DCIM/context_n20250624153940983.jpg,DCIM/context_e20250624153935653.jpg,DCIM/context_s20250624153930499.jpg,DCIM/context_w20250624153925300.jpg,2025-06-24T15:38:36Z,16.48424079,49.4542869,DCIM/plot_e_20250624153445439.jpg,DCIM/plot_n_20250624153454848.jpg,TRUE,152,5,0.9,0.9
4,KL,small,1.3–2.0,1,NA,1,1,100,1,olistení,NA,NA,0,80-100,NA,1,20-40,NA,0,NA,NA,NA,NA,NA,NA,T2566OJV4,566_T2_AH_20250827,1,1,NA,NA,1,NA,1,1,Oplocenka,DCIM/context_n20250813092331537.jpg,DCIM/context_e20250813092326686.jpg,DCIM/context_s20250813092321710.jpg,DCIM/context_w20250813092314702.jpg,2025-08-13T09:22:41Z,15.11131322,49.18276309,DCIM/plot_e_20250813092013855.jpg,DCIM/plot_n_20250813092021374.jpg,TRUE,93,5,1.7,1.7
7,OL,small,0.8–1.0,1,NA,0,0,0,NA,NA,NA,NA,0,NA,NA,0,NA,NA,0,NA,NA,NA,NA,NA,NA,NA,567_T2_AH_20250827,NA,1,NA,NA,NA,1,1,0,NA,DCIM/context_n20250813095656426.jpg,DCIM/context_e20250813095649728.jpg,DCIM/context_s20250813095644735.jpg,DCIM/context_w20250813095637490.jpg,2025-08-13T09:55:51Z,15.20931307,49.08254027,DCIM/plot_e_20250813095502821.jpg,DCIM/plot_n_20250813095509452.jpg,TRUE,94,5,0.9,0.9
19,BO,small,1.0–1.3,2,NA,0,0,0,NA,NA,NA,NA,0,NA,NA,0,NA,NA,0,NA,NA,NA,NA,NA,NA,NA,567_T4_TP_20250827,NA,1,NA,NA,1,NA,NA,0,NA,DCIM/context_n20250709104740890.jpg,DCIM/context_e20250709104732913.jpg,DCIM/context_s20250709104726423.jpg,DCIM/context_w20250709104716306.jpg,2025-07-09T10:46:37Z,16.32139932,49.19712194,DCIM/plot_e_20250709104445005.jpg,DCIM/plot_n_20250709104453496.jpg,TRUE,153,5,1.2,1.2
7,OL,small,1.3–2.0,1,NA,0,0,0,NA,NA,NA,NA,0,NA,NA,0,NA,NA,0,NA,NA,NA,NA,NA,NA,NA,568_T2_AH_20250827,1,1,NA,NA,NA,1,1,0,NA,DCIM/context_n20250813100028502.jpg,DCIM/context_e20250813100023674.jpg,DCIM/context_s20250813100018846.jpg,DCIM/context_w20250813100013649.jpg,2025-08-13T09:59:52Z,15.20958665,49.08252867,DCIM/plot_e_20250813095859505.jpg,DCIM/plot_n_20250813095913806.jpg,TRUE,94,5,1.7,1.7
10,BR,small,1.3–2.0,1,NA,1,1,100,1,olistení,NA,NA,0,0-20,NA,1,0-20,NA,0,NA,NA,NA,NA,NA,NA,T4568OBR4,568_T4_TP_20250827,NA,1,NA,NA,1,NA,NA,0,NA,DCIM/context_n20250709105608609.jpg,DCIM/context_e20250709105603415.jpg,DCIM/context_s20250709105557906.jpg,DCIM/context_w20250709105550286.jpg,2025-07-09T10:55:16Z,16.32166145,49.19710921,DCIM/plot_e_20250709105107266.jpg,DCIM/plot_n_20250709105115229.jpg,TRUE,153,5,1.7,1.7
7,OL,advanced,2–4,1,NA,0,0,0,NA,NA,NA,NA,0,NA,NA,0,NA,NA,0,NA,NA,NA,NA,NA,NA,NA,569_T2_AH_20250827,NA,1,NA,NA,NA,1,1,0,NA,DCIM/context_n20250813100417502.jpg,DCIM/context_e20250813100412723.jpg,DCIM/context_s20250813100407328.jpg,DCIM/context_w20250813100402098.jpg,2025-08-13T10:03:42Z,15.20959912,49.08270811,DCIM/plot_e_20250813100220570.jpg,DCIM/plot_n_20250813100228105.jpg,TRUE,94,5,3,3
7,OL,small,1.3–2.0,1,NA,0,0,0,NA,NA,NA,NA,0,NA,NA,0,NA,NA,0,NA,NA,NA,NA,NA,NA,NA,569_T2_AH_20250827,NA,1,NA,NA,NA,1,1,0,NA,DCIM/context_n20250813100417502.jpg,DCIM/context_e20250813100412723.jpg,DCIM/context_s20250813100407328.jpg,DCIM/context_w20250813100402098.jpg,2025-08-13T10:03:42Z,15.20959912,49.08270811,DCIM/plot_e_20250813100220570.jpg,DCIM/plot_n_20250813100228105.jpg,TRUE,94,5,1.7,1.7
18,SM,small,0.4–0.6,1,NA,0,0,0,NA,NA,NA,NA,0,NA,NA,0,NA,NA,0,NA,NA,NA,NA,NA,NA,NA,569_T2_AH_20250827,NA,1,NA,NA,NA,1,1,0,NA,DCIM/context_n20250813100417502.jpg,DCIM/context_e20250813100412723.jpg,DCIM/context_s20250813100407328.jpg,DCIM/context_w20250813100402098.jpg,2025-08-13T10:03:42Z,15.20959912,49.08270811,DCIM/plot_e_20250813100220570.jpg,DCIM/plot_n_20250813100228105.jpg,TRUE,94,5,0.5,0.5
7,OL,small,1.3–2.0,1,NA,1,1,100,1,olistení,NA,NA,0,0-20,NA,1,20-40,NA,0,NA,NA,NA,NA,NA,NA,T2570OOL4,570_T2_AH_20250827,NA,1,NA,NA,1,1,1,0,NA,DCIM/context_n20250813101007041.jpg,DCIM/context_e20250813101001645.jpg,DCIM/context_s20250813100955797.jpg,DCIM/context_w20250813100950150.jpg,2025-08-13T10:09:31Z,15.20985875,49.08251253,DCIM/plot_e_20250813100621548.jpg,DCIM/plot_n_20250813100630071.jpg,TRUE,94,5,1.7,1.7
27,JIV,small,0.4–0.6,1,NA,0,0,0,NA,NA,NA,NA,0,NA,NA,0,NA,NA,0,NA,NA,NA,NA,NA,NA,NA,570_T2_AH_20250827,NA,1,NA,NA,1,1,1,0,NA,DCIM/context_n20250813101007041.jpg,DCIM/context_e20250813101001645.jpg,DCIM/context_s20250813100955797.jpg,DCIM/context_w20250813100950150.jpg,2025-08-13T10:09:31Z,15.20985875,49.08251253,DCIM/plot_e_20250813100621548.jpg,DCIM/plot_n_20250813100630071.jpg,TRUE,94,5,0.5,0.5
19,BO,small,1.0–1.3,6,NA,0,0,0,NA,NA,NA,NA,0,NA,NA,0,NA,NA,0,NA,NA,NA,NA,NA,NA,NA,570_T4_TP_20250827,NA,1,NA,NA,1,NA,NA,0,NA,DCIM/context_n20250709111056607.jpg,DCIM/context_e20250709111051115.jpg,DCIM/context_s20250709111045422.jpg,DCIM/context_w20250709111039147.jpg,2025-07-09T11:08:17Z,16.3211224,49.19714398,DCIM/plot_e_20250709110446364.jpg,DCIM/plot_n_20250709110452937.jpg,TRUE,153,5,1.2,1.2
17,MD,small,0.6–0.8,3,NA,1,1,33.33333333333333,1,terminal,chybajuci,NA,1,NA,NA,0,NA,NA,0,NA,NA,NA,NA,NA,NA,NA,570_T4_TP_20250827,NA,1,NA,NA,1,NA,NA,0,NA,DCIM/context_n20250709111056607.jpg,DCIM/context_e20250709111051115.jpg,DCIM/context_s20250709111045422.jpg,DCIM/context_w20250709111039147.jpg,2025-07-09T11:08:17Z,16.3211224,49.19714398,DCIM/plot_e_20250709110446364.jpg,DCIM/plot_n_20250709110452937.jpg,TRUE,153,5,0.7,0.7
7,OL,small,1.0–1.3,1,NA,0,0,0,NA,NA,NA,NA,0,NA,NA,0,NA,NA,0,NA,NA,NA,NA,NA,NA,NA,571_T2_AH_20250827,NA,1,NA,NA,NA,1,1,0,NA,DCIM/context_n20250813101431493.jpg,DCIM/context_e20250813101423874.jpg,DCIM/context_s20250813101418729.jpg,DCIM/context_w20250813101413381.jpg,2025-08-13T10:13:50Z,15.20956748,49.08234608,DCIM/plot_e_20250813101312921.jpg,DCIM/plot_n_20250813101324463.jpg,TRUE,94,5,1.2,1.2
24,DB,small,0.6–0.8,2,NA,0,0,0,NA,NA,NA,NA,0,NA,NA,0,NA,NA,0,NA,NA,NA,NA,NA,NA,NA,572_T2_AH_20250827,NA,1,1,NA,NA,NA,1,0,NA,DCIM/context_n20250813102537958.jpg,DCIM/context_e20250813102533081.jpg,DCIM/context_s20250813102528322.jpg,DCIM/context_w20250813102523342.jpg,2025-08-13T10:24:49Z,15.20459262,49.08203962,DCIM/plot_e_20250813102347141.jpg,DCIM/plot_n_20250813102355614.jpg,TRUE,95,5,0.7,0.7
18,SM,small,0.6–0.8,1,NA,0,0,0,NA,NA,NA,NA,0,NA,NA,0,NA,NA,0,NA,NA,NA,NA,NA,NA,NA,572_T2_AH_20250827,NA,1,1,NA,NA,NA,1,0,NA,DCIM/context_n20250813102537958.jpg,DCIM/context_e20250813102533081.jpg,DCIM/context_s20250813102528322.jpg,DCIM/context_w20250813102523342.jpg,2025-08-13T10:24:49Z,15.20459262,49.08203962,DCIM/plot_e_20250813102347141.jpg,DCIM/plot_n_20250813102355614.jpg,TRUE,95,5,0.7,0.7
24,DB,small,0.4–0.6,1,NA,0,0,0,NA,NA,NA,NA,0,NA,NA,0,NA,NA,0,NA,NA,NA,NA,NA,NA,NA,573_T2_AH_20250827,NA,1,1,NA,1,NA,1,0,NA,DCIM/context_n20250813103024847.jpg,DCIM/context_e20250813103019518.jpg,DCIM/context_s20250813103014606.jpg,DCIM/context_w20250813103009377.jpg,2025-08-13T10:29:42Z,15.20430004,49.08187334,DCIM/plot_e_20250813102901463.jpg,DCIM/plot_n_20250813102910791.jpg,TRUE,95,5,0.5,0.5
18,SM,small,1.0–1.3,2,NA,1,1,50,2,terminal,chybajuci,NA,1,NA,NA,0,NA,NA,0,NA,NA,NA,NA,"Okus, jarní mráz",NA,NA,574_T2_AH_20250827,NA,1,1,NA,NA,NA,1,0,"Dvojsadba DB, SM",DCIM/context_n20250813103919815.jpg,DCIM/context_e20250813103909456.jpg,DCIM/context_s20250813103903509.jpg,DCIM/context_w20250813103857594.jpg,2025-08-13T10:38:34Z,15.20404864,49.08206811,DCIM/plot_e_20250813103410571.jpg,DCIM/plot_n_20250813103420397.jpg,TRUE,95,5,1.2,1.2
24,DB,small,0.4–0.6,1,NA,0,0,0,NA,NA,NA,NA,0,NA,NA,0,NA,NA,0,NA,NA,NA,NA,NA,NA,NA,574_T2_AH_20250827,NA,1,1,NA,NA,NA,1,0,"Dvojsadba DB, SM",DCIM/context_n20250813103919815.jpg,DCIM/context_e20250813103909456.jpg,DCIM/context_s20250813103903509.jpg,DCIM/context_w20250813103857594.jpg,2025-08-13T10:38:34Z,15.20404864,49.08206811,DCIM/plot_e_20250813103410571.jpg,DCIM/plot_n_20250813103420397.jpg,TRUE,95,5,0.5,0.5
10,BR,small,0.4–0.6,1,NA,1,0,0,1,olistení,NA,NA,0,NA,NA,0,NA,NA,0,NA,NA,NA,NA,NA,NA,NA,574_T2_AH_20250827,NA,1,1,NA,NA,NA,1,0,"Dvojsadba DB, SM",DCIM/context_n20250813103919815.jpg,DCIM/context_e20250813103909456.jpg,DCIM/context_s20250813103903509.jpg,DCIM/context_w20250813103857594.jpg,2025-08-13T10:38:34Z,15.20404864,49.08206811,DCIM/plot_e_20250813103410571.jpg,DCIM/plot_n_20250813103420397.jpg,TRUE,95,5,0.5,0.5
19,BO,advanced,2–4,1,NA,1,0,0,1,kmen,NA,NA,0,NA,NA,0,NA,NA,0,NA,0-20,0-10,NA,NA,NA,NA,574_T4_TP_20250827,NA,1,NA,1,NA,NA,1,0,NA,DCIM/context_n20250709122204575.jpg,DCIM/context_e20250709122157028.jpg,DCIM/context_s20250709122151875.jpg,DCIM/context_w20250709122139258.jpg,2025-07-09T12:20:57Z,16.33372503,49.19660972,DCIM/plot_e_20250709121759505.jpg,DCIM/plot_n_20250709121808867.jpg,TRUE,154,5,3,3
19,BO,small,1.3–2.0,2,NA,1,2,100,1,olistení,NA,NA,0,0-20,1,2,40-60,NA,0,NA,NA,NA,NA,NA,NA,NA,575_T2_AH_20250827,NA,1,NA,NA,NA,NA,1,0,NA,DCIM/context_n20250813111643331.jpg,DCIM/context_e20250813111633661.jpg,DCIM/context_s20250813111628362.jpg,DCIM/context_w20250813111623455.jpg,2025-08-13T11:16:02Z,15.30395973,49.06925923,DCIM/plot_e_20250813111331721.jpg,DCIM/plot_n_20250813111338136.jpg,TRUE,96,5,1.7,1.7
18,SM,small,1.3–2.0,1,NA,0,0,0,NA,NA,NA,NA,0,NA,NA,0,NA,NA,0,NA,NA,NA,NA,NA,NA,NA,575_T2_AH_20250827,NA,1,NA,NA,NA,NA,1,0,NA,DCIM/context_n20250813111643331.jpg,DCIM/context_e20250813111633661.jpg,DCIM/context_s20250813111628362.jpg,DCIM/context_w20250813111623455.jpg,2025-08-13T11:16:02Z,15.30395973,49.06925923,DCIM/plot_e_20250813111331721.jpg,DCIM/plot_n_20250813111338136.jpg,TRUE,96,5,1.7,1.7
19,BO,advanced,2–4,1,NA,1,1,100,1,kmen,NA,NA,0,NA,NA,0,NA,stare,1,nejasna,20-40,20-Oct,NA,NA,NA,NA,575_T4_TP_20250827,NA,1,NA,1,NA,NA,1,0,NA,DCIM/context_n20250709122931759.jpg,DCIM/context_e20250709122924647.jpg,DCIM/context_s20250709122918162.jpg,DCIM/context_w20250709122910819.jpg,2025-07-09T12:28:23Z,16.33402249,49.19677085,DCIM/plot_e_20250709122454219.jpg,DCIM/plot_n_20250709122506418.jpg,TRUE,154,5,3,3
10,BR,advanced,2–4,1,NA,0,0,0,NA,NA,NA,NA,0,NA,NA,0,NA,NA,0,NA,NA,NA,NA,NA,NA,NA,576_T2_AH_20250827,NA,1,NA,NA,NA,NA,1,0,NA,DCIM/context_n20250813112240906.jpg,DCIM/context_e20250813112235510.jpg,DCIM/context_s20250813112227859.jpg,DCIM/context_w20250813112222895.jpg,2025-08-13T11:22:03Z,15.30423206,49.06924372,DCIM/plot_e_20250813112012850.jpg,DCIM/plot_n_20250813112023059.jpg,TRUE,96,5,3,3
20,OS,advanced,2–4,1,NA,0,0,0,NA,NA,NA,NA,0,NA,NA,0,NA,NA,0,NA,NA,NA,NA,NA,NA,NA,576_T2_AH_20250827,NA,1,NA,NA,NA,NA,1,0,NA,DCIM/context_n20250813112240906.jpg,DCIM/context_e20250813112235510.jpg,DCIM/context_s20250813112227859.jpg,DCIM/context_w20250813112222895.jpg,2025-08-13T11:22:03Z,15.30423206,49.06924372,DCIM/plot_e_20250813112012850.jpg,DCIM/plot_n_20250813112023059.jpg,TRUE,96,5,3,3
19,BO,small,0.8–1.0,2,NA,0,0,0,NA,NA,NA,NA,0,NA,NA,0,NA,NA,0,NA,NA,NA,NA,NA,NA,NA,576_T2_AH_20250827,NA,1,NA,NA,NA,NA,1,0,NA,DCIM/context_n20250813112240906.jpg,DCIM/context_e20250813112235510.jpg,DCIM/context_s20250813112227859.jpg,DCIM/context_w20250813112222895.jpg,2025-08-13T11:22:03Z,15.30423206,49.06924372,DCIM/plot_e_20250813112012850.jpg,DCIM/plot_n_20250813112023059.jpg,TRUE,96,5,0.9,0.9
13,BK,small,0.6–0.8,1,NA,1,1,100,1,terminal,chybajuci,NA,1,NA,NA,0,NA,NA,0,NA,NA,NA,NA,NA,NA,NA,576_T4_TP_20250827,NA,1,1,NA,NA,NA,NA,0,NA,DCIM/context_n20250709135619435.jpg,DCIM/context_e20250709135615426.jpg,DCIM/context_s20250709135610528.jpg,DCIM/context_w20250709135603930.jpg,2025-07-09T13:55:24Z,16.45534611,49.21203995,DCIM/plot_e_20250709135138934.jpg,DCIM/plot_n_20250709135145672.jpg,TRUE,155,5,0.7,0.7
19,BO,advanced,2–4,2,NA,1,2,100,1,olistení,NA,NA,0,0-20,1,2,40-60,NA,0,NA,NA,NA,NA,NA,NA,T2577PBO4,577_T2_AH_20250827,NA,1,NA,NA,NA,NA,1,0,NA,DCIM/context_n20250813113239109.jpg,DCIM/context_e20250813113232778.jpg,DCIM/context_s20250813113224692.jpg,DCIM/context_w20250813113210239.jpg,2025-08-13T11:31:34Z,15.30425415,49.06942724,DCIM/plot_e_20250813112717904.jpg,DCIM/plot_n_20250813112730050.jpg,TRUE,96,5,3,3
17,MD,advanced,2–4,1,NA,0,0,0,NA,NA,NA,NA,0,NA,NA,0,NA,NA,0,NA,NA,NA,NA,NA,NA,NA,577_T2_AH_20250827,NA,1,NA,NA,NA,NA,1,0,NA,DCIM/context_n20250813113239109.jpg,DCIM/context_e20250813113232778.jpg,DCIM/context_s20250813113224692.jpg,DCIM/context_w20250813113210239.jpg,2025-08-13T11:31:34Z,15.30425415,49.06942724,DCIM/plot_e_20250813112717904.jpg,DCIM/plot_n_20250813112730050.jpg,TRUE,96,5,3,3
10,BR,advanced,2–4,2,NA,0,0,0,NA,NA,NA,NA,0,NA,NA,0,NA,NA,0,NA,NA,NA,NA,NA,NA,NA,577_T2_AH_20250827,NA,1,NA,NA,NA,NA,1,0,NA,DCIM/context_n20250813113239109.jpg,DCIM/context_e20250813113232778.jpg,DCIM/context_s20250813113224692.jpg,DCIM/context_w20250813113210239.jpg,2025-08-13T11:31:34Z,15.30425415,49.06942724,DCIM/plot_e_20250813112717904.jpg,DCIM/plot_n_20250813112730050.jpg,TRUE,96,5,3,3
18,SM,small,1.3–2.0,2,NA,0,0,0,NA,NA,NA,NA,0,NA,NA,0,NA,NA,0,NA,NA,NA,NA,NA,NA,NA,577_T2_AH_20250827,NA,1,NA,NA,NA,NA,1,0,NA,DCIM/context_n20250813113239109.jpg,DCIM/context_e20250813113232778.jpg,DCIM/context_s20250813113224692.jpg,DCIM/context_w20250813113210239.jpg,2025-08-13T11:31:34Z,15.30425415,49.06942724,DCIM/plot_e_20250813112717904.jpg,DCIM/plot_n_20250813112730050.jpg,TRUE,96,5,1.7,1.7
19,BO,small,1.3–2.0,3,NA,0,0,0,NA,NA,NA,NA,0,NA,NA,0,NA,NA,0,NA,NA,NA,NA,NA,NA,NA,577_T2_AH_20250827,NA,1,NA,NA,NA,NA,1,0,NA,DCIM/context_n20250813113239109.jpg,DCIM/context_e20250813113232778.jpg,DCIM/context_s20250813113224692.jpg,DCIM/context_w20250813113210239.jpg,2025-08-13T11:31:34Z,15.30425415,49.06942724,DCIM/plot_e_20250813112717904.jpg,DCIM/plot_n_20250813112730050.jpg,TRUE,96,5,1.7,1.7
27,JIV,small,1.3–2.0,1,NA,0,0,0,NA,NA,NA,NA,0,NA,NA,0,NA,NA,0,NA,NA,NA,NA,NA,NA,NA,577_T2_AH_20250827,NA,1,NA,NA,NA,NA,1,0,NA,DCIM/context_n20250813113239109.jpg,DCIM/context_e20250813113232778.jpg,DCIM/context_s20250813113224692.jpg,DCIM/context_w20250813113210239.jpg,2025-08-13T11:31:34Z,15.30425415,49.06942724,DCIM/plot_e_20250813112717904.jpg,DCIM/plot_n_20250813112730050.jpg,TRUE,96,5,1.7,1.7
18,SM,small,1.0–1.3,2,NA,0,0,0,NA,NA,NA,NA,0,NA,NA,0,NA,NA,0,NA,NA,NA,NA,NA,NA,NA,577_T4_TP_20250827,NA,1,1,NA,NA,NA,1,1,Repelent,DCIM/context_n20250709140118497.jpg,DCIM/context_e20250709140113494.jpg,DCIM/context_s20250709140107342.jpg,DCIM/context_w20250709140102413.jpg,2025-07-09T14:00:22Z,16.45561929,49.21202218,DCIM/plot_e_20250709135814719.jpg,DCIM/plot_n_20250709135825096.jpg,TRUE,155,5,1.2,1.2
17,MD,advanced,2–4,1,NA,0,0,0,NA,NA,NA,NA,0,NA,NA,0,NA,NA,0,NA,NA,NA,NA,NA,NA,NA,578_T2_AH_20250827,NA,1,NA,1,NA,NA,1,0,NA,DCIM/context_n20250813113840127.jpg,DCIM/context_e20250813113832626.jpg,DCIM/context_s20250813113826845.jpg,DCIM/context_w20250813113822251.jpg,2025-08-13T11:37:55Z,15.30450708,49.06923113,DCIM/plot_e_20250813113540945.jpg,DCIM/plot_n_20250813113554092.jpg,TRUE,96,5,3,3
17,MD,small,1.0–1.3,1,NA,0,0,0,NA,NA,NA,NA,0,NA,NA,0,NA,NA,0,NA,NA,NA,NA,NA,NA,NA,578_T2_AH_20250827,NA,1,NA,1,NA,NA,1,0,NA,DCIM/context_n20250813113840127.jpg,DCIM/context_e20250813113832626.jpg,DCIM/context_s20250813113826845.jpg,DCIM/context_w20250813113822251.jpg,2025-08-13T11:37:55Z,15.30450708,49.06923113,DCIM/plot_e_20250813113540945.jpg,DCIM/plot_n_20250813113554092.jpg,TRUE,96,5,1.2,1.2
19,BO,small,1.3–2.0,1,NA,0,0,0,NA,NA,NA,NA,0,NA,NA,0,NA,NA,0,NA,NA,NA,NA,NA,NA,NA,578_T2_AH_20250827,NA,1,NA,1,NA,NA,1,0,NA,DCIM/context_n20250813113840127.jpg,DCIM/context_e20250813113832626.jpg,DCIM/context_s20250813113826845.jpg,DCIM/context_w20250813113822251.jpg,2025-08-13T11:37:55Z,15.30450708,49.06923113,DCIM/plot_e_20250813113540945.jpg,DCIM/plot_n_20250813113554092.jpg,TRUE,96,5,1.7,1.7
30,JR,small,1.3–2.0,1,NA,0,0,0,NA,NA,NA,NA,0,NA,NA,0,NA,NA,0,NA,NA,NA,NA,NA,NA,NA,578_T2_AH_20250827,NA,1,NA,1,NA,NA,1,0,NA,DCIM/context_n20250813113840127.jpg,DCIM/context_e20250813113832626.jpg,DCIM/context_s20250813113826845.jpg,DCIM/context_w20250813113822251.jpg,2025-08-13T11:37:55Z,15.30450708,49.06923113,DCIM/plot_e_20250813113540945.jpg,DCIM/plot_n_20250813113554092.jpg,TRUE,96,5,1.7,1.7
18,SM,small,0.6–0.8,2,NA,0,0,0,NA,NA,NA,NA,0,NA,NA,0,NA,NA,0,NA,NA,NA,NA,NA,NA,NA,578_T2_AH_20250827,NA,1,NA,1,NA,NA,1,0,NA,DCIM/context_n20250813113840127.jpg,DCIM/context_e20250813113832626.jpg,DCIM/context_s20250813113826845.jpg,DCIM/context_w20250813113822251.jpg,2025-08-13T11:37:55Z,15.30450708,49.06923113,DCIM/plot_e_20250813113540945.jpg,DCIM/plot_n_20250813113554092.jpg,TRUE,96,5,0.7,0.7
30,JR,small,0.6–0.8,2,NA,1,2,100,1,terminal,chybajuci,1,2,NA,NA,0,NA,NA,0,NA,NA,NA,NA,NA,NA,NA,578_T4_TP_20250827,NA,1,1,NA,NA,NA,NA,0,NA,DCIM/context_n20250709140834993.jpg,DCIM/context_e20250709140830654.jpg,DCIM/context_s20250709140825451.jpg,DCIM/context_w20250709140819756.jpg,2025-07-09T14:07:51Z,16.45589333,49.21200561,DCIM/plot_e_20250709140531820.jpg,DCIM/plot_n_20250709140540395.jpg,TRUE,155,5,0.7,0.7
27,JIV,advanced,2–4,1,NA,0,0,0,NA,NA,NA,NA,0,NA,NA,0,NA,NA,0,NA,NA,NA,NA,NA,NA,NA,579_T2_AH_20250827,NA,1,NA,NA,NA,NA,NA,0,NA,DCIM/context_n20250813115019053.jpg,DCIM/context_e20250813115011886.jpg,DCIM/context_s20250813114957992.jpg,DCIM/context_w20250813114949819.jpg,2025-08-13T11:49:30Z,15.30421436,49.06906623,DCIM/plot_e_20250813114821336.jpg,DCIM/plot_n_20250813114832049.jpg,TRUE,96,5,3,3
27,JIV,small,1.3–2.0,1,NA,0,0,0,NA,NA,NA,NA,0,NA,NA,0,NA,NA,0,NA,NA,NA,NA,NA,NA,NA,579_T2_AH_20250827,NA,1,NA,NA,NA,NA,NA,0,NA,DCIM/context_n20250813115019053.jpg,DCIM/context_e20250813115011886.jpg,DCIM/context_s20250813114957992.jpg,DCIM/context_w20250813114949819.jpg,2025-08-13T11:49:30Z,15.30421436,49.06906623,DCIM/plot_e_20250813114821336.jpg,DCIM/plot_n_20250813114832049.jpg,TRUE,96,5,1.7,1.7
18,SM,small,0.2–0.4,2,NA,0,0,0,NA,NA,NA,NA,0,NA,NA,0,NA,NA,0,NA,NA,NA,NA,NA,NA,NA,580_T2_AH_20250827,NA,1,NA,NA,NA,NA,1,0,NA,DCIM/context_n20250813132116723.jpg,DCIM/context_e20250813132111394.jpg,DCIM/context_s20250813132106399.jpg,DCIM/context_w20250813132101166.jpg,2025-08-13T13:20:28Z,15.38686798,49.17220222,DCIM/plot_e_20250813131939907.jpg,DCIM/plot_n_20250813131946671.jpg,TRUE,97,5,0.3,0.3
20,OS,advanced,2–4,2,NA,0,0,0,NA,NA,NA,NA,0,NA,NA,0,NA,NA,0,NA,NA,NA,NA,NA,NA,NA,581_T2_AH_20250827,NA,1,NA,NA,NA,NA,NA,0,NA,DCIM/context_n20250813132847220.jpg,DCIM/context_e20250813132835477.jpg,DCIM/context_s20250813132830079.jpg,DCIM/context_w20250813132825337.jpg,2025-08-13T13:28:07Z,15.38716998,49.17202028,DCIM/plot_e_20250813132525435.jpg,DCIM/plot_n_20250813132601137.jpg,TRUE,97,5,3,3
17,MD,small,1.3–2.0,1,NA,0,0,0,NA,NA,NA,NA,0,NA,NA,0,NA,NA,0,NA,NA,NA,NA,NA,NA,NA,581_T2_AH_20250827,NA,1,NA,NA,NA,NA,NA,0,NA,DCIM/context_n20250813132847220.jpg,DCIM/context_e20250813132835477.jpg,DCIM/context_s20250813132830079.jpg,DCIM/context_w20250813132825337.jpg,2025-08-13T13:28:07Z,15.38716998,49.17202028,DCIM/plot_e_20250813132525435.jpg,DCIM/plot_n_20250813132601137.jpg,TRUE,97,5,1.7,1.7
13,BK,advanced,2–4,1,NA,0,0,0,NA,NA,NA,NA,0,NA,NA,0,NA,NA,0,NA,NA,NA,NA,NA,NA,NA,581_T4_TP_20250827,1,1,1,NA,NA,NA,1,1,Repelent,DCIM/context_n20250709143147953.jpg,DCIM/context_e20250709143143148.jpg,DCIM/context_s20250709143134357.jpg,DCIM/context_w20250709143123358.jpg,2025-07-09T14:30:23Z,16.45714718,49.21734717,DCIM/plot_e_20250709142734138.jpg,DCIM/plot_n_20250709142744753.jpg,TRUE,156,5,3,3
18,SM,small,0.6–0.8,1,NA,0,0,0,NA,NA,NA,NA,0,NA,NA,0,NA,NA,0,NA,NA,NA,NA,NA,NA,NA,581_T4_TP_20250827,1,1,1,NA,NA,NA,1,1,Repelent,DCIM/context_n20250709143147953.jpg,DCIM/context_e20250709143143148.jpg,DCIM/context_s20250709143134357.jpg,DCIM/context_w20250709143123358.jpg,2025-07-09T14:30:23Z,16.45714718,49.21734717,DCIM/plot_e_20250709142734138.jpg,DCIM/plot_n_20250709142744753.jpg,TRUE,156,5,0.7,0.7
30,JR,small,1.3–2.0,1,NA,0,0,0,NA,NA,NA,NA,0,NA,NA,0,NA,NA,0,NA,NA,NA,NA,NA,NA,NA,582_T2_AH_20250827,NA,1,NA,NA,NA,NA,NA,0,NA,DCIM/context_n20250813141638479.jpg,DCIM/context_e20250813141632447.jpg,DCIM/context_s20250813141627470.jpg,DCIM/context_w20250813141621758.jpg,2025-08-13T14:15:50Z,15.36936478,49.22333284,DCIM/plot_e_20250813141500925.jpg,DCIM/plot_n_20250813141511402.jpg,TRUE,98,5,1.7,1.7
18,SM,small,0.4–0.6,2,NA,0,0,0,NA,NA,NA,NA,0,NA,NA,0,NA,NA,0,NA,NA,NA,NA,NA,NA,NA,582_T4_TP_20250827,1,1,1,NA,NA,NA,1,1,Repelent,DCIM/context_n20250709143730992.jpg,DCIM/context_e20250709143725113.jpg,DCIM/context_s20250709143720237.jpg,DCIM/context_w20250709143709998.jpg,2025-07-09T14:36:16Z,16.45717271,49.21752792,DCIM/plot_e_20250709143437186.jpg,DCIM/plot_n_20250709143446147.jpg,TRUE,156,5,0.5,0.5
13,BK,small,0.4–0.6,1,NA,1,1,100,1,terminal,chybajuci,NA,1,NA,NA,0,NA,NA,0,NA,NA,NA,NA,NA,NA,NA,582_T4_TP_20250827,1,1,1,NA,NA,NA,1,1,Repelent,DCIM/context_n20250709143730992.jpg,DCIM/context_e20250709143725113.jpg,DCIM/context_s20250709143720237.jpg,DCIM/context_w20250709143709998.jpg,2025-07-09T14:36:16Z,16.45717271,49.21752792,DCIM/plot_e_20250709143437186.jpg,DCIM/plot_n_20250709143446147.jpg,TRUE,156,5,0.5,0.5
30,JR,advanced,>4,1,NA,0,0,0,NA,NA,NA,NA,0,NA,NA,0,NA,NA,0,NA,NA,NA,NA,NA,NA,NA,583_T2_AH_20250827,NA,1,NA,NA,NA,NA,1,0,NA,DCIM/context_n20250813142132886.jpg,DCIM/context_e20250813142112035.jpg,DCIM/context_s20250813142106405.jpg,DCIM/context_w20250813142102077.jpg,2025-08-13T14:20:38Z,15.36910835,49.22352998,DCIM/plot_e_20250813141902840.jpg,DCIM/plot_n_20250813141912161.jpg,TRUE,98,5,5,5
18,SM,small,0.6–0.8,3,NA,0,0,0,NA,NA,NA,NA,0,NA,NA,0,NA,NA,0,NA,NA,NA,NA,NA,NA,NA,583_T2_AH_20250827,NA,1,NA,NA,NA,NA,1,0,NA,DCIM/context_n20250813142132886.jpg,DCIM/context_e20250813142112035.jpg,DCIM/context_s20250813142106405.jpg,DCIM/context_w20250813142102077.jpg,2025-08-13T14:20:38Z,15.36910835,49.22352998,DCIM/plot_e_20250813141902840.jpg,DCIM/plot_n_20250813141912161.jpg,TRUE,98,5,0.7,0.7
30,JR,small,0.2–0.4,1,NA,0,0,0,NA,NA,NA,NA,0,NA,NA,0,NA,NA,0,NA,NA,NA,NA,NA,NA,NA,583_T2_AH_20250827,NA,1,NA,NA,NA,NA,1,0,NA,DCIM/context_n20250813142132886.jpg,DCIM/context_e20250813142112035.jpg,DCIM/context_s20250813142106405.jpg,DCIM/context_w20250813142102077.jpg,2025-08-13T14:20:38Z,15.36910835,49.22352998,DCIM/plot_e_20250813141902840.jpg,DCIM/plot_n_20250813141912161.jpg,TRUE,98,5,0.3,0.3
10,BR,small,0.4–0.6,1,NA,0,0,0,NA,NA,NA,NA,0,NA,NA,0,NA,NA,0,NA,NA,NA,NA,NA,NA,NA,583_T4_TP_20250827,NA,1,NA,NA,NA,NA,NA,0,NA,DCIM/context_n20250709145033129.jpg,DCIM/context_e20250709145028691.jpg,DCIM/context_s20250709145022131.jpg,DCIM/context_w20250709145017058.jpg,2025-07-09T14:49:50Z,16.4574481,49.21750981,DCIM/plot_e_20250709144647954.jpg,DCIM/plot_n_20250709144658618.jpg,TRUE,156,5,0.5,0.5
10,BR,advanced,>4,3,NA,0,0,0,NA,NA,NA,NA,0,NA,NA,0,NA,NA,0,NA,NA,NA,NA,NA,NA,NA,584_T2_AH_20250827,NA,1,NA,NA,NA,NA,NA,0,NA,DCIM/context_n20250813145928564.jpg,DCIM/context_e20250813145922817.jpg,DCIM/context_s20250813145917557.jpg,DCIM/context_w20250813145909588.jpg,2025-08-13T14:58:54Z,15.38928435,49.27176184,DCIM/plot_e_20250813145745851.jpg,DCIM/plot_n_20250813145801203.jpg,TRUE,99,5,5,5
18,SM,small,0.2–0.4,1,NA,1,1,100,1,terminal,chybajuci,NA,1,NA,NA,0,NA,NA,0,NA,NA,NA,NA,NA,NA,NA,584_T4_TP_20250827,1,NA,NA,NA,NA,NA,1,1,Repelent,DCIM/context_n20250709145717418.jpg,DCIM/context_e20250709145710877.jpg,DCIM/context_s20250709145705643.jpg,DCIM/context_w20250709145700597.jpg,2025-07-09T14:55:54Z,16.45719718,49.21770616,DCIM/plot_e_20250709145353381.jpg,DCIM/plot_n_20250709145401552.jpg,TRUE,156,5,0.3,0.3
10,BR,advanced,>4,1,NA,0,0,0,NA,NA,NA,NA,0,NA,NA,0,NA,NA,0,NA,NA,NA,NA,NA,NA,NA,585_T2_AH_20250827,NA,1,NA,NA,NA,NA,NA,0,NA,DCIM/context_n20250813150507329.jpg,DCIM/context_e20250813150502782.jpg,DCIM/context_s20250813150454713.jpg,DCIM/context_w20250813150432560.jpg,2025-08-13T15:04:16Z,15.38955018,49.27158399,DCIM/plot_e_20250813150306770.jpg,DCIM/plot_n_20250813150329558.jpg,TRUE,99,5,5,5
30,JR,small,1.3–2.0,1,NA,0,0,0,NA,NA,NA,NA,0,NA,NA,0,NA,NA,0,NA,NA,NA,NA,NA,NA,NA,585_T2_AH_20250827,NA,1,NA,NA,NA,NA,NA,0,NA,DCIM/context_n20250813150507329.jpg,DCIM/context_e20250813150502782.jpg,DCIM/context_s20250813150454713.jpg,DCIM/context_w20250813150432560.jpg,2025-08-13T15:04:16Z,15.38955018,49.27158399,DCIM/plot_e_20250813150306770.jpg,DCIM/plot_n_20250813150329558.jpg,TRUE,99,5,1.7,1.7
13,BK,small,1.3–2.0,4,NA,0,0,0,NA,NA,NA,NA,0,NA,NA,0,NA,NA,0,NA,NA,NA,NA,NA,NA,NA,585_T4_TP_20250827,NA,1,1,NA,NA,1,1,1,Repelent,DCIM/context_n20250709150553880.jpg,DCIM/context_e20250709150549148.jpg,DCIM/context_s20250709150544179.jpg,DCIM/context_w20250709150539258.jpg,2025-07-09T15:04:57Z,16.45689656,49.2175427,DCIM/plot_e_20250709150033934.jpg,DCIM/plot_n_20250709150042522.jpg,TRUE,156,5,1.7,1.7
18,SM,small,1.0–1.3,3,NA,1,1,33.33333333333333,1,terminal,chybajuci,NA,1,NA,NA,0,NA,NA,0,NA,NA,NA,NA,NA,NA,NA,585_T4_TP_20250827,NA,1,1,NA,NA,1,1,1,Repelent,DCIM/context_n20250709150553880.jpg,DCIM/context_e20250709150549148.jpg,DCIM/context_s20250709150544179.jpg,DCIM/context_w20250709150539258.jpg,2025-07-09T15:04:57Z,16.45689656,49.2175427,DCIM/plot_e_20250709150033934.jpg,DCIM/plot_n_20250709150042522.jpg,TRUE,156,5,1.2,1.2
24,DB,small,0.2–0.4,1,NA,0,0,0,NA,NA,NA,NA,0,NA,NA,0,NA,NA,0,NA,NA,NA,NA,NA,NA,NA,585_T4_TP_20250827,NA,1,1,NA,NA,1,1,1,Repelent,DCIM/context_n20250709150553880.jpg,DCIM/context_e20250709150549148.jpg,DCIM/context_s20250709150544179.jpg,DCIM/context_w20250709150539258.jpg,2025-07-09T15:04:57Z,16.45689656,49.2175427,DCIM/plot_e_20250709150033934.jpg,DCIM/plot_n_20250709150042522.jpg,TRUE,156,5,0.3,0.3
10,BR,advanced,>4,1,NA,0,0,0,NA,NA,NA,NA,0,NA,NA,0,NA,NA,0,NA,NA,NA,NA,NA,NA,NA,586_T2_AH_20250827,NA,1,NA,NA,1,1,1,0,NA,DCIM/context_n20250813151052539.jpg,DCIM/context_e20250813151031372.jpg,DCIM/context_s20250813151024254.jpg,DCIM/context_w20250813151014416.jpg,2025-08-13T15:09:46Z,15.38925379,49.27139837,DCIM/plot_e_20250813150827623.jpg,DCIM/plot_n_20250813150815494.jpg,TRUE,99,5,5,5
30,JR,small,1.3–2.0,2,NA,0,0,0,NA,NA,NA,NA,0,NA,NA,0,NA,NA,0,NA,NA,NA,NA,NA,NA,NA,586_T2_AH_20250827,NA,1,NA,NA,1,1,1,0,NA,DCIM/context_n20250813151052539.jpg,DCIM/context_e20250813151031372.jpg,DCIM/context_s20250813151024254.jpg,DCIM/context_w20250813151014416.jpg,2025-08-13T15:09:46Z,15.38925379,49.27139837,DCIM/plot_e_20250813150827623.jpg,DCIM/plot_n_20250813150815494.jpg,TRUE,99,5,1.7,1.7
18,SM,small,0.4–0.6,1,NA,0,0,0,NA,NA,NA,NA,0,NA,NA,0,NA,NA,0,NA,NA,NA,NA,NA,NA,NA,586_T2_AH_20250827,NA,1,NA,NA,1,1,1,0,NA,DCIM/context_n20250813151052539.jpg,DCIM/context_e20250813151031372.jpg,DCIM/context_s20250813151024254.jpg,DCIM/context_w20250813151014416.jpg,2025-08-13T15:09:46Z,15.38925379,49.27139837,DCIM/plot_e_20250813150827623.jpg,DCIM/plot_n_20250813150815494.jpg,TRUE,99,5,0.5,0.5
18,SM,small,1.0–1.3,1,NA,0,0,0,NA,NA,NA,NA,0,NA,NA,0,NA,NA,0,NA,NA,NA,NA,NA,NA,NA,587_T2_AH_20250827,NA,1,NA,NA,1,NA,1,0,NA,DCIM/context_n20250813160513451.jpg,DCIM/context_e20250813160507807.jpg,DCIM/context_s20250813160501906.jpg,DCIM/context_w20250813160456493.jpg,2025-08-13T16:04:32Z,15.70290618,49.24022122,DCIM/plot_e_20250813160345856.jpg,DCIM/plot_n_20250813160355060.jpg,TRUE,100,5,1.2,1.2
13,BK,small,1.3–2.0,3,NA,0,0,0,NA,NA,NA,NA,0,NA,NA,0,NA,NA,0,NA,NA,NA,NA,NA,NA,NA,588_T4_TP_20250827,NA,1,NA,NA,NA,NA,1,1,Repelent,DCIM/context_n20250709153028262.jpg,DCIM/context_e20250709153023484.jpg,DCIM/context_s20250709153014122.jpg,DCIM/context_w20250709153008863.jpg,2025-07-09T15:29:15Z,16.45278053,49.21976582,DCIM/plot_e_20250709152743372.jpg,DCIM/plot_n_20250709152750189.jpg,TRUE,157,5,1.7,1.7
11,HB,advanced,2–4,2,NA,1,1,50,1,olistení,NA,NA,0,40-60,NA,1,20-40,NA,0,NA,NA,NA,NA,NA,NA,NA,589_T4_TP_20250827,NA,NA,NA,NA,NA,1,NA,0,NA,DCIM/context_n20250709153900161.jpg,DCIM/context_e20250709153851028.jpg,DCIM/context_s20250709153845422.jpg,DCIM/context_w20250709153838327.jpg,2025-07-09T15:37:58Z,16.45253036,49.21995781,DCIM/plot_e_20250709153414457.jpg,DCIM/plot_n_20250709153423353.jpg,TRUE,157,5,3,3
24,DB,small,0.4–0.6,1,NA,1,1,100,1,terminal,chybajuci,NA,1,NA,NA,0,NA,NA,0,NA,NA,NA,NA,NA,NA,NA,590_T4_TP_20250827,NA,1,NA,NA,NA,NA,1,1,Repelent,DCIM/context_n20250709154544900.jpg,DCIM/context_e20250709154538617.jpg,DCIM/context_s20250709154532601.jpg,DCIM/context_w20250709154520530.jpg,2025-07-09T15:44:00Z,16.45282909,49.22012249,DCIM/plot_e_20250709154126584.jpg,DCIM/plot_n_20250709154133129.jpg,TRUE,157,5,0.5,0.5
11,HB,small,0.2–0.4,1,NA,0,0,0,NA,NA,NA,NA,0,NA,NA,0,NA,NA,0,NA,NA,NA,NA,NA,NA,NA,590_T4_TP_20250827,NA,1,NA,NA,NA,NA,1,1,Repelent,DCIM/context_n20250709154544900.jpg,DCIM/context_e20250709154538617.jpg,DCIM/context_s20250709154532601.jpg,DCIM/context_w20250709154520530.jpg,2025-07-09T15:44:00Z,16.45282909,49.22012249,DCIM/plot_e_20250709154126584.jpg,DCIM/plot_n_20250709154133129.jpg,TRUE,157,5,0.3,0.3
13,BK,small,0.6–0.8,1,NA,0,0,0,NA,NA,NA,NA,0,NA,NA,0,NA,NA,0,NA,NA,NA,NA,NA,NA,NA,591_T2_AH_20250827,NA,1,NA,NA,NA,1,1,0,Výmladky bŕízy,DCIM/context_n20250813163111472.jpg,DCIM/context_e20250813163105658.jpg,DCIM/context_s20250813163100047.jpg,DCIM/context_w20250813163054967.jpg,2025-08-13T16:30:18Z,15.70472646,49.24878409,DCIM/plot_e_20250813162828897.jpg,DCIM/plot_n_20250813162839389.jpg,TRUE,101,5,0.7,0.7
10,BR,small,0.2–0.4,17,NA,0,0,0,NA,NA,NA,NA,0,NA,NA,0,NA,NA,0,NA,NA,NA,NA,NA,NA,NA,591_T2_AH_20250827,NA,1,NA,NA,NA,1,1,0,Výmladky bŕízy,DCIM/context_n20250813163111472.jpg,DCIM/context_e20250813163105658.jpg,DCIM/context_s20250813163100047.jpg,DCIM/context_w20250813163054967.jpg,2025-08-13T16:30:18Z,15.70472646,49.24878409,DCIM/plot_e_20250813162828897.jpg,DCIM/plot_n_20250813162839389.jpg,TRUE,101,5,0.3,0.3
27,JIV,small,0.2–0.4,1,NA,0,0,0,NA,NA,NA,NA,0,NA,NA,0,NA,NA,0,NA,NA,NA,NA,NA,NA,NA,591_T2_AH_20250827,NA,1,NA,NA,NA,1,1,0,Výmladky bŕízy,DCIM/context_n20250813163111472.jpg,DCIM/context_e20250813163105658.jpg,DCIM/context_s20250813163100047.jpg,DCIM/context_w20250813163054967.jpg,2025-08-13T16:30:18Z,15.70472646,49.24878409,DCIM/plot_e_20250813162828897.jpg,DCIM/plot_n_20250813162839389.jpg,TRUE,101,5,0.3,0.3
18,SM,small,1.3–2.0,2,NA,1,1,50,2,terminal,chybajuci,NA,1,NA,NA,0,NA,NA,0,NA,NA,NA,NA,NA,NA,NA,591_T4_TP_20250827,NA,1,NA,NA,NA,NA,NA,0,Spadlá oplocenka,DCIM/context_n20250715081639349.jpg,DCIM/context_e20250715081634192.jpg,DCIM/context_s20250715081629600.jpg,DCIM/context_w20250715081623189.jpg,2025-07-15T08:15:20Z,15.2200062,49.33817376,DCIM/plot_e_20250715081138459.jpg,DCIM/plot_n_20250715081146885.jpg,TRUE,158,5,1.7,1.7
19,BO,small,0.4–0.6,1,NA,0,0,0,NA,NA,NA,NA,0,NA,NA,0,NA,NA,0,NA,NA,NA,NA,NA,NA,NA,591_T4_TP_20250827,NA,1,NA,NA,NA,NA,NA,0,Spadlá oplocenka,DCIM/context_n20250715081639349.jpg,DCIM/context_e20250715081634192.jpg,DCIM/context_s20250715081629600.jpg,DCIM/context_w20250715081623189.jpg,2025-07-15T08:15:20Z,15.2200062,49.33817376,DCIM/plot_e_20250715081138459.jpg,DCIM/plot_n_20250715081146885.jpg,TRUE,158,5,0.5,0.5
17,MD,small,0.4–0.6,1,NA,0,0,0,NA,NA,NA,NA,0,NA,NA,0,NA,NA,0,NA,NA,NA,NA,NA,NA,NA,592_T2_AH_20250827,1,1,NA,NA,NA,NA,0,0,Potok,DCIM/context_n20250820071009021.jpg,DCIM/context_e20250820071000653.jpg,DCIM/context_s20250820070950469.jpg,DCIM/context_w20250820070925435.jpg,2025-08-20T07:08:55Z,15.37830078,49.73194899,DCIM/plot_e_20250820071811582.jpg,DCIM/plot_n_20250820071819416.jpg,TRUE,102,5,0.5,0.5
19,BO,small,0.8–1.0,1,NA,1,1,100,1,terminal,zivy,NA,1,NA,NA,0,NA,NA,0,NA,NA,NA,NA,T4592OBO1,NA,NA,592_T4_TP_20250827,NA,1,NA,NA,NA,1,1,0,Spadlá oplocenka,DCIM/context_n20250715082606488.jpg,DCIM/context_e20250715082600511.jpg,DCIM/context_s20250715082555535.jpg,DCIM/context_w20250715082548943.jpg,2025-07-15T08:24:59Z,15.22002626,49.33835213,DCIM/plot_e_20250715081912609.jpg,DCIM/plot_n_20250715081923213.jpg,TRUE,158,5,0.9,0.9
18,SM,small,0.2–0.4,1,NA,0,0,0,NA,NA,NA,NA,0,NA,NA,0,NA,NA,0,NA,NA,NA,NA,NA,NA,NA,592_T4_TP_20250827,NA,1,NA,NA,NA,1,1,0,Spadlá oplocenka,DCIM/context_n20250715082606488.jpg,DCIM/context_e20250715082600511.jpg,DCIM/context_s20250715082555535.jpg,DCIM/context_w20250715082548943.jpg,2025-07-15T08:24:59Z,15.22002626,49.33835213,DCIM/plot_e_20250715081912609.jpg,DCIM/plot_n_20250715081923213.jpg,TRUE,158,5,0.3,0.3
30,JR,small,1.3–2.0,1,NA,0,0,0,NA,NA,NA,NA,0,NA,NA,0,NA,NA,0,NA,NA,NA,NA,NA,NA,NA,593_T2_AH_20250827,NA,1,NA,NA,NA,NA,NA,0,10 ks výmladky JR,DCIM/context_n20250820072934300.jpg,DCIM/context_e20250820072928765.jpg,DCIM/context_s20250820072906483.jpg,DCIM/context_w20250820072901581.jpg,2025-08-20T07:28:05Z,15.37802643,49.73196624,DCIM/plot_e_20250820072659545.jpg,DCIM/plot_n_20250820072715987.jpg,TRUE,102,5,1.7,1.7
10,BR,advanced,2–4,1,NA,0,0,0,NA,NA,NA,NA,0,NA,NA,0,NA,NA,0,NA,NA,NA,NA,NA,NA,NA,593_T4_TP_20250827,NA,1,NA,NA,NA,NA,NA,1,Část v oplocence,DCIM/context_n20250715083243184.jpg,DCIM/context_e20250715083237954.jpg,DCIM/context_s20250715083229211.jpg,DCIM/context_w20250715083222391.jpg,2025-07-15T08:30:43Z,15.21975091,49.33836524,DCIM/plot_e_20250715082908739.jpg,DCIM/plot_n_20250715082918582.jpg,TRUE,158,5,3,3
10,BR,small,1.3–2.0,1,NA,0,0,0,NA,NA,NA,NA,0,NA,NA,0,NA,NA,0,NA,NA,NA,NA,NA,NA,NA,593_T4_TP_20250827,NA,1,NA,NA,NA,NA,NA,1,Část v oplocence,DCIM/context_n20250715083243184.jpg,DCIM/context_e20250715083237954.jpg,DCIM/context_s20250715083229211.jpg,DCIM/context_w20250715083222391.jpg,2025-07-15T08:30:43Z,15.21975091,49.33836524,DCIM/plot_e_20250715082908739.jpg,DCIM/plot_n_20250715082918582.jpg,TRUE,158,5,1.7,1.7
18,SM,advanced,2–4,1,NA,0,0,0,NA,NA,NA,NA,0,NA,NA,0,NA,NA,0,NA,NA,NA,NA,NA,NA,NA,594_T2_AH_20250827,NA,1,NA,NA,NA,NA,1,0,NA,DCIM/context_n20250820073511857.jpg,DCIM/context_e20250820073505823.jpg,DCIM/context_s20250820073500874.jpg,DCIM/context_w20250820073454878.jpg,2025-08-20T07:34:28Z,15.37800724,49.7317816,DCIM/plot_e_20250820073302087.jpg,DCIM/plot_n_20250820073332455.jpg,TRUE,102,5,3,3
10,BR,small,1.3–2.0,1,NA,0,0,0,NA,NA,NA,NA,0,NA,NA,0,NA,NA,0,NA,NA,NA,NA,NA,NA,NA,594_T2_AH_20250827,NA,1,NA,NA,NA,NA,1,0,NA,DCIM/context_n20250820073511857.jpg,DCIM/context_e20250820073505823.jpg,DCIM/context_s20250820073500874.jpg,DCIM/context_w20250820073454878.jpg,2025-08-20T07:34:28Z,15.37800724,49.7317816,DCIM/plot_e_20250820073302087.jpg,DCIM/plot_n_20250820073332455.jpg,TRUE,102,5,1.7,1.7
10,BR,small,0.4–0.6,4,NA,0,0,0,NA,NA,NA,NA,0,NA,NA,0,NA,NA,0,NA,NA,NA,NA,NA,NA,NA,594_T4_TP_20250827,NA,1,NA,NA,NA,1,1,0,Spadlá oplocenka,DCIM/context_n20250715084530685.jpg,DCIM/context_e20250715084524983.jpg,DCIM/context_s20250715084519978.jpg,DCIM/context_w20250715084513119.jpg,2025-07-15T08:44:22Z,15.22004316,49.33853106,DCIM/plot_e_20250715083713703.jpg,DCIM/plot_n_20250715083745361.jpg,TRUE,158,5,0.5,0.5
19,BO,small,0.2–0.4,1,NA,1,1,100,1,olistení,NA,NA,0,80-100,NA,1,80-100,NA,0,NA,NA,NA,NA,NA,NA,T4594OBO4,594_T4_TP_20250827,NA,1,NA,NA,NA,1,1,0,Spadlá oplocenka,DCIM/context_n20250715084530685.jpg,DCIM/context_e20250715084524983.jpg,DCIM/context_s20250715084519978.jpg,DCIM/context_w20250715084513119.jpg,2025-07-15T08:44:22Z,15.22004316,49.33853106,DCIM/plot_e_20250715083713703.jpg,DCIM/plot_n_20250715083745361.jpg,TRUE,158,5,0.3,0.3
18,SM,advanced,2–4,1,NA,0,0,0,NA,NA,NA,NA,0,NA,NA,0,NA,NA,0,NA,NA,NA,NA,NA,NA,NA,595_T2_AH_20250827,NA,1,NA,NA,NA,NA,1,0,NA,DCIM/context_n20250820074407056.jpg,DCIM/context_e20250820074359637.jpg,DCIM/context_s20250820074353372.jpg,DCIM/context_w20250820074344440.jpg,2025-08-20T07:43:21Z,15.37775338,49.73196924,DCIM/plot_e_20250820073812427.jpg,DCIM/plot_n_20250820073825544.jpg,TRUE,102,5,3,3
17,MD,advanced,2–4,1,NA,1,1,100,1,olistení,NA,NA,0,0-20,NA,1,40-60,NA,0,NA,NA,NA,NA,NA,NA,T2595PMD4,595_T2_AH_20250827,NA,1,NA,NA,NA,NA,1,0,NA,DCIM/context_n20250820074407056.jpg,DCIM/context_e20250820074359637.jpg,DCIM/context_s20250820074353372.jpg,DCIM/context_w20250820074344440.jpg,2025-08-20T07:43:21Z,15.37775338,49.73196924,DCIM/plot_e_20250820073812427.jpg,DCIM/plot_n_20250820073825544.jpg,TRUE,102,5,3,3
19,BO,small,1.0–1.3,1,NA,0,0,0,NA,NA,NA,NA,0,NA,NA,0,NA,NA,0,NA,NA,NA,NA,NA,NA,NA,595_T2_AH_20250827,NA,1,NA,NA,NA,NA,1,0,NA,DCIM/context_n20250820074407056.jpg,DCIM/context_e20250820074359637.jpg,DCIM/context_s20250820074353372.jpg,DCIM/context_w20250820074344440.jpg,2025-08-20T07:43:21Z,15.37775338,49.73196924,DCIM/plot_e_20250820073812427.jpg,DCIM/plot_n_20250820073825544.jpg,TRUE,102,5,1.2,1.2
1,JD,small,0.2–0.4,1,NA,1,1,100,1,terminal,chybajuci,NA,1,NA,NA,0,NA,NA,0,NA,NA,NA,NA,NA,NA,NA,595_T4_TP_20250827,NA,1,NA,NA,NA,NA,NA,0,Spadlá oplocenka,DCIM/context_n20250715085054622.jpg,DCIM/context_e20250715085047699.jpg,DCIM/context_s20250715085041201.jpg,DCIM/context_w20250715085035894.jpg,2025-07-15T08:49:53Z,15.22030132,49.33833939,DCIM/plot_e_20250715084742973.jpg,DCIM/plot_n_20250715084752652.jpg,TRUE,158,5,0.3,0.3
18,SM,advanced,2–4,1,NA,0,0,0,NA,NA,NA,NA,0,NA,NA,0,NA,NA,0,NA,NA,NA,NA,NA,NA,NA,596_T2_AH_20250827,NA,1,NA,NA,NA,NA,1,0,"Břeh potoka, JR výmladky 6",DCIM/context_n20250820075123931.jpg,DCIM/context_e20250820075115013.jpg,DCIM/context_s20250820075103183.jpg,DCIM/context_w20250820075054780.jpg,2025-08-20T07:49:26Z,15.37804342,49.73213735,DCIM/plot_e_20250820074756416.jpg,DCIM/plot_n_20250820074815527.jpg,TRUE,102,5,3,3
30,JR,advanced,2–4,1,NA,0,0,0,NA,NA,NA,NA,0,NA,NA,0,NA,NA,0,NA,NA,NA,NA,NA,NA,NA,596_T2_AH_20250827,NA,1,NA,NA,NA,NA,1,0,"Břeh potoka, JR výmladky 6",DCIM/context_n20250820075123931.jpg,DCIM/context_e20250820075115013.jpg,DCIM/context_s20250820075103183.jpg,DCIM/context_w20250820075054780.jpg,2025-08-20T07:49:26Z,15.37804342,49.73213735,DCIM/plot_e_20250820074756416.jpg,DCIM/plot_n_20250820074815527.jpg,TRUE,102,5,3,3
18,SM,small,1.0–1.3,2,NA,0,0,0,NA,NA,NA,NA,0,NA,NA,0,NA,NA,0,NA,NA,NA,NA,NA,NA,NA,597_T2_AH_20250827,1,1,NA,NA,1,1,1,1,Nátěr,DCIM/context_n20250820081440582.jpg,DCIM/context_e20250820081434682.jpg,DCIM/context_s20250820081429032.jpg,DCIM/context_w20250820081423250.jpg,2025-08-20T08:13:43Z,15.37980874,49.73800395,DCIM/plot_e_20250820081304495.jpg,DCIM/plot_n_20250820081313745.jpg,TRUE,103,5,1.2,1.2
17,MD,small,1.0–1.3,1,NA,0,0,0,NA,NA,NA,NA,0,NA,NA,0,NA,NA,0,NA,NA,NA,NA,NA,NA,NA,598_T2_AH_20250827,NA,1,NA,NA,0,1,NA,0,NA,DCIM/context_n20250820082000407.jpg,DCIM/context_e20250820081953606.jpg,DCIM/context_s20250820081948023.jpg,DCIM/context_w20250820081942658.jpg,2025-08-20T08:19:11Z,15.38011454,49.73816718,DCIM/plot_e_20250820081805202.jpg,DCIM/plot_n_20250820081814020.jpg,TRUE,103,5,1.2,1.2
10,BR,small,0.6–0.8,1,NA,0,0,0,NA,NA,NA,NA,0,NA,NA,0,NA,NA,0,NA,NA,NA,NA,NA,NA,NA,598_T2_AH_20250827,NA,1,NA,NA,0,1,NA,0,NA,DCIM/context_n20250820082000407.jpg,DCIM/context_e20250820081953606.jpg,DCIM/context_s20250820081948023.jpg,DCIM/context_w20250820081942658.jpg,2025-08-20T08:19:11Z,15.38011454,49.73816718,DCIM/plot_e_20250820081805202.jpg,DCIM/plot_n_20250820081814020.jpg,TRUE,103,5,0.7,0.7
18,SM,advanced,>4,3,NA,0,0,0,NA,NA,NA,NA,0,NA,NA,0,NA,NA,0,NA,NA,NA,NA,NA,NA,NA,599_T4_TP_20250827,NA,1,NA,NA,NA,NA,NA,0,NA,DCIM/context_n20250715094037083.jpg,DCIM/context_e20250715094030798.jpg,DCIM/context_s20250715094018546.jpg,DCIM/context_w20250715094013027.jpg,2025-07-15T09:39:37Z,15.19584601,49.23295201,DCIM/plot_e_20250715093813506.jpg,DCIM/plot_n_20250715093823451.jpg,TRUE,159,5,5,5
18,SM,small,0.6–0.8,3,NA,1,1,33.33333333333333,2,kmen,NA,NA,0,NA,NA,0,NA,stare,1,mechanizace,NA,NA,NA,NA,NA,NA,600_T2_AH_20250827,NA,1,NA,NA,1,1,1,1,Nátěr,DCIM/context_n20250820082817237.jpg,DCIM/context_e20250820082811005.jpg,DCIM/context_s20250820082805805.jpg,DCIM/context_w20250820082800509.jpg,2025-08-20T08:27:22Z,15.38008987,49.73799185,DCIM/plot_e_20250820082452881.jpg,DCIM/plot_n_20250820082502799.jpg,TRUE,103,5,0.7,0.7
17,MD,small,0.6–0.8,1,NA,1,1,100,1,terminal,chybajuci,NA,1,NA,NA,0,NA,NA,0,NA,NA,NA,NA,NA,NA,NA,600_T4_TP_20250827,NA,1,NA,NA,NA,NA,1,1,Oplocenka,DCIM/context_n20250715094828220.jpg,DCIM/context_e20250715094822888.jpg,DCIM/context_s20250715094817497.jpg,DCIM/context_w20250715094810472.jpg,2025-07-15T09:47:35Z,15.19609491,49.2327587,DCIM/plot_e_20250715094511949.jpg,DCIM/plot_n_20250715094519250.jpg,TRUE,159,5,0.7,0.7
19,BO,small,0.6–0.8,5,NA,0,0,0,NA,NA,NA,NA,0,NA,NA,0,NA,NA,0,NA,NA,NA,NA,NA,NA,NA,601_T4_TP_20250827,NA,1,NA,NA,1,NA,1,1,Repelent,DCIM/context_n20250715102000842.jpg,DCIM/context_e20250715101956476.jpg,DCIM/context_s20250715101949069.jpg,DCIM/context_w20250715101943979.jpg,2025-07-15T10:19:00Z,15.14139943,49.13398612,DCIM/plot_e_20250715101723687.jpg,DCIM/plot_n_20250715101731597.jpg,TRUE,160,5,0.7,0.7
18,SM,small,1.3–2.0,2,NA,0,0,0,NA,NA,NA,NA,0,NA,NA,0,NA,NA,0,NA,NA,NA,NA,NA,NA,NA,602_T2_AH_20250827,NA,1,NA,NA,NA,NA,1,0,NA,DCIM/context_n20250820094135066.jpg,DCIM/context_e20250820094129385.jpg,DCIM/context_s20250820094124126.jpg,DCIM/context_w20250820094117209.jpg,2025-08-20T09:40:48Z,15.43205996,49.70036012,DCIM/plot_e_20250820093905922.jpg,DCIM/plot_n_20250820093922998.jpg,TRUE,104,5,1.7,1.7
10,BR,small,1.3–2.0,1,NA,0,0,0,NA,NA,NA,NA,0,NA,NA,0,NA,NA,0,NA,NA,NA,NA,NA,NA,NA,602_T2_AH_20250827,NA,1,NA,NA,NA,NA,1,0,NA,DCIM/context_n20250820094135066.jpg,DCIM/context_e20250820094129385.jpg,DCIM/context_s20250820094124126.jpg,DCIM/context_w20250820094117209.jpg,2025-08-20T09:40:48Z,15.43205996,49.70036012,DCIM/plot_e_20250820093905922.jpg,DCIM/plot_n_20250820093922998.jpg,TRUE,104,5,1.7,1.7
24,DB,small,0.6–0.8,1,NA,0,0,0,NA,NA,NA,NA,0,NA,NA,0,NA,NA,0,NA,NA,NA,NA,NA,NA,NA,602_T2_AH_20250827,NA,1,NA,NA,NA,NA,1,0,NA,DCIM/context_n20250820094135066.jpg,DCIM/context_e20250820094129385.jpg,DCIM/context_s20250820094124126.jpg,DCIM/context_w20250820094117209.jpg,2025-08-20T09:40:48Z,15.43205996,49.70036012,DCIM/plot_e_20250820093905922.jpg,DCIM/plot_n_20250820093922998.jpg,TRUE,104,5,0.7,0.7
10,BR,small,0.4–0.6,2,NA,0,0,0,NA,NA,NA,NA,0,NA,NA,0,NA,NA,0,NA,NA,NA,NA,NA,NA,NA,603_T2_AH_20250827,1,1,NA,NA,NA,NA,NA,0,NA,DCIM/context_n20250820094550897.jpg,DCIM/context_e20250820094545717.jpg,DCIM/context_s20250820094541206.jpg,DCIM/context_w20250820094536479.jpg,2025-08-20T09:45:20Z,15.43176288,49.70019432,DCIM/plot_e_20250820094407297.jpg,DCIM/plot_n_20250820094419143.jpg,TRUE,104,5,0.5,0.5
19,BO,small,0.6–0.8,2,NA,1,1,50,1,terminal,odumrety,NA,1,NA,NA,0,NA,NA,0,NA,NA,NA,NA,Vytlučeno,NA,NA,603_T4_TP_20250827,NA,1,NA,NA,NA,NA,1,0,NA,DCIM/context_n20250715103033785.jpg,DCIM/context_e20250715103028869.jpg,DCIM/context_s20250715103024027.jpg,DCIM/context_w20250715103018542.jpg,2025-07-15T10:29:48Z,15.14165714,49.1337931,DCIM/plot_e_20250715102507385.jpg,DCIM/plot_n_20250715102516257.jpg,TRUE,160,5,0.7,0.7
10,BR,small,0.6–0.8,1,NA,1,1,100,1,terminal,zivy,NA,1,60-80,NA,1,80-100,NA,0,NA,NA,NA,NA,NA,NA,NA,603_T4_TP_20250827,NA,1,NA,NA,NA,NA,1,0,NA,DCIM/context_n20250715103033785.jpg,DCIM/context_e20250715103028869.jpg,DCIM/context_s20250715103024027.jpg,DCIM/context_w20250715103018542.jpg,2025-07-15T10:29:48Z,15.14165714,49.1337931,DCIM/plot_e_20250715102507385.jpg,DCIM/plot_n_20250715102516257.jpg,TRUE,160,5,0.7,0.7
18,SM,small,1.3–2.0,1,NA,0,0,0,NA,NA,NA,NA,0,NA,NA,0,NA,NA,0,NA,NA,NA,NA,NA,NA,NA,604_T2_AH_20250827,NA,1,NA,NA,NA,1,1,0,NA,DCIM/context_n20250820095027944.jpg,DCIM/context_e20250820095020628.jpg,DCIM/context_s20250820095012792.jpg,DCIM/context_w20250820095003471.jpg,2025-08-20T09:49:30Z,15.43150682,49.70038686,DCIM/plot_e_20250820094827955.jpg,DCIM/plot_n_20250820094818050.jpg,TRUE,104,5,1.7,1.7
10,BR,small,0.6–0.8,2,NA,0,0,0,NA,NA,NA,NA,0,NA,NA,0,NA,NA,0,NA,NA,NA,NA,NA,NA,NA,604_T2_AH_20250827,NA,1,NA,NA,NA,1,1,0,NA,DCIM/context_n20250820095027944.jpg,DCIM/context_e20250820095020628.jpg,DCIM/context_s20250820095012792.jpg,DCIM/context_w20250820095003471.jpg,2025-08-20T09:49:30Z,15.43150682,49.70038686,DCIM/plot_e_20250820094827955.jpg,DCIM/plot_n_20250820094818050.jpg,TRUE,104,5,0.7,0.7
30,JR,small,0.8–1.0,2,NA,1,1,50,1,terminal,odumrety,NA,1,NA,NA,0,NA,NA,0,NA,NA,NA,NA,T4604OJR1,NA,NA,604_T4_TP_20250827,NA,1,NA,NA,NA,NA,NA,0,NA,DCIM/context_n20250715103822827.jpg,DCIM/context_e20250715103817061.jpg,DCIM/context_s20250715103811479.jpg,DCIM/context_w20250715103806738.jpg,2025-07-15T10:37:40Z,15.14194836,49.13396109,DCIM/plot_e_20250715103318468.jpg,DCIM/plot_n_20250715103326383.jpg,TRUE,160,5,0.9,0.9
18,SM,small,1.3–2.0,1,NA,0,0,0,NA,NA,NA,NA,0,NA,NA,0,NA,NA,0,NA,NA,NA,NA,NA,NA,NA,605_T2_AH_20250827,NA,1,NA,NA,NA,NA,1,0,NA,DCIM/context_n20250820095339538.jpg,DCIM/context_e20250820095334208.jpg,DCIM/context_s20250820095329335.jpg,DCIM/context_w20250820095324788.jpg,2025-08-20T09:53:09Z,15.43178175,49.70037187,DCIM/plot_e_20250820095222337.jpg,DCIM/plot_n_20250820095230055.jpg,TRUE,104,5,1.7,1.7
18,SM,advanced,2–4,1,NA,0,0,0,NA,NA,NA,NA,0,NA,NA,0,NA,NA,0,NA,NA,NA,NA,NA,NA,NA,605_T4_TP_20250827,NA,1,NA,NA,NA,NA,NA,0,NA,DCIM/context_n20250715104405924.jpg,DCIM/context_e20250715104400263.jpg,DCIM/context_s20250715104354927.jpg,DCIM/context_w20250715104349465.jpg,2025-07-15T10:43:11Z,15.14169284,49.13415248,DCIM/plot_e_20250715104133878.jpg,DCIM/plot_n_20250715104146426.jpg,TRUE,160,5,3,3
10,BR,small,1.0–1.3,1,NA,0,0,0,NA,NA,NA,NA,0,NA,NA,0,NA,NA,0,NA,NA,NA,NA,NA,NA,NA,605_T4_TP_20250827,NA,1,NA,NA,NA,NA,NA,0,NA,DCIM/context_n20250715104405924.jpg,DCIM/context_e20250715104400263.jpg,DCIM/context_s20250715104354927.jpg,DCIM/context_w20250715104349465.jpg,2025-07-15T10:43:11Z,15.14169284,49.13415248,DCIM/plot_e_20250715104133878.jpg,DCIM/plot_n_20250715104146426.jpg,TRUE,160,5,1.2,1.2
18,SM,small,1.0–1.3,2,NA,0,0,0,NA,NA,NA,NA,0,NA,NA,0,NA,NA,0,NA,NA,NA,NA,NA,NA,NA,606_T2_AH_20250827,1,1,NA,NA,NA,NA,1,0,NA,DCIM/context_n20250820095754516.jpg,DCIM/context_e20250820095748819.jpg,DCIM/context_s20250820095718531.jpg,DCIM/context_w20250820095712331.jpg,2025-08-20T09:56:49Z,15.43180455,49.70055082,DCIM/plot_e_20250820095512376.jpg,DCIM/plot_n_20250820095522082.jpg,TRUE,104,5,1.2,1.2
10,BR,small,0.8–1.0,8,NA,0,0,0,NA,NA,NA,NA,0,NA,NA,0,NA,NA,0,NA,NA,NA,NA,NA,NA,NA,606_T2_AH_20250827,1,1,NA,NA,NA,NA,1,0,NA,DCIM/context_n20250820095754516.jpg,DCIM/context_e20250820095748819.jpg,DCIM/context_s20250820095718531.jpg,DCIM/context_w20250820095712331.jpg,2025-08-20T09:56:49Z,15.43180455,49.70055082,DCIM/plot_e_20250820095512376.jpg,DCIM/plot_n_20250820095522082.jpg,TRUE,104,5,0.9,0.9
19,BO,small,1.3–2.0,1,NA,1,1,100,1,olistení,NA,NA,0,0-20,NA,1,60-80,NA,0,NA,NA,NA,NA,NA,NA,T4606OBO4,606_T4_TP_20250827,NA,1,NA,NA,1,NA,1,1,Oplocenka,DCIM/context_n20250715123638833.jpg,DCIM/context_e20250715123634032.jpg,DCIM/context_s20250715123628686.jpg,DCIM/context_w20250715123622365.jpg,2025-07-15T12:35:45Z,15.2779011,49.10780728,DCIM/plot_e_20250715122710417.jpg,DCIM/plot_n_20250715122722091.jpg,TRUE,161,5,1.7,1.7
10,BR,small,1.3–2.0,2,NA,0,0,0,NA,NA,NA,NA,0,NA,NA,0,NA,NA,0,NA,NA,NA,NA,NA,NA,NA,606_T4_TP_20250827,NA,1,NA,NA,1,NA,1,1,Oplocenka,DCIM/context_n20250715123638833.jpg,DCIM/context_e20250715123634032.jpg,DCIM/context_s20250715123628686.jpg,DCIM/context_w20250715123622365.jpg,2025-07-15T12:35:45Z,15.2779011,49.10780728,DCIM/plot_e_20250715122710417.jpg,DCIM/plot_n_20250715122722091.jpg,TRUE,161,5,1.7,1.7
4,KL,small,0.2–0.4,1,NA,1,1,100,1,terminal,odumrety,NA,1,NA,NA,0,NA,NA,0,NA,NA,NA,NA,T4606OKL1,NA,NA,606_T4_TP_20250827,NA,1,NA,NA,1,NA,1,1,Oplocenka,DCIM/context_n20250715123638833.jpg,DCIM/context_e20250715123634032.jpg,DCIM/context_s20250715123628686.jpg,DCIM/context_w20250715123622365.jpg,2025-07-15T12:35:45Z,15.2779011,49.10780728,DCIM/plot_e_20250715122710417.jpg,DCIM/plot_n_20250715122722091.jpg,TRUE,161,5,0.3,0.3
18,SM,small,0.4–0.6,1,NA,0,0,0,NA,NA,NA,NA,0,NA,NA,0,NA,NA,0,NA,NA,NA,NA,NA,NA,NA,607_T2_AH_20250827,NA,1,NA,NA,NA,1,1,1,Nátěr,DCIM/context_n20250820102955261.jpg,DCIM/context_e20250820102950198.jpg,DCIM/context_s20250820102945707.jpg,DCIM/context_w20250820102938875.jpg,2025-08-20T10:28:47Z,15.43232516,49.69530001,DCIM/plot_e_20250820102812948.jpg,DCIM/plot_n_20250820102821502.jpg,TRUE,105,5,0.5,0.5
19,BO,small,1.3–2.0,3,NA,0,0,0,NA,NA,NA,NA,0,NA,NA,0,NA,NA,0,NA,NA,NA,NA,NA,NA,NA,607_T4_TP_20250827,1,1,NA,NA,1,NA,1,1,Oplocenka,DCIM/context_n20250715124325402.jpg,DCIM/context_e20250715124320288.jpg,DCIM/context_s20250715124315243.jpg,DCIM/context_w20250715124310381.jpg,2025-07-15T12:42:34Z,15.27792205,49.10798382,DCIM/plot_e_20250715123845738.jpg,DCIM/plot_n_20250715123854719.jpg,TRUE,161,5,1.7,1.7
24,DB,small,0.2–0.4,1,NA,1,1,100,1,terminal,zivy,NA,1,NA,NA,0,NA,NA,0,NA,NA,NA,NA,NA,NA,NA,607_T4_TP_20250827,1,1,NA,NA,1,NA,1,1,Oplocenka,DCIM/context_n20250715124325402.jpg,DCIM/context_e20250715124320288.jpg,DCIM/context_s20250715124315243.jpg,DCIM/context_w20250715124310381.jpg,2025-07-15T12:42:34Z,15.27792205,49.10798382,DCIM/plot_e_20250715123845738.jpg,DCIM/plot_n_20250715123854719.jpg,TRUE,161,5,0.3,0.3
18,SM,small,0.4–0.6,1,NA,0,0,0,NA,NA,NA,NA,0,NA,NA,0,NA,NA,0,NA,NA,NA,NA,NA,NA,NA,607_T4_TP_20250827,1,1,NA,NA,1,NA,1,1,Oplocenka,DCIM/context_n20250715124325402.jpg,DCIM/context_e20250715124320288.jpg,DCIM/context_s20250715124315243.jpg,DCIM/context_w20250715124310381.jpg,2025-07-15T12:42:34Z,15.27792205,49.10798382,DCIM/plot_e_20250715123845738.jpg,DCIM/plot_n_20250715123854719.jpg,TRUE,161,5,0.5,0.5
18,SM,small,0.6–0.8,1,NA,0,0,0,NA,NA,NA,NA,0,NA,NA,0,NA,NA,0,NA,NA,NA,NA,NA,NA,NA,608_T2_AH_20250827,NA,1,NA,NA,NA,1,1,1,Nátěr,DCIM/context_n20250820103401368.jpg,DCIM/context_e20250820103354234.jpg,DCIM/context_s20250820103348708.jpg,DCIM/context_w20250820103344000.jpg,2025-08-20T10:33:07Z,15.43234249,49.6954767,DCIM/plot_e_20250820103149901.jpg,DCIM/plot_n_20250820103158659.jpg,TRUE,105,5,0.7,0.7
30,JR,small,1.0–1.3,1,NA,1,1,100,1,kmen,NA,NA,0,NA,NA,0,NA,stare,1,mechanizace,80-100,NA,NA,NA,NA,NA,608_T4_TP_20250827,1,1,NA,NA,NA,NA,0,1,Oplocenka,DCIM/context_n20250715124820201.jpg,DCIM/context_e20250715124814939.jpg,DCIM/context_s20250715124810181.jpg,DCIM/context_w20250715124805878.jpg,2025-07-15T12:47:29Z,15.2781986,49.10797132,DCIM/plot_e_20250715124512921.jpg,DCIM/plot_n_20250715124523210.jpg,TRUE,161,5,1.2,1.2
18,SM,small,0.4–0.6,1,NA,0,0,0,NA,NA,NA,NA,0,NA,NA,0,NA,NA,0,NA,NA,NA,NA,NA,NA,NA,609_T2_AH_20250827,NA,1,NA,NA,NA,1,1,1,Nátěr,DCIM/context_n20250820103700182.jpg,DCIM/context_e20250820103654636.jpg,DCIM/context_s20250820103648469.jpg,DCIM/context_w20250820103643460.jpg,2025-08-20T10:36:22Z,15.43262006,49.69546539,DCIM/plot_e_20250820103542546.jpg,DCIM/plot_n_20250820103549376.jpg,TRUE,105,5,0.5,0.5
24,DB,small,0.8–1.0,2,NA,1,1,50,1,terminal,chybajuci,NA,1,NA,NA,0,NA,NA,0,NA,NA,NA,NA,Okus a padlý dubové,NA,NA,609_T4_TP_20250827,NA,1,NA,NA,1,NA,1,1,Oplocenka,DCIM/context_n20250715125520502.jpg,DCIM/context_e20250715125516062.jpg,DCIM/context_s20250715125511490.jpg,DCIM/context_w20250715125505926.jpg,2025-07-15T12:54:34Z,15.27794396,49.10816394,DCIM/plot_e_20250715125038173.jpg,DCIM/plot_n_20250715125047709.jpg,TRUE,161,5,0.9,0.9
19,BO,small,0.6–0.8,1,NA,0,0,0,NA,NA,NA,NA,0,NA,NA,0,NA,NA,0,NA,NA,NA,NA,NA,NA,NA,609_T4_TP_20250827,NA,1,NA,NA,1,NA,1,1,Oplocenka,DCIM/context_n20250715125520502.jpg,DCIM/context_e20250715125516062.jpg,DCIM/context_s20250715125511490.jpg,DCIM/context_w20250715125505926.jpg,2025-07-15T12:54:34Z,15.27794396,49.10816394,DCIM/plot_e_20250715125038173.jpg,DCIM/plot_n_20250715125047709.jpg,TRUE,161,5,0.7,0.7
30,JR,small,0.2–0.4,1,NA,0,0,0,NA,NA,NA,NA,0,NA,NA,0,NA,NA,0,NA,NA,NA,NA,NA,NA,NA,609_T4_TP_20250827,NA,1,NA,NA,1,NA,1,1,Oplocenka,DCIM/context_n20250715125520502.jpg,DCIM/context_e20250715125516062.jpg,DCIM/context_s20250715125511490.jpg,DCIM/context_w20250715125505926.jpg,2025-07-15T12:54:34Z,15.27794396,49.10816394,DCIM/plot_e_20250715125038173.jpg,DCIM/plot_n_20250715125047709.jpg,TRUE,161,5,0.3,0.3
18,SM,small,0.6–0.8,2,NA,0,0,0,NA,NA,NA,NA,0,NA,NA,0,NA,NA,0,NA,NA,NA,NA,NA,NA,NA,610_T2_AH_20250827,NA,1,NA,NA,NA,NA,1,1,"Nátěr, bez černý na ploše",DCIM/context_n20250820104204514.jpg,DCIM/context_e20250820104155059.jpg,DCIM/context_s20250820104148238.jpg,DCIM/context_w20250820104142457.jpg,2025-08-20T10:40:16Z,15.43236665,49.69566055,DCIM/plot_e_20250820103941204.jpg,DCIM/plot_n_20250820103949456.jpg,TRUE,105,5,0.7,0.7
19,BO,advanced,2–4,2,NA,0,0,0,NA,NA,NA,NA,0,NA,NA,0,NA,NA,0,NA,NA,NA,NA,NA,NA,NA,610_T4_TP_20250827,NA,1,NA,NA,1,NA,NA,1,Oplocenka,DCIM/context_n20250715130333550.jpg,DCIM/context_e20250715130327475.jpg,DCIM/context_s20250715130322284.jpg,DCIM/context_w20250715130317216.jpg,2025-07-15T13:02:43Z,15.2776525,49.10800098,DCIM/plot_e_20250715125754794.jpg,DCIM/plot_n_20250715125807272.jpg,TRUE,161,5,3,3
19,BO,small,1.3–2.0,4,NA,0,0,0,NA,NA,NA,NA,0,NA,NA,0,NA,NA,0,NA,NA,NA,NA,NA,NA,NA,610_T4_TP_20250827,NA,1,NA,NA,1,NA,NA,1,Oplocenka,DCIM/context_n20250715130333550.jpg,DCIM/context_e20250715130327475.jpg,DCIM/context_s20250715130322284.jpg,DCIM/context_w20250715130317216.jpg,2025-07-15T13:02:43Z,15.2776525,49.10800098,DCIM/plot_e_20250715125754794.jpg,DCIM/plot_n_20250715125807272.jpg,TRUE,161,5,1.7,1.7
24,DB,small,0.4–0.6,2,NA,0,0,0,NA,NA,NA,NA,0,NA,NA,0,NA,NA,0,NA,NA,NA,NA,NA,NA,NA,610_T4_TP_20250827,NA,1,NA,NA,1,NA,NA,1,Oplocenka,DCIM/context_n20250715130333550.jpg,DCIM/context_e20250715130327475.jpg,DCIM/context_s20250715130322284.jpg,DCIM/context_w20250715130317216.jpg,2025-07-15T13:02:43Z,15.2776525,49.10800098,DCIM/plot_e_20250715125754794.jpg,DCIM/plot_n_20250715125807272.jpg,TRUE,161,5,0.5,0.5
18,SM,small,1.0–1.3,2,NA,0,0,0,NA,NA,NA,NA,0,NA,NA,0,NA,NA,0,NA,NA,NA,NA,NA,NA,NA,610_T4_TP_20250827,NA,1,NA,NA,1,NA,NA,1,Oplocenka,DCIM/context_n20250715130333550.jpg,DCIM/context_e20250715130327475.jpg,DCIM/context_s20250715130322284.jpg,DCIM/context_w20250715130317216.jpg,2025-07-15T13:02:43Z,15.2776525,49.10800098,DCIM/plot_e_20250715125754794.jpg,DCIM/plot_n_20250715125807272.jpg,TRUE,161,5,1.2,1.2
30,JR,small,0.2–0.4,1,NA,0,0,0,NA,NA,NA,NA,0,NA,NA,0,NA,NA,0,NA,NA,NA,NA,NA,NA,NA,610_T4_TP_20250827,NA,1,NA,NA,1,NA,NA,1,Oplocenka,DCIM/context_n20250715130333550.jpg,DCIM/context_e20250715130327475.jpg,DCIM/context_s20250715130322284.jpg,DCIM/context_w20250715130317216.jpg,2025-07-15T13:02:43Z,15.2776525,49.10800098,DCIM/plot_e_20250715125754794.jpg,DCIM/plot_n_20250715125807272.jpg,TRUE,161,5,0.3,0.3
18,SM,small,0.4–0.6,1,NA,0,0,0,NA,NA,NA,NA,0,NA,NA,0,NA,NA,0,NA,NA,NA,NA,NA,NA,NA,611_T2_AH_20250827,NA,1,NA,NA,NA,1,1,1,Nátěr,DCIM/context_n20250820104525963.jpg,DCIM/context_e20250820104519763.jpg,DCIM/context_s20250820104514969.jpg,DCIM/context_w20250820104509555.jpg,2025-08-20T10:44:47Z,15.43206729,49.69549189,DCIM/plot_e_20250820104406838.jpg,DCIM/plot_n_20250820104415842.jpg,TRUE,105,5,0.5,0.5
13,BK,small,1.3–2.0,1,NA,0,0,0,NA,NA,NA,NA,0,NA,NA,0,NA,NA,0,NA,NA,NA,NA,NA,NA,NA,611_T4_TP_20250827,NA,1,NA,NA,NA,NA,1,0,NA,DCIM/context_n20250715133001044.jpg,DCIM/context_e20250715132956410.jpg,DCIM/context_s20250715132951102.jpg,DCIM/context_w20250715132944670.jpg,2025-07-15T13:29:17Z,15.29281706,49.10854422,DCIM/plot_e_20250715132630291.jpg,DCIM/plot_n_20250715132643642.jpg,TRUE,162,5,1.7,1.7
18,SM,small,1.3–2.0,1,NA,0,0,0,NA,NA,NA,NA,0,NA,NA,0,NA,NA,0,NA,NA,NA,NA,NA,NA,NA,611_T4_TP_20250827,NA,1,NA,NA,NA,NA,1,0,NA,DCIM/context_n20250715133001044.jpg,DCIM/context_e20250715132956410.jpg,DCIM/context_s20250715132951102.jpg,DCIM/context_w20250715132944670.jpg,2025-07-15T13:29:17Z,15.29281706,49.10854422,DCIM/plot_e_20250715132630291.jpg,DCIM/plot_n_20250715132643642.jpg,TRUE,162,5,1.7,1.7
30,JR,small,0.8–1.0,1,NA,0,0,0,NA,NA,NA,NA,0,NA,NA,0,NA,NA,0,NA,NA,NA,NA,NA,NA,NA,611_T4_TP_20250827,NA,1,NA,NA,NA,NA,1,0,NA,DCIM/context_n20250715133001044.jpg,DCIM/context_e20250715132956410.jpg,DCIM/context_s20250715132951102.jpg,DCIM/context_w20250715132944670.jpg,2025-07-15T13:29:17Z,15.29281706,49.10854422,DCIM/plot_e_20250715132630291.jpg,DCIM/plot_n_20250715132643642.jpg,TRUE,162,5,0.9,0.9
18,SM,small,0.8–1.0,3,NA,0,0,0,NA,NA,NA,NA,0,NA,NA,0,NA,NA,0,NA,NA,NA,NA,NA,NA,NA,612_T2_AH_20250827,NA,1,NA,NA,NA,NA,NA,0,NA,DCIM/context_n20250820125742310.jpg,DCIM/context_e20250820125737103.jpg,DCIM/context_s20250820125732687.jpg,DCIM/context_w20250820125727963.jpg,2025-08-20T12:56:52Z,15.47756657,49.67256525,DCIM/plot_e_20250820125552594.jpg,DCIM/plot_n_20250820125601332.jpg,TRUE,106,5,0.9,0.9
18,SM,small,1.3–2.0,2,NA,0,0,0,NA,NA,NA,NA,0,NA,NA,0,NA,NA,0,NA,NA,NA,NA,NA,NA,NA,612_T4_TP_20250827,NA,1,NA,NA,NA,NA,NA,0,Dvojsadba,DCIM/context_n20250715133513010.jpg,DCIM/context_e20250715133503689.jpg,DCIM/context_s20250715133457355.jpg,DCIM/context_w20250715133448466.jpg,2025-07-15T13:33:58Z,15.29279542,49.10836488,DCIM/plot_e_20250715133202174.jpg,DCIM/plot_n_20250715133214376.jpg,TRUE,162,5,1.7,1.7
13,BK,small,1.3–2.0,1,NA,0,0,0,NA,NA,NA,NA,0,NA,NA,0,NA,NA,0,NA,NA,NA,NA,NA,NA,NA,612_T4_TP_20250827,NA,1,NA,NA,NA,NA,NA,0,Dvojsadba,DCIM/context_n20250715133513010.jpg,DCIM/context_e20250715133503689.jpg,DCIM/context_s20250715133457355.jpg,DCIM/context_w20250715133448466.jpg,2025-07-15T13:33:58Z,15.29279542,49.10836488,DCIM/plot_e_20250715133202174.jpg,DCIM/plot_n_20250715133214376.jpg,TRUE,162,5,1.7,1.7
10,BR,advanced,2–4,1,NA,0,0,0,NA,NA,NA,NA,0,NA,NA,0,NA,NA,0,NA,NA,NA,NA,NA,NA,NA,613_T2_AH_20250827,NA,1,NA,NA,NA,NA,NA,0,NA,DCIM/context_n20250820130628705.jpg,DCIM/context_e20250820130622005.jpg,DCIM/context_s20250820130616326.jpg,DCIM/context_w20250820130611797.jpg,2025-08-20T13:05:41Z,15.47729073,49.67257827,DCIM/plot_e_20250820130236864.jpg,DCIM/plot_n_20250820130227492.jpg,TRUE,106,5,3,3
18,SM,small,0.6–0.8,17,NA,0,0,0,NA,NA,NA,NA,0,NA,NA,0,NA,NA,0,NA,NA,NA,NA,NA,NA,NA,613_T2_AH_20250827,NA,1,NA,NA,NA,NA,NA,0,NA,DCIM/context_n20250820130628705.jpg,DCIM/context_e20250820130622005.jpg,DCIM/context_s20250820130616326.jpg,DCIM/context_w20250820130611797.jpg,2025-08-20T13:05:41Z,15.47729073,49.67257827,DCIM/plot_e_20250820130236864.jpg,DCIM/plot_n_20250820130227492.jpg,TRUE,106,5,0.7,0.7
19,BO,small,1.3–2.0,4,NA,0,0,0,NA,NA,NA,NA,0,NA,NA,0,NA,NA,0,NA,NA,NA,NA,NA,NA,NA,613_T2_AH_20250827,NA,1,NA,NA,NA,NA,NA,0,NA,DCIM/context_n20250820130628705.jpg,DCIM/context_e20250820130622005.jpg,DCIM/context_s20250820130616326.jpg,DCIM/context_w20250820130611797.jpg,2025-08-20T13:05:41Z,15.47729073,49.67257827,DCIM/plot_e_20250820130236864.jpg,DCIM/plot_n_20250820130227492.jpg,TRUE,106,5,1.7,1.7
13,BK,small,1.0–1.3,8,NA,0,0,0,NA,NA,NA,NA,0,NA,NA,0,NA,NA,0,NA,NA,NA,NA,NA,NA,NA,613_T2_AH_20250827,NA,1,NA,NA,NA,NA,NA,0,NA,DCIM/context_n20250820130628705.jpg,DCIM/context_e20250820130622005.jpg,DCIM/context_s20250820130616326.jpg,DCIM/context_w20250820130611797.jpg,2025-08-20T13:05:41Z,15.47729073,49.67257827,DCIM/plot_e_20250820130236864.jpg,DCIM/plot_n_20250820130227492.jpg,TRUE,106,5,1.2,1.2
10,BR,small,1.3–2.0,3,NA,0,0,0,NA,NA,NA,NA,0,NA,NA,0,NA,NA,0,NA,NA,NA,NA,NA,NA,NA,613_T2_AH_20250827,NA,1,NA,NA,NA,NA,NA,0,NA,DCIM/context_n20250820130628705.jpg,DCIM/context_e20250820130622005.jpg,DCIM/context_s20250820130616326.jpg,DCIM/context_w20250820130611797.jpg,2025-08-20T13:05:41Z,15.47729073,49.67257827,DCIM/plot_e_20250820130236864.jpg,DCIM/plot_n_20250820130227492.jpg,TRUE,106,5,1.7,1.7
18,SM,small,1.3–2.0,1,NA,1,1,100,1,terminal,chybajuci,NA,1,NA,NA,0,NA,NA,0,NA,NA,NA,NA,NA,NA,NA,613_T4_TP_20250827,NA,1,NA,NA,NA,NA,1,0,NA,DCIM/context_n20250715134111028.jpg,DCIM/context_e20250715134105526.jpg,DCIM/context_s20250715134100419.jpg,DCIM/context_w20250715134055670.jpg,2025-07-15T13:40:28Z,15.29307003,49.10835099,DCIM/plot_e_20250715133647708.jpg,DCIM/plot_n_20250715133656489.jpg,TRUE,162,5,1.7,1.7
13,BK,small,0.8–1.0,1,NA,1,1,100,1,terminal,chybajuci,NA,1,NA,NA,0,NA,NA,0,NA,NA,NA,NA,Zvěř,NA,NA,613_T4_TP_20250827,NA,1,NA,NA,NA,NA,1,0,NA,DCIM/context_n20250715134111028.jpg,DCIM/context_e20250715134105526.jpg,DCIM/context_s20250715134100419.jpg,DCIM/context_w20250715134055670.jpg,2025-07-15T13:40:28Z,15.29307003,49.10835099,DCIM/plot_e_20250715133647708.jpg,DCIM/plot_n_20250715133656489.jpg,TRUE,162,5,0.9,0.9
10,BR,small,0.8–1.0,1,NA,0,0,0,NA,NA,NA,NA,0,NA,NA,0,NA,NA,0,NA,NA,NA,NA,NA,NA,NA,613_T4_TP_20250827,NA,1,NA,NA,NA,NA,1,0,NA,DCIM/context_n20250715134111028.jpg,DCIM/context_e20250715134105526.jpg,DCIM/context_s20250715134100419.jpg,DCIM/context_w20250715134055670.jpg,2025-07-15T13:40:28Z,15.29307003,49.10835099,DCIM/plot_e_20250715133647708.jpg,DCIM/plot_n_20250715133656489.jpg,TRUE,162,5,0.9,0.9
19,BO,small,1.0–1.3,7,NA,0,0,0,NA,NA,NA,NA,0,NA,NA,0,NA,NA,0,NA,NA,NA,NA,NA,NA,NA,614_T2_AH_20250827,NA,1,NA,NA,NA,1,NA,0,NA,DCIM/context_n20250820131131248.jpg,DCIM/context_e20250820131126420.jpg,DCIM/context_s20250820131122194.jpg,DCIM/context_w20250820131116930.jpg,2025-08-20T13:10:50Z,15.47726984,49.67240267,DCIM/plot_e_20250820130901504.jpg,DCIM/plot_n_20250820130909691.jpg,TRUE,106,5,1.2,1.2
13,BK,small,0.2–0.4,1,NA,0,0,0,NA,NA,NA,NA,0,NA,NA,0,NA,NA,0,NA,NA,NA,NA,NA,NA,NA,614_T2_AH_20250827,NA,1,NA,NA,NA,1,NA,0,NA,DCIM/context_n20250820131131248.jpg,DCIM/context_e20250820131126420.jpg,DCIM/context_s20250820131122194.jpg,DCIM/context_w20250820131116930.jpg,2025-08-20T13:10:50Z,15.47726984,49.67240267,DCIM/plot_e_20250820130901504.jpg,DCIM/plot_n_20250820130909691.jpg,TRUE,106,5,0.3,0.3
18,SM,small,0.6–0.8,4,NA,0,0,0,NA,NA,NA,NA,0,NA,NA,0,NA,NA,0,NA,NA,NA,NA,NA,NA,NA,614_T2_AH_20250827,NA,1,NA,NA,NA,1,NA,0,NA,DCIM/context_n20250820131131248.jpg,DCIM/context_e20250820131126420.jpg,DCIM/context_s20250820131122194.jpg,DCIM/context_w20250820131116930.jpg,2025-08-20T13:10:50Z,15.47726984,49.67240267,DCIM/plot_e_20250820130901504.jpg,DCIM/plot_n_20250820130909691.jpg,TRUE,106,5,0.7,0.7
18,SM,small,1.3–2.0,2,NA,1,1,50,1,terminal,chybajuci,NA,1,NA,NA,0,NA,NA,0,NA,NA,NA,NA,NA,NA,NA,614_T4_TP_20250827,NA,1,NA,NA,NA,NA,1,0,NA,DCIM/context_n20250715134627790.jpg,DCIM/context_e20250715134621922.jpg,DCIM/context_s20250715134616041.jpg,DCIM/context_w20250715134609744.jpg,2025-07-15T13:45:43Z,15.29277829,49.10818993,DCIM/plot_e_20250715134319483.jpg,DCIM/plot_n_20250715134327272.jpg,TRUE,162,5,1.7,1.7
13,BK,small,1.0–1.3,1,NA,0,0,0,NA,NA,NA,NA,0,NA,NA,0,NA,NA,0,NA,NA,NA,NA,NA,NA,NA,614_T4_TP_20250827,NA,1,NA,NA,NA,NA,1,0,NA,DCIM/context_n20250715134627790.jpg,DCIM/context_e20250715134621922.jpg,DCIM/context_s20250715134616041.jpg,DCIM/context_w20250715134609744.jpg,2025-07-15T13:45:43Z,15.29277829,49.10818993,DCIM/plot_e_20250715134319483.jpg,DCIM/plot_n_20250715134327272.jpg,TRUE,162,5,1.2,1.2
17,MD,small,1.3–2.0,1,NA,1,1,100,1,kmen,NA,NA,0,NA,NA,0,NA,stare,1,nejasna,NA,NA,NA,NA,NA,NA,615_T4_TP_20250827,NA,1,NA,NA,NA,NA,1,0,NA,DCIM/context_n20250715135226237.jpg,DCIM/context_e20250715135219972.jpg,DCIM/context_s20250715135215297.jpg,DCIM/context_w20250715135208196.jpg,2025-07-15T13:51:41Z,15.2925228,49.10837629,DCIM/plot_e_20250715134849923.jpg,DCIM/plot_n_20250715134857970.jpg,TRUE,162,5,1.7,1.7
13,BK,small,0.6–0.8,3,NA,1,3,100,1,terminal,chybajuci,2,3,NA,NA,0,NA,NA,0,NA,NA,NA,NA,NA,NA,NA,616_T4_TP_20250827,NA,1,NA,NA,NA,NA,1,1,Oplocenka,DCIM/context_n20250715140428682.jpg,DCIM/context_e20250715140422807.jpg,DCIM/context_s20250715140417152.jpg,DCIM/context_w20250715140411480.jpg,2025-07-15T14:03:48Z,15.29685704,49.10780954,DCIM/plot_e_20250715140020435.jpg,DCIM/plot_n_20250715140029229.jpg,TRUE,59,5,0.7,0.7
30,JR,small,1.0–1.3,2,NA,0,0,0,NA,NA,NA,NA,0,NA,NA,0,NA,NA,0,NA,NA,NA,NA,NA,NA,NA,617_T2_AH_20250827,NA,1,NA,NA,1,1,NA,0,NA,DCIM/context_n20250820134054847.jpg,DCIM/context_e20250820134048314.jpg,DCIM/context_s20250820134043404.jpg,DCIM/context_w20250820134035901.jpg,2025-08-20T13:40:21Z,15.48457148,49.67060511,DCIM/plot_e_20250820133907139.jpg,DCIM/plot_n_20250820133915474.jpg,TRUE,107,5,1.2,1.2
18,SM,small,0.4–0.6,1,NA,0,0,0,NA,NA,NA,NA,0,NA,NA,0,NA,NA,0,NA,NA,NA,NA,NA,NA,NA,617_T2_AH_20250827,NA,1,NA,NA,1,1,NA,0,NA,DCIM/context_n20250820134054847.jpg,DCIM/context_e20250820134048314.jpg,DCIM/context_s20250820134043404.jpg,DCIM/context_w20250820134035901.jpg,2025-08-20T13:40:21Z,15.48457148,49.67060511,DCIM/plot_e_20250820133907139.jpg,DCIM/plot_n_20250820133915474.jpg,TRUE,107,5,0.5,0.5
13,BK,small,0.4–0.6,3,NA,1,3,100,1,terminal,chybajuci,2,3,NA,NA,0,NA,NA,0,NA,NA,NA,NA,NA,NA,NA,617_T4_TP_20250827,NA,1,NA,NA,NA,NA,1,1,Oplocenka,DCIM/context_n20250715140955285.jpg,DCIM/context_e20250715140949898.jpg,DCIM/context_s20250715140944207.jpg,DCIM/context_w20250715140938442.jpg,2025-07-15T14:09:13Z,15.29660343,49.10800384,DCIM/plot_e_20250715140631901.jpg,DCIM/plot_n_20250715140641471.jpg,TRUE,59,5,0.5,0.5
30,JR,small,0.2–0.4,1,NA,0,0,0,NA,NA,NA,NA,0,NA,NA,0,NA,NA,0,NA,NA,NA,NA,NA,NA,NA,617_T4_TP_20250827,NA,1,NA,NA,NA,NA,1,1,Oplocenka,DCIM/context_n20250715140955285.jpg,DCIM/context_e20250715140949898.jpg,DCIM/context_s20250715140944207.jpg,DCIM/context_w20250715140938442.jpg,2025-07-15T14:09:13Z,15.29660343,49.10800384,DCIM/plot_e_20250715140631901.jpg,DCIM/plot_n_20250715140641471.jpg,TRUE,59,5,0.3,0.3
20,OS,advanced,2–4,3,NA,0,0,0,NA,NA,NA,NA,0,NA,NA,0,NA,NA,0,NA,NA,NA,NA,NA,NA,NA,618_T2_AH_20250827,NA,1,NA,NA,NA,NA,NA,0,NA,DCIM/context_n20250820140448037.jpg,DCIM/context_e20250820140440621.jpg,DCIM/context_s20250820140422442.jpg,DCIM/context_w20250820140412794.jpg,2025-08-20T14:03:44Z,15.47367038,49.66518567,DCIM/plot_e_20250820140047509.jpg,DCIM/plot_n_20250820140103364.jpg,TRUE,108,5,3,3
19,BO,small,1.3–2.0,4,NA,0,0,0,NA,NA,NA,NA,0,NA,NA,0,NA,NA,0,NA,NA,NA,NA,NA,NA,NA,618_T2_AH_20250827,NA,1,NA,NA,NA,NA,NA,0,NA,DCIM/context_n20250820140448037.jpg,DCIM/context_e20250820140440621.jpg,DCIM/context_s20250820140422442.jpg,DCIM/context_w20250820140412794.jpg,2025-08-20T14:03:44Z,15.47367038,49.66518567,DCIM/plot_e_20250820140047509.jpg,DCIM/plot_n_20250820140103364.jpg,TRUE,108,5,1.7,1.7
27,JIV,small,1.3–2.0,1,NA,0,0,0,NA,NA,NA,NA,0,NA,NA,0,NA,NA,0,NA,NA,NA,NA,NA,NA,NA,618_T2_AH_20250827,NA,1,NA,NA,NA,NA,NA,0,NA,DCIM/context_n20250820140448037.jpg,DCIM/context_e20250820140440621.jpg,DCIM/context_s20250820140422442.jpg,DCIM/context_w20250820140412794.jpg,2025-08-20T14:03:44Z,15.47367038,49.66518567,DCIM/plot_e_20250820140047509.jpg,DCIM/plot_n_20250820140103364.jpg,TRUE,108,5,1.7,1.7
20,OS,small,1.3–2.0,3,NA,0,0,0,NA,NA,NA,NA,0,NA,NA,0,NA,NA,0,NA,NA,NA,NA,NA,NA,NA,618_T2_AH_20250827,NA,1,NA,NA,NA,NA,NA,0,NA,DCIM/context_n20250820140448037.jpg,DCIM/context_e20250820140440621.jpg,DCIM/context_s20250820140422442.jpg,DCIM/context_w20250820140412794.jpg,2025-08-20T14:03:44Z,15.47367038,49.66518567,DCIM/plot_e_20250820140047509.jpg,DCIM/plot_n_20250820140103364.jpg,TRUE,108,5,1.7,1.7
13,BK,small,0.4–0.6,1,NA,0,0,0,NA,NA,NA,NA,0,NA,NA,0,NA,NA,0,NA,NA,NA,NA,NA,NA,NA,618_T4_TP_20250827,NA,1,NA,NA,NA,NA,1,1,Oplocenka,DCIM/context_n20250715141349040.jpg,DCIM/context_e20250715141343466.jpg,DCIM/context_s20250715141325447.jpg,DCIM/context_w20250715141320115.jpg,2025-07-15T14:12:45Z,15.296875,49.10799041,DCIM/plot_e_20250715141206779.jpg,DCIM/plot_n_20250715141214352.jpg,TRUE,59,5,0.5,0.5
20,OS,advanced,>4,1,NA,0,0,0,NA,NA,NA,NA,0,NA,NA,0,NA,NA,0,NA,NA,NA,NA,NA,NA,NA,619_T2_AH_20250827,1,1,NA,NA,NA,NA,NA,0,Borovice vejmutovka other spices 1,DCIM/context_n20250820141928952.jpg,DCIM/context_e20250820141923989.jpg,DCIM/context_s20250820141916628.jpg,DCIM/context_w20250820141734978.jpg,2025-08-20T14:16:10Z,15.47337536,49.66501753,DCIM/plot_e_20250820141017762.jpg,DCIM/plot_n_20250820141034282.jpg,TRUE,108,5,5,5
10,BR,advanced,2–4,3,NA,1,3,100,1,olistení,NA,NA,0,20-40,2,3,20-40,NA,0,NA,NA,NA,NA,NA,NA,T2619PBR4,619_T2_AH_20250827,1,1,NA,NA,NA,NA,NA,0,Borovice vejmutovka other spices 1,DCIM/context_n20250820141928952.jpg,DCIM/context_e20250820141923989.jpg,DCIM/context_s20250820141916628.jpg,DCIM/context_w20250820141734978.jpg,2025-08-20T14:16:10Z,15.47337536,49.66501753,DCIM/plot_e_20250820141017762.jpg,DCIM/plot_n_20250820141034282.jpg,TRUE,108,5,3,3
19,BO,small,1.3–2.0,3,NA,0,0,0,NA,NA,NA,NA,0,NA,NA,0,NA,NA,0,NA,NA,NA,NA,NA,NA,NA,619_T2_AH_20250827,1,1,NA,NA,NA,NA,NA,0,Borovice vejmutovka other spices 1,DCIM/context_n20250820141928952.jpg,DCIM/context_e20250820141923989.jpg,DCIM/context_s20250820141916628.jpg,DCIM/context_w20250820141734978.jpg,2025-08-20T14:16:10Z,15.47337536,49.66501753,DCIM/plot_e_20250820141017762.jpg,DCIM/plot_n_20250820141034282.jpg,TRUE,108,5,1.7,1.7
35,BO,small,0.6–0.8,1,NA,0,0,0,NA,NA,NA,NA,0,NA,NA,0,NA,NA,0,NA,NA,NA,NA,NA,NA,NA,619_T2_AH_20250827,1,1,NA,NA,NA,NA,NA,0,Borovice vejmutovka other spices 1,DCIM/context_n20250820141928952.jpg,DCIM/context_e20250820141923989.jpg,DCIM/context_s20250820141916628.jpg,DCIM/context_w20250820141734978.jpg,2025-08-20T14:16:10Z,15.47337536,49.66501753,DCIM/plot_e_20250820141017762.jpg,DCIM/plot_n_20250820141034282.jpg,TRUE,108,5,0.7,0.7
10,BR,small,1.0–1.3,5,NA,0,0,0,NA,NA,NA,NA,0,NA,NA,0,NA,NA,0,NA,NA,NA,NA,NA,NA,NA,619_T4_TP_20250827,NA,NA,NA,NA,1,NA,NA,0,NA,DCIM/context_n20250715144216965.jpg,DCIM/context_e20250715144209244.jpg,DCIM/context_s20250715144204009.jpg,DCIM/context_w20250715144158020.jpg,2025-07-15T14:41:06Z,15.29482859,49.14504207,DCIM/plot_e_20250715143848198.jpg,DCIM/plot_n_20250715143856847.jpg,TRUE,60,5,1.2,1.2
19,BO,small,0.4–0.6,1,NA,0,0,0,NA,NA,NA,NA,0,NA,NA,0,NA,NA,0,NA,NA,NA,NA,NA,NA,NA,619_T4_TP_20250827,NA,NA,NA,NA,1,NA,NA,0,NA,DCIM/context_n20250715144216965.jpg,DCIM/context_e20250715144209244.jpg,DCIM/context_s20250715144204009.jpg,DCIM/context_w20250715144158020.jpg,2025-07-15T14:41:06Z,15.29482859,49.14504207,DCIM/plot_e_20250715143848198.jpg,DCIM/plot_n_20250715143856847.jpg,TRUE,60,5,0.5,0.5
10,BR,advanced,2–4,1,NA,1,1,100,1,olistení,NA,NA,0,40-60,NA,1,40-60,NA,0,NA,NA,NA,NA,NA,NA,T2620PBR4,620_T2_AH_20250827,NA,1,NA,NA,NA,NA,NA,0,NA,DCIM/context_n20250820152540763.jpg,DCIM/context_e20250820152535651.jpg,DCIM/context_s20250820152530757.jpg,DCIM/context_w20250820152526613.jpg,2025-08-20T15:24:52Z,15.62803901,49.64479937,DCIM/plot_e_20250820152053839.jpg,DCIM/plot_n_20250820152102226.jpg,TRUE,109,5,3,3
10,BR,small,0.8–1.0,3,NA,1,3,100,1,olistení,NA,NA,0,40-60,2,3,40-60,NA,0,NA,NA,NA,NA,NA,NA,NA,620_T2_AH_20250827,NA,1,NA,NA,NA,NA,NA,0,NA,DCIM/context_n20250820152540763.jpg,DCIM/context_e20250820152535651.jpg,DCIM/context_s20250820152530757.jpg,DCIM/context_w20250820152526613.jpg,2025-08-20T15:24:52Z,15.62803901,49.64479937,DCIM/plot_e_20250820152053839.jpg,DCIM/plot_n_20250820152102226.jpg,TRUE,109,5,0.9,0.9
24,DB,small,0.4–0.6,1,NA,0,0,0,NA,NA,NA,NA,0,NA,NA,0,NA,NA,0,NA,NA,NA,NA,NA,NA,NA,620_T4_TP_20250827,NA,1,NA,NA,1,NA,NA,0,NA,DCIM/context_n20250715144613004.jpg,DCIM/context_e20250715144558946.jpg,DCIM/context_s20250715144553427.jpg,DCIM/context_w20250715144547920.jpg,2025-07-15T14:45:19Z,15.29453343,49.14487485,DCIM/plot_e_20250715144358655.jpg,DCIM/plot_n_20250715144407934.jpg,TRUE,60,5,0.5,0.5
19,BO,small,0.4–0.6,1,NA,0,0,0,NA,NA,NA,NA,0,NA,NA,0,NA,NA,0,NA,NA,NA,NA,NA,NA,NA,621_T2_AH_20250827,NA,1,NA,NA,1,NA,NA,0,NA,DCIM/context_n20250820153045764.jpg,DCIM/context_e20250820153041268.jpg,DCIM/context_s20250820153036406.jpg,DCIM/context_w20250820153030760.jpg,2025-08-20T15:30:13Z,15.62773847,49.64463382,DCIM/plot_e_20250820152924919.jpg,DCIM/plot_n_20250820152935510.jpg,TRUE,109,5,0.5,0.5
10,BR,advanced,>4,9,NA,1,9,100,1,olistení,NA,NA,0,20-40,8,9,20-40,NA,0,NA,NA,NA,NA,NA,NA,T2622PBR4,622_T2_AH_20250827,NA,1,NA,NA,NA,NA,NA,0,NA,DCIM/context_n20250820153657138.jpg,DCIM/context_e20250820153651558.jpg,DCIM/context_s20250820153646718.jpg,DCIM/context_w20250820153640447.jpg,2025-08-20T15:36:21Z,15.62747964,49.64482529,DCIM/plot_e_20250820153252165.jpg,DCIM/plot_n_20250820153301956.jpg,TRUE,109,5,5,5
10,BR,advanced,2–4,1,NA,1,1,100,1,olistení,NA,NA,0,0-20,NA,1,20-40,NA,0,NA,NA,NA,NA,NA,NA,NA,623_T2_AH_20250827,1,1,NA,NA,NA,NA,NA,0,NA,DCIM/context_n20250820154531773.jpg,DCIM/context_e20250820154515049.jpg,DCIM/context_s20250820154508016.jpg,DCIM/context_w20250820154500931.jpg,2025-08-20T15:44:46Z,15.62775798,49.64481112,DCIM/plot_e_20250820154128736.jpg,DCIM/plot_n_20250820154142386.jpg,TRUE,109,5,3,3
10,BR,small,0.4–0.6,1,NA,1,1,100,1,olistení,NA,NA,0,40-60,NA,1,20-40,NA,0,NA,NA,NA,NA,NA,NA,NA,623_T2_AH_20250827,1,1,NA,NA,NA,NA,NA,0,NA,DCIM/context_n20250820154531773.jpg,DCIM/context_e20250820154515049.jpg,DCIM/context_s20250820154508016.jpg,DCIM/context_w20250820154500931.jpg,2025-08-20T15:44:46Z,15.62775798,49.64481112,DCIM/plot_e_20250820154128736.jpg,DCIM/plot_n_20250820154142386.jpg,TRUE,109,5,0.5,0.5
30,JR,small,0.4–0.6,1,NA,0,0,0,NA,NA,NA,NA,0,NA,NA,0,NA,NA,0,NA,NA,NA,NA,NA,NA,NA,623_T4_TP_20250827,1,1,NA,NA,NA,NA,NA,0,NA,DCIM/context_n20250715152045211.jpg,DCIM/context_e20250715152038607.jpg,DCIM/context_s20250715152034045.jpg,DCIM/context_w20250715152027606.jpg,2025-07-15T15:20:01Z,15.24941412,49.13420012,DCIM/plot_e_20250715151846822.jpg,DCIM/plot_n_20250715151854788.jpg,TRUE,61,5,0.5,0.5
10,BR,advanced,2–4,11,NA,1,11,100,1,olistení,NA,NA,0,40-60,10,11,40-60,NA,0,NA,NA,NA,NA,NA,NA,T2624PBR4,624_T2_AH_20250827,1,1,NA,NA,NA,NA,NA,0,NA,DCIM/context_n20250820155132855.jpg,DCIM/context_e20250820155127426.jpg,DCIM/context_s20250820155121561.jpg,DCIM/context_w20250820155116498.jpg,2025-08-20T15:50:56Z,15.62777883,49.64499692,DCIM/plot_e_20250820154757923.jpg,DCIM/plot_n_20250820154812207.jpg,TRUE,109,5,3,3
27,JIV,advanced,2–4,1,NA,0,0,0,NA,NA,NA,NA,0,NA,NA,0,NA,NA,0,NA,NA,NA,NA,NA,NA,NA,624_T2_AH_20250827,1,1,NA,NA,NA,NA,NA,0,NA,DCIM/context_n20250820155132855.jpg,DCIM/context_e20250820155127426.jpg,DCIM/context_s20250820155121561.jpg,DCIM/context_w20250820155116498.jpg,2025-08-20T15:50:56Z,15.62777883,49.64499692,DCIM/plot_e_20250820154757923.jpg,DCIM/plot_n_20250820154812207.jpg,TRUE,109,5,3,3
18,SM,advanced,2–4,1,NA,0,0,0,NA,NA,NA,NA,0,NA,NA,0,NA,NA,0,NA,NA,NA,NA,NA,NA,NA,624_T4_TP_20250827,1,1,NA,NA,NA,NA,NA,0,NA,DCIM/context_n20250715155026288.jpg,DCIM/context_e20250715155018395.jpg,DCIM/context_s20250715155010621.jpg,DCIM/context_w20250715155003145.jpg,2025-07-15T15:49:25Z,15.17960959,49.08699751,DCIM/plot_e_20250715154823427.jpg,DCIM/plot_n_20250715154833351.jpg,TRUE,163,5,3,3
10,BR,small,1.3–2.0,1,NA,0,0,0,NA,NA,NA,NA,0,NA,NA,0,NA,NA,0,NA,NA,NA,NA,NA,NA,NA,625_T2_AH_20250827,NA,1,NA,1,NA,NA,NA,0,NA,DCIM/context_n20250820162158853.jpg,DCIM/context_e20250820162152355.jpg,DCIM/context_s20250820162146325.jpg,DCIM/context_w20250820162141748.jpg,2025-08-20T16:21:24Z,15.7098334,49.63401893,DCIM/plot_e_20250820161959668.jpg,DCIM/plot_n_20250820162014654.jpg,TRUE,110,5,1.7,1.7
19,BO,small,0.8–1.0,3,NA,0,0,0,NA,NA,NA,NA,0,NA,NA,0,NA,NA,0,NA,NA,NA,NA,NA,NA,NA,625_T2_AH_20250827,NA,1,NA,1,NA,NA,NA,0,NA,DCIM/context_n20250820162158853.jpg,DCIM/context_e20250820162152355.jpg,DCIM/context_s20250820162146325.jpg,DCIM/context_w20250820162141748.jpg,2025-08-20T16:21:24Z,15.7098334,49.63401893,DCIM/plot_e_20250820161959668.jpg,DCIM/plot_n_20250820162014654.jpg,TRUE,110,5,0.9,0.9
18,SM,small,0.2–0.4,2,NA,0,0,0,NA,NA,NA,NA,0,NA,NA,0,NA,NA,0,NA,NA,NA,NA,NA,NA,NA,625_T2_AH_20250827,NA,1,NA,1,NA,NA,NA,0,NA,DCIM/context_n20250820162158853.jpg,DCIM/context_e20250820162152355.jpg,DCIM/context_s20250820162146325.jpg,DCIM/context_w20250820162141748.jpg,2025-08-20T16:21:24Z,15.7098334,49.63401893,DCIM/plot_e_20250820161959668.jpg,DCIM/plot_n_20250820162014654.jpg,TRUE,110,5,0.3,0.3
18,SM,small,1.3–2.0,2,NA,0,0,0,NA,NA,NA,NA,0,NA,NA,0,NA,NA,0,NA,NA,NA,NA,NA,NA,NA,625_T4_TP_20250827,NA,1,NA,NA,1,NA,1,0,Dvojsadby,DCIM/context_n20250715155607362.jpg,DCIM/context_e20250715155601764.jpg,DCIM/context_s20250715155555769.jpg,DCIM/context_w20250715155549761.jpg,2025-07-15T15:55:05Z,15.17960352,49.0871646,DCIM/plot_e_20250715155231287.jpg,DCIM/plot_n_20250715155241330.jpg,TRUE,163,5,1.7,1.7
24,DB,small,0.6–0.8,2,NA,1,2,100,1,terminal,chybajuci,1,2,NA,NA,0,NA,NA,0,NA,NA,NA,NA,Okus,NA,NA,625_T4_TP_20250827,NA,1,NA,NA,1,NA,1,0,Dvojsadby,DCIM/context_n20250715155607362.jpg,DCIM/context_e20250715155601764.jpg,DCIM/context_s20250715155555769.jpg,DCIM/context_w20250715155549761.jpg,2025-07-15T15:55:05Z,15.17960352,49.0871646,DCIM/plot_e_20250715155231287.jpg,DCIM/plot_n_20250715155241330.jpg,TRUE,163,5,0.7,0.7
19,BO,small,1.3–2.0,1,NA,0,0,0,NA,NA,NA,NA,0,NA,NA,0,NA,NA,0,NA,NA,NA,NA,NA,NA,NA,625_T4_TP_20250827,NA,1,NA,NA,1,NA,1,0,Dvojsadby,DCIM/context_n20250715155607362.jpg,DCIM/context_e20250715155601764.jpg,DCIM/context_s20250715155555769.jpg,DCIM/context_w20250715155549761.jpg,2025-07-15T15:55:05Z,15.17960352,49.0871646,DCIM/plot_e_20250715155231287.jpg,DCIM/plot_n_20250715155241330.jpg,TRUE,163,5,1.7,1.7
30,JR,advanced,2–4,1,NA,0,0,0,NA,NA,NA,NA,0,NA,NA,0,NA,NA,0,NA,NA,NA,NA,NA,NA,NA,626_T2_AH_20250827,NA,1,NA,NA,NA,NA,NA,0,NA,DCIM/context_n20250820162946595.jpg,DCIM/context_e20250820162937991.jpg,DCIM/context_s20250820162933011.jpg,DCIM/context_w20250820162928201.jpg,2025-08-20T16:28:59Z,15.7101107,49.6340109,DCIM/plot_e_20250820162547054.jpg,DCIM/plot_n_20250820162535623.jpg,TRUE,110,5,3,3
18,SM,small,0.4–0.6,1,NA,0,0,0,NA,NA,NA,NA,0,NA,NA,0,NA,NA,0,NA,NA,NA,NA,NA,NA,NA,626_T2_AH_20250827,NA,1,NA,NA,NA,NA,NA,0,NA,DCIM/context_n20250820162946595.jpg,DCIM/context_e20250820162937991.jpg,DCIM/context_s20250820162933011.jpg,DCIM/context_w20250820162928201.jpg,2025-08-20T16:28:59Z,15.7101107,49.6340109,DCIM/plot_e_20250820162547054.jpg,DCIM/plot_n_20250820162535623.jpg,TRUE,110,5,0.5,0.5
30,JR,small,0.8–1.0,1,NA,1,1,100,1,kmen,NA,NA,0,NA,NA,0,NA,stare,1,zver,40-60,20-Oct,NA,NA,NA,NA,626_T2_AH_20250827,NA,1,NA,NA,NA,NA,NA,0,NA,DCIM/context_n20250820162946595.jpg,DCIM/context_e20250820162937991.jpg,DCIM/context_s20250820162933011.jpg,DCIM/context_w20250820162928201.jpg,2025-08-20T16:28:59Z,15.7101107,49.6340109,DCIM/plot_e_20250820162547054.jpg,DCIM/plot_n_20250820162535623.jpg,TRUE,110,5,0.9,0.9
24,DB,small,0.4–0.6,1,NA,1,1,100,1,terminal,chybajuci,NA,1,NA,NA,0,NA,NA,0,NA,NA,NA,NA,Okus,NA,NA,626_T4_TP_20250827,NA,NA,NA,NA,1,NA,1,0,NA,DCIM/context_n20250715160028224.jpg,DCIM/context_e20250715160022925.jpg,DCIM/context_s20250715160017588.jpg,DCIM/context_w20250715160012282.jpg,2025-07-15T15:59:37Z,15.17933245,49.08717735,DCIM/plot_e_20250715155731730.jpg,DCIM/plot_n_20250715155738951.jpg,TRUE,163,5,0.5,0.5
27,JIV,small,0.4–0.6,1,NA,0,0,0,NA,NA,NA,NA,0,NA,NA,0,NA,NA,0,NA,NA,NA,NA,NA,NA,NA,626_T4_TP_20250827,NA,NA,NA,NA,1,NA,1,0,NA,DCIM/context_n20250715160028224.jpg,DCIM/context_e20250715160022925.jpg,DCIM/context_s20250715160017588.jpg,DCIM/context_w20250715160012282.jpg,2025-07-15T15:59:37Z,15.17933245,49.08717735,DCIM/plot_e_20250715155731730.jpg,DCIM/plot_n_20250715155738951.jpg,TRUE,163,5,0.5,0.5
10,BR,advanced,2–4,3,NA,1,3,100,1,olistení,NA,NA,0,40-60,2,3,40-60,NA,0,NA,NA,NA,NA,NA,NA,NA,627_T2_AH_20250827,NA,1,NA,NA,NA,1,NA,0,NA,DCIM/context_n20250820163936092.jpg,DCIM/context_e20250820163928372.jpg,DCIM/context_s20250820163918833.jpg,DCIM/context_w20250820163905991.jpg,2025-08-20T16:38:29Z,15.71012834,49.63418867,DCIM/plot_e_20250820163414929.jpg,DCIM/plot_n_20250820163438427.jpg,TRUE,110,5,3,3
18,SM,advanced,2–4,10,NA,0,0,0,NA,NA,NA,NA,0,NA,NA,0,NA,NA,0,NA,NA,NA,NA,NA,NA,NA,627_T2_AH_20250827,NA,1,NA,NA,NA,1,NA,0,NA,DCIM/context_n20250820163936092.jpg,DCIM/context_e20250820163928372.jpg,DCIM/context_s20250820163918833.jpg,DCIM/context_w20250820163905991.jpg,2025-08-20T16:38:29Z,15.71012834,49.63418867,DCIM/plot_e_20250820163414929.jpg,DCIM/plot_n_20250820163438427.jpg,TRUE,110,5,3,3
18,SM,small,1.3–2.0,17,NA,0,0,0,NA,NA,NA,NA,0,NA,NA,0,NA,NA,0,NA,NA,NA,NA,NA,NA,NA,627_T2_AH_20250827,NA,1,NA,NA,NA,1,NA,0,NA,DCIM/context_n20250820163936092.jpg,DCIM/context_e20250820163928372.jpg,DCIM/context_s20250820163918833.jpg,DCIM/context_w20250820163905991.jpg,2025-08-20T16:38:29Z,15.71012834,49.63418867,DCIM/plot_e_20250820163414929.jpg,DCIM/plot_n_20250820163438427.jpg,TRUE,110,5,1.7,1.7
30,JR,small,1.3–2.0,2,NA,0,0,0,NA,NA,NA,NA,0,NA,NA,0,NA,NA,0,NA,NA,NA,NA,NA,NA,NA,627_T2_AH_20250827,NA,1,NA,NA,NA,1,NA,0,NA,DCIM/context_n20250820163936092.jpg,DCIM/context_e20250820163928372.jpg,DCIM/context_s20250820163918833.jpg,DCIM/context_w20250820163905991.jpg,2025-08-20T16:38:29Z,15.71012834,49.63418867,DCIM/plot_e_20250820163414929.jpg,DCIM/plot_n_20250820163438427.jpg,TRUE,110,5,1.7,1.7
27,JIV,small,0.6–0.8,1,NA,0,0,0,NA,NA,NA,NA,0,NA,NA,0,NA,NA,0,NA,NA,NA,NA,NA,NA,NA,627_T2_AH_20250827,NA,1,NA,NA,NA,1,NA,0,NA,DCIM/context_n20250820163936092.jpg,DCIM/context_e20250820163928372.jpg,DCIM/context_s20250820163918833.jpg,DCIM/context_w20250820163905991.jpg,2025-08-20T16:38:29Z,15.71012834,49.63418867,DCIM/plot_e_20250820163414929.jpg,DCIM/plot_n_20250820163438427.jpg,TRUE,110,5,0.7,0.7
24,DB,small,0.4–0.6,1,NA,1,1,100,1,terminal,chybajuci,NA,1,NA,NA,0,NA,NA,0,NA,NA,NA,NA,Okus,NA,NA,627_T4_TP_20250827,NA,1,NA,NA,NA,NA,1,0,NA,DCIM/context_n20250715160421602.jpg,DCIM/context_e20250715160416466.jpg,DCIM/context_s20250715160410839.jpg,DCIM/context_w20250715160405883.jpg,2025-07-15T16:03:33Z,15.1796228,49.08734295,DCIM/plot_e_20250715160204005.jpg,DCIM/plot_n_20250715160210608.jpg,TRUE,163,5,0.5,0.5
23,DG,small,1.3–2.0,1,NA,0,0,0,NA,NA,NA,NA,0,NA,NA,0,NA,NA,0,NA,NA,NA,NA,NA,NA,NA,628_T2_AH_20250827,NA,1,NA,NA,NA,NA,1,1,Oplocenka,DCIM/context_n20250827084757554.jpg,DCIM/context_e20250827084752024.jpg,DCIM/context_s20250827084746128.jpg,DCIM/context_w20250827084741514.jpg,2025-08-27T08:47:04Z,16.91546202,49.57697748,DCIM/plot_e_20250827084532287.jpg,DCIM/plot_n_20250827084544250.jpg,TRUE,111,5,1.7,1.7
17,MD,small,0.2–0.4,1,NA,0,0,0,NA,NA,NA,NA,0,NA,NA,0,NA,NA,0,NA,NA,NA,NA,NA,NA,NA,628_T2_AH_20250827,NA,1,NA,NA,NA,NA,1,1,Oplocenka,DCIM/context_n20250827084757554.jpg,DCIM/context_e20250827084752024.jpg,DCIM/context_s20250827084746128.jpg,DCIM/context_w20250827084741514.jpg,2025-08-27T08:47:04Z,16.91546202,49.57697748,DCIM/plot_e_20250827084532287.jpg,DCIM/plot_n_20250827084544250.jpg,TRUE,111,5,0.3,0.3
19,BO,small,1.3–2.0,2,NA,0,0,0,NA,NA,NA,NA,0,NA,NA,0,NA,NA,0,NA,NA,NA,NA,NA,NA,NA,628_T4_TP_20250827,NA,1,NA,NA,0,NA,1,0,NA,DCIM/context_n20250715161017247.jpg,DCIM/context_e20250715161010969.jpg,DCIM/context_s20250715161005846.jpg,DCIM/context_w20250715161000141.jpg,2025-07-15T16:09:31Z,15.17987827,49.0871518,DCIM/plot_e_20250715160628237.jpg,DCIM/plot_n_20250715160643473.jpg,TRUE,163,5,1.7,1.7
18,SM,small,0.8–1.0,1,NA,0,0,0,NA,NA,NA,NA,0,NA,NA,0,NA,NA,0,NA,NA,NA,NA,NA,NA,NA,628_T4_TP_20250827,NA,1,NA,NA,0,NA,1,0,NA,DCIM/context_n20250715161017247.jpg,DCIM/context_e20250715161010969.jpg,DCIM/context_s20250715161005846.jpg,DCIM/context_w20250715161000141.jpg,2025-07-15T16:09:31Z,15.17987827,49.0871518,DCIM/plot_e_20250715160628237.jpg,DCIM/plot_n_20250715160643473.jpg,TRUE,163,5,0.9,0.9
24,DB,small,0.6–0.8,1,NA,1,1,100,1,terminal,chybajuci,NA,1,NA,NA,0,NA,NA,0,NA,NA,NA,NA,Okus,NA,NA,628_T4_TP_20250827,NA,1,NA,NA,0,NA,1,0,NA,DCIM/context_n20250715161017247.jpg,DCIM/context_e20250715161010969.jpg,DCIM/context_s20250715161005846.jpg,DCIM/context_w20250715161000141.jpg,2025-07-15T16:09:31Z,15.17987827,49.0871518,DCIM/plot_e_20250715160628237.jpg,DCIM/plot_n_20250715160643473.jpg,TRUE,163,5,0.7,0.7
19,BO,small,1.0–1.3,3,NA,1,1,33.33333333333333,2,terminal,odumrety,NA,1,NA,NA,0,NA,NA,0,NA,NA,NA,NA,T2629OBO1,NA,NA,629_T2_AH_20250827,NA,1,1,NA,NA,NA,1,0,NA,DCIM/context_n20250827085507518.jpg,DCIM/context_e20250827085502739.jpg,DCIM/context_s20250827085458346.jpg,DCIM/context_w20250827085454053.jpg,2025-08-27T08:54:31Z,16.91573955,49.5769609,DCIM/plot_e_20250827085110804.jpg,DCIM/plot_n_20250827085121474.jpg,TRUE,111,5,1.2,1.2
10,BR,advanced,2–4,1,NA,0,0,0,NA,NA,NA,NA,0,NA,NA,0,NA,NA,0,NA,NA,NA,NA,NA,NA,NA,629_T4_TP_20250827,NA,1,NA,NA,1,1,0,1,Oplocenka,DCIM/context_n20250715165415843.jpg,DCIM/context_e20250715165410394.jpg,DCIM/context_s20250715165403577.jpg,DCIM/context_w20250715165357874.jpg,2025-07-15T16:53:08Z,15.18549271,49.09356006,DCIM/plot_e_20250715165222705.jpg,DCIM/plot_n_20250715165232308.jpg,TRUE,164,5,3,3
19,BO,small,0.4–0.6,1,NA,0,0,0,NA,NA,NA,NA,0,NA,NA,0,NA,NA,0,NA,NA,NA,NA,NA,NA,NA,630_T2_AH_20250827,NA,1,1,NA,NA,NA,1,0,NA,DCIM/context_n20250827085752816.jpg,DCIM/context_e20250827085747619.jpg,DCIM/context_s20250827085742640.jpg,DCIM/context_w20250827085737026.jpg,2025-08-27T08:57:18Z,16.91576188,49.57713992,DCIM/plot_e_20250827085642025.jpg,DCIM/plot_n_20250827085649879.jpg,TRUE,111,5,0.5,0.5
10,BR,small,1.3–2.0,1,NA,0,0,0,NA,NA,NA,NA,0,NA,NA,0,NA,NA,0,NA,NA,NA,NA,NA,NA,NA,630_T4_TP_20250827,NA,1,NA,NA,NA,NA,NA,0,NA,DCIM/context_n20250715165854160.jpg,DCIM/context_e20250715165847854.jpg,DCIM/context_s20250715165841503.jpg,DCIM/context_w20250715165836443.jpg,2025-07-15T16:58:09Z,15.18521883,49.09357385,DCIM/plot_e_20250715165633790.jpg,DCIM/plot_n_20250715165643024.jpg,TRUE,164,5,1.7,1.7
24,DB,advanced,>4,1,NA,0,0,0,NA,NA,NA,NA,0,NA,NA,0,NA,NA,0,NA,NA,NA,NA,NA,NA,NA,631_T2_AH_20250827,1,1,NA,NA,NA,NA,NA,0,NA,DCIM/context_n20250827090339730.jpg,DCIM/context_e20250827090335356.jpg,DCIM/context_s20250827090330260.jpg,DCIM/context_w20250827090324846.jpg,2025-08-27T09:02:59Z,16.91601258,49.57694146,DCIM/plot_e_20250827090135818.jpg,DCIM/plot_n_20250827090143684.jpg,TRUE,111,5,5,5
1,JD,small,0.2–0.4,2,NA,0,0,0,NA,NA,NA,NA,0,NA,NA,0,NA,NA,0,NA,NA,NA,NA,NA,NA,NA,631_T2_AH_20250827,1,1,NA,NA,NA,NA,NA,0,NA,DCIM/context_n20250827090339730.jpg,DCIM/context_e20250827090335356.jpg,DCIM/context_s20250827090330260.jpg,DCIM/context_w20250827090324846.jpg,2025-08-27T09:02:59Z,16.91601258,49.57694146,DCIM/plot_e_20250827090135818.jpg,DCIM/plot_n_20250827090143684.jpg,TRUE,111,5,0.3,0.3
17,MD,advanced,2–4,1,NA,0,0,0,NA,NA,NA,NA,0,NA,NA,0,NA,NA,0,NA,NA,NA,NA,NA,NA,NA,631_T4_TP_20250827,NA,1,1,NA,NA,NA,NA,1,Oplocenka,DCIM/context_n20250715170429466.jpg,DCIM/context_e20250715170424092.jpg,DCIM/context_s20250715170419231.jpg,DCIM/context_w20250715170413915.jpg,2025-07-15T17:03:33Z,15.18518894,49.09340696,DCIM/plot_e_20250715170023437.jpg,DCIM/plot_n_20250715170037442.jpg,TRUE,164,5,3,3
10,BR,small,1.3–2.0,17,NA,0,0,0,NA,NA,NA,NA,0,NA,NA,0,NA,NA,0,NA,NA,NA,NA,NA,NA,NA,631_T4_TP_20250827,NA,1,1,NA,NA,NA,NA,1,Oplocenka,DCIM/context_n20250715170429466.jpg,DCIM/context_e20250715170424092.jpg,DCIM/context_s20250715170419231.jpg,DCIM/context_w20250715170413915.jpg,2025-07-15T17:03:33Z,15.18518894,49.09340696,DCIM/plot_e_20250715170023437.jpg,DCIM/plot_n_20250715170037442.jpg,TRUE,164,5,1.7,1.7
19,BO,small,0.6–0.8,4,NA,0,0,0,NA,NA,NA,NA,0,NA,NA,0,NA,NA,0,NA,NA,NA,NA,NA,NA,NA,631_T4_TP_20250827,NA,1,1,NA,NA,NA,NA,1,Oplocenka,DCIM/context_n20250715170429466.jpg,DCIM/context_e20250715170424092.jpg,DCIM/context_s20250715170419231.jpg,DCIM/context_w20250715170413915.jpg,2025-07-15T17:03:33Z,15.18518894,49.09340696,DCIM/plot_e_20250715170023437.jpg,DCIM/plot_n_20250715170037442.jpg,TRUE,164,5,0.7,0.7
19,BO,small,0.6–0.8,2,NA,0,0,0,NA,NA,NA,NA,0,NA,NA,0,NA,NA,0,NA,NA,NA,NA,NA,NA,NA,632_T2_AH_20250827,NA,1,1,NA,NA,NA,1,0,NA,DCIM/context_n20250827090731502.jpg,DCIM/context_e20250827090724288.jpg,DCIM/context_s20250827090720009.jpg,DCIM/context_w20250827090715081.jpg,2025-08-27T09:06:54Z,16.91571484,49.57678074,DCIM/plot_e_20250827090614135.jpg,DCIM/plot_n_20250827090621636.jpg,TRUE,111,5,0.7,0.7
17,MD,advanced,2–4,1,NA,0,0,0,NA,NA,NA,NA,0,NA,NA,0,NA,NA,0,NA,NA,NA,NA,NA,NA,NA,632_T4_TP_20250827,NA,1,1,NA,NA,NA,1,1,Oplocenka,DCIM/context_n20250715170952580.jpg,DCIM/context_e20250715170947735.jpg,DCIM/context_s20250715170942794.jpg,DCIM/context_w20250715170936626.jpg,2025-07-15T17:08:56Z,15.18494491,49.09358528,DCIM/plot_e_20250715170618228.jpg,DCIM/plot_n_20250715170625767.jpg,TRUE,164,5,3,3
19,BO,small,0.8–1.0,1,NA,0,0,0,NA,NA,NA,NA,0,NA,NA,0,NA,NA,0,NA,NA,NA,NA,NA,NA,NA,632_T4_TP_20250827,NA,1,1,NA,NA,NA,1,1,Oplocenka,DCIM/context_n20250715170952580.jpg,DCIM/context_e20250715170947735.jpg,DCIM/context_s20250715170942794.jpg,DCIM/context_w20250715170936626.jpg,2025-07-15T17:08:56Z,15.18494491,49.09358528,DCIM/plot_e_20250715170618228.jpg,DCIM/plot_n_20250715170625767.jpg,TRUE,164,5,0.9,0.9
10,BR,small,0.6–0.8,3,NA,1,1,33.33333333333333,1,kmen,NA,NA,0,NA,NA,0,NA,stare,1,mechanizace,80-100,NA,NA,NA,NA,NA,632_T4_TP_20250827,NA,1,1,NA,NA,NA,1,1,Oplocenka,DCIM/context_n20250715170952580.jpg,DCIM/context_e20250715170947735.jpg,DCIM/context_s20250715170942794.jpg,DCIM/context_w20250715170936626.jpg,2025-07-15T17:08:56Z,15.18494491,49.09358528,DCIM/plot_e_20250715170618228.jpg,DCIM/plot_n_20250715170625767.jpg,TRUE,164,5,0.7,0.7
18,SM,advanced,2–4,2,NA,0,0,0,NA,NA,NA,NA,0,NA,NA,0,NA,NA,0,NA,NA,NA,NA,NA,NA,NA,633_T2_AH_20250827,NA,1,NA,NA,NA,NA,1,0,NA,DCIM/context_n20250827100555550.jpg,DCIM/context_e20250827100550586.jpg,DCIM/context_s20250827100545845.jpg,DCIM/context_w20250827100539031.jpg,2025-08-27T10:05:11Z,16.91011503,49.51232313,DCIM/plot_e_20250827100200685.jpg,DCIM/plot_n_20250827100221651.jpg,TRUE,112,5,3,3
17,MD,advanced,2–4,1,NA,1,1,100,1,olistení,NA,NA,0,0-20,NA,1,20-40,NA,0,NA,NA,NA,NA,NA,NA,T2633PMD4,633_T2_AH_20250827,NA,1,NA,NA,NA,NA,1,0,NA,DCIM/context_n20250827100555550.jpg,DCIM/context_e20250827100550586.jpg,DCIM/context_s20250827100545845.jpg,DCIM/context_w20250827100539031.jpg,2025-08-27T10:05:11Z,16.91011503,49.51232313,DCIM/plot_e_20250827100200685.jpg,DCIM/plot_n_20250827100221651.jpg,TRUE,112,5,3,3
13,BK,small,1.0–1.3,1,NA,0,0,0,NA,NA,NA,NA,0,NA,NA,0,NA,NA,0,NA,NA,NA,NA,NA,NA,NA,633_T2_AH_20250827,NA,1,NA,NA,NA,NA,1,0,NA,DCIM/context_n20250827100555550.jpg,DCIM/context_e20250827100550586.jpg,DCIM/context_s20250827100545845.jpg,DCIM/context_w20250827100539031.jpg,2025-08-27T10:05:11Z,16.91011503,49.51232313,DCIM/plot_e_20250827100200685.jpg,DCIM/plot_n_20250827100221651.jpg,TRUE,112,5,1.2,1.2
19,BO,small,0.8–1.0,3,NA,0,0,0,NA,NA,NA,NA,0,NA,NA,0,NA,NA,0,NA,NA,NA,NA,NA,NA,NA,633_T4_TP_20250827,NA,1,1,NA,1,NA,1,1,Oplocenka,DCIM/context_n20250715171343159.jpg,DCIM/context_e20250715171338669.jpg,DCIM/context_s20250715171332855.jpg,DCIM/context_w20250715171328058.jpg,2025-07-15T17:12:52Z,15.185239,49.09375222,DCIM/plot_e_20250715171145323.jpg,DCIM/plot_n_20250715171152167.jpg,TRUE,164,5,0.9,0.9
10,BR,small,0.6–0.8,3,NA,0,0,0,NA,NA,NA,NA,0,NA,NA,0,NA,NA,0,NA,NA,NA,NA,NA,NA,NA,633_T4_TP_20250827,NA,1,1,NA,1,NA,1,1,Oplocenka,DCIM/context_n20250715171343159.jpg,DCIM/context_e20250715171338669.jpg,DCIM/context_s20250715171332855.jpg,DCIM/context_w20250715171328058.jpg,2025-07-15T17:12:52Z,15.185239,49.09375222,DCIM/plot_e_20250715171145323.jpg,DCIM/plot_n_20250715171152167.jpg,TRUE,164,5,0.7,0.7
18,SM,small,1.0–1.3,2,NA,0,0,0,NA,NA,NA,NA,0,NA,NA,0,NA,NA,0,NA,NA,NA,NA,NA,NA,NA,634_T4_TP_20250827,NA,1,NA,NA,NA,1,1,0,NA,DCIM/context_n20250715174135229.jpg,DCIM/context_e20250715174130374.jpg,DCIM/context_s20250715174125176.jpg,DCIM/context_w20250715174119730.jpg,2025-07-15T17:40:46Z,15.22450577,49.08345373,DCIM/plot_e_20250715173914926.jpg,DCIM/plot_n_20250715173923904.jpg,TRUE,165,5,1.2,1.2
19,BO,small,0.4–0.6,1,NA,0,0,0,NA,NA,NA,NA,0,NA,NA,0,NA,NA,0,NA,NA,NA,NA,NA,NA,NA,634_T4_TP_20250827,NA,1,NA,NA,NA,1,1,0,NA,DCIM/context_n20250715174135229.jpg,DCIM/context_e20250715174130374.jpg,DCIM/context_s20250715174125176.jpg,DCIM/context_w20250715174119730.jpg,2025-07-15T17:40:46Z,15.22450577,49.08345373,DCIM/plot_e_20250715173914926.jpg,DCIM/plot_n_20250715173923904.jpg,TRUE,165,5,0.5,0.5
13,BK,advanced,>4,2,NA,0,0,0,NA,NA,NA,NA,0,NA,NA,0,NA,NA,0,NA,NA,NA,NA,NA,NA,NA,635_T4_TP_20250827,NA,1,NA,NA,1,1,1,0,NA,DCIM/context_n20250715174506457.jpg,DCIM/context_e20250715174502078.jpg,DCIM/context_s20250715174457442.jpg,DCIM/context_w20250715174450852.jpg,2025-07-15T17:44:12Z,15.22475988,49.0832635,DCIM/plot_e_20250715174313948.jpg,DCIM/plot_n_20250715174325430.jpg,TRUE,165,5,5,5
13,BK,small,0.2–0.4,2,NA,0,0,0,NA,NA,NA,NA,0,NA,NA,0,NA,NA,0,NA,NA,NA,NA,NA,NA,NA,636_T2_AH_20250827,NA,1,NA,NA,NA,NA,1,0,NA,DCIM/context_n20250827101659660.jpg,DCIM/context_e20250827101653193.jpg,DCIM/context_s20250827101647883.jpg,DCIM/context_w20250827101642652.jpg,2025-08-27T10:16:02Z,16.91006149,49.511964,DCIM/plot_e_20250827101440528.jpg,DCIM/plot_n_20250827101448210.jpg,TRUE,112,5,0.3,0.3
17,MD,small,0.2–0.4,1,NA,0,0,0,NA,NA,NA,NA,0,NA,NA,0,NA,NA,0,NA,NA,NA,NA,NA,NA,NA,636_T2_AH_20250827,NA,1,NA,NA,NA,NA,1,0,NA,DCIM/context_n20250827101659660.jpg,DCIM/context_e20250827101653193.jpg,DCIM/context_s20250827101647883.jpg,DCIM/context_w20250827101642652.jpg,2025-08-27T10:16:02Z,16.91006149,49.511964,DCIM/plot_e_20250827101440528.jpg,DCIM/plot_n_20250827101448210.jpg,TRUE,112,5,0.3,0.3
24,DB,small,1.0–1.3,1,NA,1,1,100,1,terminal,chybajuci,NA,1,NA,NA,0,NA,NA,0,NA,NA,NA,NA,Okus,NA,NA,636_T4_TP_20250827,1,1,NA,NA,NA,1,1,0,NA,DCIM/context_n20250715175439073.jpg,DCIM/context_e20250715175433407.jpg,DCIM/context_s20250715175428355.jpg,DCIM/context_w20250715175422638.jpg,2025-07-15T17:53:41Z,15.22448661,49.08327547,DCIM/plot_e_20250715175103920.jpg,DCIM/plot_n_20250715175115125.jpg,TRUE,165,5,1.2,1.2
27,JIV,small,1.3–2.0,1,NA,0,0,0,NA,NA,NA,NA,0,NA,NA,0,NA,NA,0,NA,NA,NA,NA,NA,NA,NA,636_T4_TP_20250827,1,1,NA,NA,NA,1,1,0,NA,DCIM/context_n20250715175439073.jpg,DCIM/context_e20250715175433407.jpg,DCIM/context_s20250715175428355.jpg,DCIM/context_w20250715175422638.jpg,2025-07-15T17:53:41Z,15.22448661,49.08327547,DCIM/plot_e_20250715175103920.jpg,DCIM/plot_n_20250715175115125.jpg,TRUE,165,5,1.7,1.7
17,MD,advanced,2–4,2,NA,1,2,100,1,olistení,NA,NA,0,0-20,1,2,20-40,NA,0,NA,NA,NA,NA,NA,NA,T2637PMD4,637_T2_AH_20250827,NA,1,NA,NA,NA,NA,1,0,NA,DCIM/context_n20250827102641528.jpg,DCIM/context_e20250827102632900.jpg,DCIM/context_s20250827102627541.jpg,DCIM/context_w20250827102621831.jpg,2025-08-27T10:26:05Z,16.90981483,49.51216088,DCIM/plot_e_20250827102038267.jpg,DCIM/plot_n_20250827102051246.jpg,TRUE,112,5,3,3
18,SM,small,0.8–1.0,1,NA,0,0,0,NA,NA,NA,NA,0,NA,NA,0,NA,NA,0,NA,NA,NA,NA,NA,NA,NA,637_T2_AH_20250827,NA,1,NA,NA,NA,NA,1,0,NA,DCIM/context_n20250827102641528.jpg,DCIM/context_e20250827102632900.jpg,DCIM/context_s20250827102627541.jpg,DCIM/context_w20250827102621831.jpg,2025-08-27T10:26:05Z,16.90981483,49.51216088,DCIM/plot_e_20250827102038267.jpg,DCIM/plot_n_20250827102051246.jpg,TRUE,112,5,0.9,0.9
18,SM,small,1.3–2.0,2,NA,0,0,0,NA,NA,NA,NA,0,NA,NA,0,NA,NA,0,NA,NA,NA,NA,NA,NA,NA,637_T4_TP_20250827,1,1,1,NA,NA,1,1,0,NA,DCIM/context_n20250715175852157.jpg,DCIM/context_e20250715175846856.jpg,DCIM/context_s20250715175828029.jpg,DCIM/context_w20250715175821941.jpg,2025-07-15T17:57:45Z,15.22446907,49.08309524,DCIM/plot_e_20250715175629022.jpg,DCIM/plot_n_20250715175640998.jpg,TRUE,165,5,1.7,1.7
13,BK,small,0.6–0.8,1,NA,0,0,0,NA,NA,NA,NA,0,NA,NA,0,NA,NA,0,NA,NA,NA,NA,NA,NA,NA,638_T2_AH_20250827,NA,1,NA,NA,1,NA,1,0,NA,DCIM/context_n20250827122111551.jpg,DCIM/context_e20250827122106740.jpg,DCIM/context_s20250827122102179.jpg,DCIM/context_w20250827122056331.jpg,2025-08-27T12:20:31Z,16.84079076,49.35139697,DCIM/plot_e_20250827121936471.jpg,DCIM/plot_n_20250827121946680.jpg,TRUE,113,5,0.7,0.7
30,JR,small,1.0–1.3,1,NA,0,0,0,NA,NA,NA,NA,0,NA,NA,0,NA,NA,0,NA,NA,NA,NA,NA,NA,NA,638_T2_AH_20250827,NA,1,NA,NA,1,NA,1,0,NA,DCIM/context_n20250827122111551.jpg,DCIM/context_e20250827122106740.jpg,DCIM/context_s20250827122102179.jpg,DCIM/context_w20250827122056331.jpg,2025-08-27T12:20:31Z,16.84079076,49.35139697,DCIM/plot_e_20250827121936471.jpg,DCIM/plot_n_20250827121946680.jpg,TRUE,113,5,1.2,1.2
18,SM,small,1.3–2.0,2,NA,0,0,0,NA,NA,NA,NA,0,NA,NA,0,NA,NA,0,NA,NA,NA,NA,NA,NA,NA,638_T4_TP_20250827,NA,1,1,NA,NA,NA,1,0,NA,DCIM/context_n20250715180229818.jpg,DCIM/context_e20250715180224534.jpg,DCIM/context_s20250715180219451.jpg,DCIM/context_w20250715180214256.jpg,2025-07-15T18:01:44Z,15.22420765,49.08328593,DCIM/plot_e_20250715180033672.jpg,DCIM/plot_n_20250715180042717.jpg,TRUE,165,5,1.7,1.7
17,MD,small,0.8–1.0,1,NA,0,0,0,NA,NA,NA,NA,0,NA,NA,0,NA,NA,0,NA,NA,NA,NA,NA,NA,NA,640_T2_AH_20250827,NA,1,NA,NA,NA,NA,1,0,NA,DCIM/context_n20250827123038398.jpg,DCIM/context_e20250827123033469.jpg,DCIM/context_s20250827123029039.jpg,DCIM/context_w20250827123025016.jpg,2025-08-27T12:30:00Z,16.84108853,49.3515573,DCIM/plot_e_20250827122909582.jpg,DCIM/plot_n_20250827122919371.jpg,TRUE,113,5,0.9,0.9
10,BR,advanced,2–4,1,NA,0,0,0,NA,NA,NA,NA,0,NA,NA,0,NA,NA,0,NA,NA,NA,NA,NA,NA,NA,640_T4_TP_20250827,1,1,NA,NA,1,NA,NA,0,NA,DCIM/context_n20250715184446776.jpg,DCIM/context_e20250715184440746.jpg,DCIM/context_s20250715184436244.jpg,DCIM/context_w20250715184429236.jpg,2025-07-15T18:44:00Z,15.33468806,49.04129568,DCIM/plot_e_20250715184113584.jpg,DCIM/plot_n_20250715184121506.jpg,TRUE,166,5,3,3
19,BO,small,1.3–2.0,5,NA,0,0,0,NA,NA,NA,NA,0,NA,NA,0,NA,NA,0,NA,NA,NA,NA,NA,NA,NA,640_T4_TP_20250827,1,1,NA,NA,1,NA,NA,0,NA,DCIM/context_n20250715184446776.jpg,DCIM/context_e20250715184440746.jpg,DCIM/context_s20250715184436244.jpg,DCIM/context_w20250715184429236.jpg,2025-07-15T18:44:00Z,15.33468806,49.04129568,DCIM/plot_e_20250715184113584.jpg,DCIM/plot_n_20250715184121506.jpg,TRUE,166,5,1.7,1.7
30,JR,small,0.4–0.6,1,NA,1,1,100,1,terminal,chybajuci,NA,1,NA,NA,0,NA,NA,0,NA,NA,NA,NA,Okus,NA,NA,640_T4_TP_20250827,1,1,NA,NA,1,NA,NA,0,NA,DCIM/context_n20250715184446776.jpg,DCIM/context_e20250715184440746.jpg,DCIM/context_s20250715184436244.jpg,DCIM/context_w20250715184429236.jpg,2025-07-15T18:44:00Z,15.33468806,49.04129568,DCIM/plot_e_20250715184113584.jpg,DCIM/plot_n_20250715184121506.jpg,TRUE,166,5,0.5,0.5
13,BK,small,1.0–1.3,1,NA,0,0,0,NA,NA,NA,NA,0,NA,NA,0,NA,NA,0,NA,NA,NA,NA,NA,NA,NA,641_T2_AH_20250827,NA,1,NA,NA,NA,NA,1,0,NA,DCIM/context_n20250827123506956.jpg,DCIM/context_e20250827123502028.jpg,DCIM/context_s20250827123457616.jpg,DCIM/context_w20250827123453156.jpg,2025-08-27T12:34:26Z,16.8413363,49.35136383,DCIM/plot_e_20250827123305497.jpg,DCIM/plot_n_20250827123323190.jpg,TRUE,113,5,1.2,1.2
17,MD,small,1.3–2.0,1,NA,0,0,0,NA,NA,NA,NA,0,NA,NA,0,NA,NA,0,NA,NA,NA,NA,NA,NA,NA,641_T2_AH_20250827,NA,1,NA,NA,NA,NA,1,0,NA,DCIM/context_n20250827123506956.jpg,DCIM/context_e20250827123502028.jpg,DCIM/context_s20250827123457616.jpg,DCIM/context_w20250827123453156.jpg,2025-08-27T12:34:26Z,16.8413363,49.35136383,DCIM/plot_e_20250827123305497.jpg,DCIM/plot_n_20250827123323190.jpg,TRUE,113,5,1.7,1.7
1,JD,small,0.2–0.4,1,NA,0,0,0,NA,NA,NA,NA,0,NA,NA,0,NA,NA,0,NA,NA,NA,NA,NA,NA,NA,642_T2_AH_20250827,NA,1,NA,NA,1,NA,NA,0,NA,DCIM/context_n20250827124024219.jpg,DCIM/context_e20250827124019074.jpg,DCIM/context_s20250827124013476.jpg,DCIM/context_w20250827124008531.jpg,2025-08-27T12:39:45Z,16.84104079,49.35119899,DCIM/plot_e_20250827123835305.jpg,DCIM/plot_n_20250827123845429.jpg,TRUE,113,5,0.3,0.3
18,SM,small,1.3–2.0,7,NA,0,0,0,NA,NA,NA,NA,0,NA,NA,0,NA,NA,0,NA,NA,NA,NA,NA,NA,NA,642_T4_TP_20250827,NA,1,NA,NA,NA,NA,NA,0,NA,DCIM/context_n20250715185258059.jpg,DCIM/context_e20250715185253662.jpg,DCIM/context_s20250715185248561.jpg,DCIM/context_w20250715185243217.jpg,2025-07-15T18:52:22Z,15.33439535,49.04113322,DCIM/plot_e_20250715185117337.jpg,DCIM/plot_n_20250715185127820.jpg,TRUE,166,5,1.7,1.7
17,MD,small,1.0–1.3,1,NA,0,0,0,NA,NA,NA,NA,0,NA,NA,0,NA,NA,0,NA,NA,NA,NA,NA,NA,NA,643_T2_AH_20250827,NA,1,NA,NA,1,NA,NA,0,1/2 na lince,DCIM/context_n20250827133241617.jpg,DCIM/context_e20250827133235786.jpg,DCIM/context_s20250827133231562.jpg,DCIM/context_w20250827133227947.jpg,2025-08-27T13:31:39Z,16.84569998,49.26824341,DCIM/plot_e_20250827133058670.jpg,DCIM/plot_n_20250827133108659.jpg,TRUE,114,5,1.2,1.2
33,LP,small,0.2–0.4,2,NA,0,0,0,NA,NA,NA,NA,0,NA,NA,0,NA,NA,0,NA,NA,NA,NA,NA,NA,NA,644_T2_AH_20250827,NA,1,NA,NA,1,NA,1,0,NA,DCIM/context_n20250827133851505.jpg,DCIM/context_e20250827133845526.jpg,DCIM/context_s20250827133841213.jpg,DCIM/context_w20250827133832993.jpg,2025-08-27T13:38:01Z,16.84572689,49.2684206,DCIM/plot_e_20250827133614160.jpg,DCIM/plot_n_20250827133634776.jpg,TRUE,114,5,0.3,0.3
18,SM,small,0.2–0.4,1,NA,0,0,0,NA,NA,NA,NA,0,NA,NA,0,NA,NA,0,NA,NA,NA,NA,NA,NA,NA,644_T2_AH_20250827,NA,1,NA,NA,1,NA,1,0,NA,DCIM/context_n20250827133851505.jpg,DCIM/context_e20250827133845526.jpg,DCIM/context_s20250827133841213.jpg,DCIM/context_w20250827133832993.jpg,2025-08-27T13:38:01Z,16.84572689,49.2684206,DCIM/plot_e_20250827133614160.jpg,DCIM/plot_n_20250827133634776.jpg,TRUE,114,5,0.3,0.3
18,SM,small,0.2–0.4,2,NA,1,1,50,1,kmen,NA,NA,0,NA,NA,0,NA,cerstve,1,mechanizace,NA,NA,NA,NA,NA,NA,646_T2_AH_20250827,NA,1,NA,NA,1,NA,1,0,NA,DCIM/context_n20250827135022697.jpg,DCIM/context_e20250827135018237.jpg,DCIM/context_s20250827135013627.jpg,DCIM/context_w20250827135008715.jpg,2025-08-27T13:49:44Z,16.84567465,49.26806454,DCIM/plot_e_20250827134706274.jpg,DCIM/plot_n_20250827134713809.jpg,TRUE,114,5,0.3,0.3
33,LP,small,0.2–0.4,2,NA,1,1,50,1,kmen,NA,NA,0,NA,NA,0,NA,cerstve,1,mechanizace,NA,NA,NA,NA,Obě ožnuté,NA,647_T2_AH_20250827,NA,1,NA,NA,1,NA,1,0,NA,DCIM/context_n20250827135619370.jpg,DCIM/context_e20250827135613022.jpg,DCIM/context_s20250827135608193.jpg,DCIM/context_w20250827135603483.jpg,2025-08-27T13:55:55Z,16.84597334,49.2682271,DCIM/plot_e_20250827135340037.jpg,DCIM/plot_n_20250827135350945.jpg,TRUE,114,5,0.3,0.3
13,BK,small,0.2–0.4,1,NA,0,0,0,NA,NA,NA,NA,0,NA,NA,0,NA,NA,0,NA,NA,NA,NA,NA,NA,NA,648_T2_AH_20250827,1,1,NA,NA,1,NA,1,1,Nátěr,DCIM/context_n20250827152859492.jpg,DCIM/context_e20250827152854546.jpg,DCIM/context_s20250827152850540.jpg,DCIM/context_w20250827152845495.jpg,2025-08-27T15:28:18Z,16.17999041,49.35740483,DCIM/plot_e_20250827153203717.jpg,DCIM/plot_n_20250827153306351.jpg,TRUE,115,5,0.3,0.3
18,SM,small,0.8–1.0,2,NA,1,1,50,1,terminal,chybajuci,NA,1,NA,NA,0,NA,NA,0,NA,NA,NA,NA,NA,NA,NA,648_T4_TP_20250827,NA,1,NA,NA,NA,NA,NA,0,NA,DCIM/context_n20250716090006539.jpg,DCIM/context_e20250716090001611.jpg,DCIM/context_s20250716085956360.jpg,DCIM/context_w20250716085945150.jpg,2025-07-16T08:58:58Z,15.4795916,49.04925128,DCIM/plot_e_20250716085602246.jpg,DCIM/plot_n_20250716085616444.jpg,TRUE,167,6,0.9,0.9
17,MD,small,0.6–0.8,3,NA,0,0,0,NA,NA,NA,NA,0,NA,NA,0,NA,NA,0,NA,NA,NA,NA,NA,NA,NA,649_T2_AH_20250827,1,1,NA,NA,1,NA,1,0,NA,DCIM/context_n20250827154117514.jpg,DCIM/context_e20250827154108574.jpg,DCIM/context_s20250827154104131.jpg,DCIM/context_w20250827154059301.jpg,2025-08-27T15:40:25Z,16.18024225,49.35721199,DCIM/plot_e_20250827153722681.jpg,DCIM/plot_n_20250827153711153.jpg,TRUE,115,5,0.7,0.7
13,BK,small,0.2–0.4,2,NA,1,1,50,1,kmen,NA,NA,0,NA,NA,0,NA,cerstve,1,mechanizace,NA,NA,NA,NA,NA,NA,649_T2_AH_20250827,1,1,NA,NA,1,NA,1,0,NA,DCIM/context_n20250827154117514.jpg,DCIM/context_e20250827154108574.jpg,DCIM/context_s20250827154104131.jpg,DCIM/context_w20250827154059301.jpg,2025-08-27T15:40:25Z,16.18024225,49.35721199,DCIM/plot_e_20250827153722681.jpg,DCIM/plot_n_20250827153711153.jpg,TRUE,115,5,0.3,0.3
10,BR,small,1.3–2.0,1,NA,0,0,0,NA,NA,NA,NA,0,NA,NA,0,NA,NA,0,NA,NA,NA,NA,NA,NA,NA,649_T2_AH_20250827,1,1,NA,NA,1,NA,1,0,NA,DCIM/context_n20250827154117514.jpg,DCIM/context_e20250827154108574.jpg,DCIM/context_s20250827154104131.jpg,DCIM/context_w20250827154059301.jpg,2025-08-27T15:40:25Z,16.18024225,49.35721199,DCIM/plot_e_20250827153722681.jpg,DCIM/plot_n_20250827153711153.jpg,TRUE,115,5,1.7,1.7
18,SM,small,0.2–0.4,1,NA,0,0,0,NA,NA,NA,NA,0,NA,NA,0,NA,NA,0,NA,NA,NA,NA,NA,NA,NA,650_T4_TP_20250827,NA,NA,NA,1,NA,NA,NA,1,Repelent,DCIM/context_n20250716094119442.jpg,DCIM/context_e20250716094111200.jpg,DCIM/context_s20250716094054102.jpg,DCIM/context_w20250716094031384.jpg,2025-07-16T09:39:43Z,15.49394338,49.04746545,DCIM/plot_e_20250716093855455.jpg,DCIM/plot_n_20250716093903850.jpg,TRUE,168,5,0.3,0.3
13,BK,small,0.2–0.4,2,NA,1,1,50,1,kmen,NA,NA,0,NA,NA,0,NA,cerstve,1,mechanizace,NA,NA,NA,NA,Ožnut,NA,651_T2_AH_20250827,1,1,NA,NA,1,NA,1,0,NA,DCIM/context_n20250827155511836.jpg,DCIM/context_e20250827155506941.jpg,DCIM/context_s20250827155502064.jpg,DCIM/context_w20250827155457802.jpg,2025-08-27T15:54:32Z,16.17994368,49.35704551,DCIM/plot_e_20250827155255391.jpg,DCIM/plot_n_20250827155302207.jpg,TRUE,115,5,0.3,0.3
18,SM,small,0.2–0.4,3,NA,0,0,0,NA,NA,NA,NA,0,NA,NA,0,NA,NA,0,NA,NA,NA,NA,NA,NA,NA,651_T4_TP_20250827,NA,1,NA,NA,NA,NA,NA,0,NA,DCIM/context_n20250716095002516.jpg,DCIM/context_e20250716094957745.jpg,DCIM/context_s20250716094953008.jpg,DCIM/context_w20250716094947622.jpg,2025-07-16T09:49:13Z,15.49395851,49.04764536,DCIM/plot_e_20250716094535369.jpg,DCIM/plot_n_20250716094545588.jpg,TRUE,168,5,0.3,0.3
20,OS,small,0.2–0.4,1,NA,1,1,100,1,olistení,NA,NA,0,20-40,NA,1,0-20,NA,0,NA,NA,NA,NA,NA,NA,NA,651_T4_TP_20250827,NA,1,NA,NA,NA,NA,NA,0,NA,DCIM/context_n20250716095002516.jpg,DCIM/context_e20250716094957745.jpg,DCIM/context_s20250716094953008.jpg,DCIM/context_w20250716094947622.jpg,2025-07-16T09:49:13Z,15.49395851,49.04764536,DCIM/plot_e_20250716094535369.jpg,DCIM/plot_n_20250716094545588.jpg,TRUE,168,5,0.3,0.3
17,MD,small,0.6–0.8,3,NA,1,3,100,1,olistení,NA,NA,0,0-20,2,3,0-20,NA,0,NA,NA,NA,NA,NA,NA,T2652OMD4,652_T2_AH_20250827,NA,1,NA,NA,1,NA,1,0,NA,DCIM/context_n20250827160452130.jpg,DCIM/context_e20250827160446849.jpg,DCIM/context_s20250827160441052.jpg,DCIM/context_w20250827160436760.jpg,2025-08-27T16:04:08Z,16.17968889,49.35724248,DCIM/plot_e_20250827155756263.jpg,DCIM/plot_n_20250827155807523.jpg,TRUE,115,5,0.7,0.7
13,BK,small,0.2–0.4,2,NA,1,0,0,1,kmen,NA,NA,0,NA,NA,0,NA,NA,0,zver,NA,NA,NA,NA,NA,NA,652_T2_AH_20250827,NA,1,NA,NA,1,NA,1,0,NA,DCIM/context_n20250827160452130.jpg,DCIM/context_e20250827160446849.jpg,DCIM/context_s20250827160441052.jpg,DCIM/context_w20250827160436760.jpg,2025-08-27T16:04:08Z,16.17968889,49.35724248,DCIM/plot_e_20250827155756263.jpg,DCIM/plot_n_20250827155807523.jpg,TRUE,115,5,0.3,0.3
19,BO,small,0.4–0.6,2,NA,1,0,0,1,terminal,NA,NA,0,NA,NA,0,NA,NA,0,NA,NA,NA,NA,NA,NA,NA,652_T2_AH_20250827,NA,1,NA,NA,1,NA,1,0,NA,DCIM/context_n20250827160452130.jpg,DCIM/context_e20250827160446849.jpg,DCIM/context_s20250827160441052.jpg,DCIM/context_w20250827160436760.jpg,2025-08-27T16:04:08Z,16.17968889,49.35724248,DCIM/plot_e_20250827155756263.jpg,DCIM/plot_n_20250827155807523.jpg,TRUE,115,5,0.5,0.5
24,DB,small,0.4–0.6,2,NA,1,1,50,1,terminal,chybajuci,NA,1,NA,NA,0,NA,NA,0,NA,NA,NA,NA,Okus,NA,NA,652_T4_TP_20250827,NA,1,NA,NA,NA,1,NA,0,NA,DCIM/context_n20250716095607333.jpg,DCIM/context_e20250716095601064.jpg,DCIM/context_s20250716095555723.jpg,DCIM/context_w20250716095547359.jpg,2025-07-16T09:55:11Z,15.49423192,49.04763234,DCIM/plot_e_20250716095315867.jpg,DCIM/plot_n_20250716095324375.jpg,TRUE,168,5,0.5,0.5
24,DB,small,0.4–0.6,2,NA,0,0,0,NA,NA,NA,NA,0,NA,NA,0,NA,NA,0,NA,NA,NA,NA,NA,NA,NA,653_T4_TP_20250827,NA,1,NA,NA,NA,NA,1,1,Oplocenka,DCIM/context_n20250716101025795.jpg,DCIM/context_e20250716101020555.jpg,DCIM/context_s20250716101015759.jpg,DCIM/context_w20250716101010722.jpg,2025-07-16T10:09:44Z,15.49398103,49.04782311,DCIM/plot_e_20250716100823280.jpg,DCIM/plot_n_20250716100830205.jpg,TRUE,168,5,0.5,0.5
17,MD,small,0.4–0.6,2,NA,1,1,50,1,terminal,chybajuci,NA,1,NA,NA,0,NA,NA,0,NA,NA,NA,NA,NA,NA,NA,654_T4_TP_20250827,NA,1,NA,NA,NA,NA,1,1,Oplocenka,DCIM/context_n20250716101823874.jpg,DCIM/context_e20250716101819112.jpg,DCIM/context_s20250716101814208.jpg,DCIM/context_w20250716101809485.jpg,2025-07-16T10:17:42Z,15.49368564,49.04766117,DCIM/plot_e_20250716101528284.jpg,DCIM/plot_n_20250716101535410.jpg,TRUE,168,5,0.5,0.5
4,KL,small,1.3–2.0,2,NA,0,0,0,NA,NA,NA,NA,0,NA,NA,0,NA,NA,0,NA,NA,NA,NA,NA,NA,NA,655_T4_TP_20250827,NA,1,1,NA,NA,NA,1,1,Oplocenka,DCIM/context_n20250716105511864.jpg,DCIM/context_e20250716105507420.jpg,DCIM/context_s20250716105502144.jpg,DCIM/context_w20250716105457509.jpg,2025-07-16T10:54:18Z,15.57461121,49.04491872,DCIM/plot_e_20250716105245832.jpg,DCIM/plot_n_20250716105252230.jpg,TRUE,169,5,1.7,1.7
4,KL,small,1.3–2.0,2,NA,1,2,100,1,olistení,NA,NA,0,0-20,1,2,0-20,NA,0,NA,NA,NA,NA,NA,NA,T4656OKl4,656_T4_TP_20250827,NA,1,1,NA,NA,NA,1,1,Oplocenka,DCIM/context_n20250716110142179.jpg,DCIM/context_e20250716110137519.jpg,DCIM/context_s20250716110133064.jpg,DCIM/context_w20250716110128425.jpg,2025-07-16T11:01:03Z,15.57462347,49.04509452,DCIM/plot_e_20250716105656470.jpg,DCIM/plot_n_20250716105706193.jpg,TRUE,169,5,1.7,1.7
30,JR,small,1.0–1.3,1,NA,0,0,0,NA,NA,NA,NA,0,NA,NA,0,NA,NA,0,NA,NA,NA,NA,NA,NA,NA,656_T4_TP_20250827,NA,1,1,NA,NA,NA,1,1,Oplocenka,DCIM/context_n20250716110142179.jpg,DCIM/context_e20250716110137519.jpg,DCIM/context_s20250716110133064.jpg,DCIM/context_w20250716110128425.jpg,2025-07-16T11:01:03Z,15.57462347,49.04509452,DCIM/plot_e_20250716105656470.jpg,DCIM/plot_n_20250716105706193.jpg,TRUE,169,5,1.2,1.2
24,DB,small,0.6–0.8,1,NA,1,1,100,1,terminal,odumrety,NA,1,NA,NA,0,NA,NA,0,NA,NA,NA,NA,NA,NA,NA,657_T4_TP_20250827,NA,1,1,NA,NA,NA,1,1,Oplocenka,DCIM/context_n20250716110632697.jpg,DCIM/context_e20250716110627428.jpg,DCIM/context_s20250716110621142.jpg,DCIM/context_w20250716110615069.jpg,2025-07-16T11:05:34Z,15.57491097,49.04507821,DCIM/plot_e_20250716110320963.jpg,DCIM/plot_n_20250716110331364.jpg,TRUE,169,5,0.7,0.7
7,OL,small,1.3–2.0,1,NA,0,0,0,NA,NA,NA,NA,0,NA,NA,0,NA,NA,0,NA,NA,NA,NA,NA,NA,NA,657_T4_TP_20250827,NA,1,1,NA,NA,NA,1,1,Oplocenka,DCIM/context_n20250716110632697.jpg,DCIM/context_e20250716110627428.jpg,DCIM/context_s20250716110621142.jpg,DCIM/context_w20250716110615069.jpg,2025-07-16T11:05:34Z,15.57491097,49.04507821,DCIM/plot_e_20250716110320963.jpg,DCIM/plot_n_20250716110331364.jpg,TRUE,169,5,1.7,1.7
18,SM,small,1.0–1.3,1,NA,0,0,0,NA,NA,NA,NA,0,NA,NA,0,NA,NA,0,NA,NA,NA,NA,NA,NA,NA,659_T4_TP_20250827,NA,1,1,NA,NA,NA,1,1,Oplocenka,DCIM/context_n20250716111909719.jpg,DCIM/context_e20250716111904275.jpg,DCIM/context_s20250716111859403.jpg,DCIM/context_w20250716111854867.jpg,2025-07-16T11:18:29Z,15.57462352,49.04528154,DCIM/plot_e_20250716111721247.jpg,DCIM/plot_n_20250716111730412.jpg,TRUE,169,5,1.2,1.2
13,BK,small,1.0–1.3,1,NA,0,0,0,NA,NA,NA,NA,0,NA,NA,0,NA,NA,0,NA,NA,NA,NA,NA,NA,NA,660_T4_TP_20250827,NA,1,1,NA,NA,NA,1,1,Oplocenka,DCIM/context_n20250716114225930.jpg,DCIM/context_e20250716114221065.jpg,DCIM/context_s20250716114216365.jpg,DCIM/context_w20250716114210921.jpg,2025-07-16T11:41:34Z,15.5820131,49.0449017,DCIM/plot_e_20250716114024950.jpg,DCIM/plot_n_20250716114032362.jpg,TRUE,170,5,1.2,1.2
13,BK,small,0.8–1.0,1,NA,0,0,0,NA,NA,NA,NA,0,NA,NA,0,NA,NA,0,NA,NA,NA,NA,NA,NA,NA,662_T4_TP_20250827,NA,1,1,NA,NA,NA,1,1,Oplocenka,DCIM/context_n20250716114748809.jpg,DCIM/context_e20250716114744071.jpg,DCIM/context_s20250716114738376.jpg,DCIM/context_w20250716114731518.jpg,2025-07-16T11:47:05Z,15.58175483,49.04510374,DCIM/plot_e_20250716114611985.jpg,DCIM/plot_n_20250716114621490.jpg,TRUE,170,5,0.9,0.9
13,BK,small,1.3–2.0,3,NA,0,0,0,NA,NA,NA,NA,0,NA,NA,0,NA,NA,0,NA,NA,NA,NA,NA,NA,NA,663_T4_TP_20250827,NA,1,1,NA,NA,NA,1,1,Oplocenka,DCIM/context_n20250716115237169.jpg,DCIM/context_e20250716115242021.jpg,DCIM/context_s20250716115220405.jpg,DCIM/context_w20250716115214704.jpg,2025-07-16T11:51:41Z,15.5814608,49.04493267,DCIM/plot_e_20250716115048795.jpg,DCIM/plot_n_20250716115058365.jpg,TRUE,170,5,1.7,1.7
13,BK,small,1.0–1.3,1,NA,0,0,0,NA,NA,NA,NA,0,NA,NA,0,NA,NA,0,NA,NA,NA,NA,NA,NA,NA,664_T4_TP_20250827,NA,NA,1,NA,NA,NA,1,1,Oplocenka,DCIM/context_n20250716115648402.jpg,DCIM/context_e20250716115642203.jpg,DCIM/context_s20250716115637427.jpg,DCIM/context_w20250716115632149.jpg,2025-07-16T11:55:56Z,15.58171354,49.04473932,DCIM/plot_e_20250716115447766.jpg,DCIM/plot_n_20250716115455188.jpg,TRUE,170,5,1.2,1.2
24,DB,small,0.2–0.4,1,NA,0,0,0,NA,NA,NA,NA,0,NA,NA,0,NA,NA,0,NA,NA,NA,NA,NA,NA,NA,664_T4_TP_20250827,NA,NA,1,NA,NA,NA,1,1,Oplocenka,DCIM/context_n20250716115648402.jpg,DCIM/context_e20250716115642203.jpg,DCIM/context_s20250716115637427.jpg,DCIM/context_w20250716115632149.jpg,2025-07-16T11:55:56Z,15.58171354,49.04473932,DCIM/plot_e_20250716115447766.jpg,DCIM/plot_n_20250716115455188.jpg,TRUE,170,5,0.3,0.3
18,SM,mature,NA,1,20–40cm,1,1,100,1,kmen,NA,NA,0,NA,NA,0,NA,stare,1,nejasna,0-20,20-30,NA,NA,NA,NA,665_T4_TP_20250827,NA,NA,NA,NA,NA,NA,NA,0,NA,DCIM/context_n20250716121938019.jpg,DCIM/context_e20250716121933359.jpg,DCIM/context_s20250716121928879.jpg,DCIM/context_w20250716121923015.jpg,2025-07-16T12:18:50Z,15.59535329,49.05127333,DCIM/plot_e_20250716121435110.jpg,DCIM/plot_n_20250716121442476.jpg,TRUE,171,5,20,30
19,BO,advanced,2–4,1,NA,0,0,0,NA,NA,NA,NA,0,NA,NA,0,NA,NA,0,NA,NA,NA,NA,NA,NA,NA,665_T4_TP_20250827,NA,NA,NA,NA,NA,NA,NA,0,NA,DCIM/context_n20250716121938019.jpg,DCIM/context_e20250716121933359.jpg,DCIM/context_s20250716121928879.jpg,DCIM/context_w20250716121923015.jpg,2025-07-16T12:18:50Z,15.59535329,49.05127333,DCIM/plot_e_20250716121435110.jpg,DCIM/plot_n_20250716121442476.jpg,TRUE,171,5,3,3
18,SM,advanced,>4,1,NA,0,0,0,NA,NA,NA,NA,0,NA,NA,0,NA,NA,0,NA,NA,NA,NA,NA,NA,NA,665_T4_TP_20250827,NA,NA,NA,NA,NA,NA,NA,0,NA,DCIM/context_n20250716121938019.jpg,DCIM/context_e20250716121933359.jpg,DCIM/context_s20250716121928879.jpg,DCIM/context_w20250716121923015.jpg,2025-07-16T12:18:50Z,15.59535329,49.05127333,DCIM/plot_e_20250716121435110.jpg,DCIM/plot_n_20250716121442476.jpg,TRUE,171,5,5,5
17,MD,small,0.6–0.8,1,NA,0,0,0,NA,NA,NA,NA,0,NA,NA,0,NA,NA,0,NA,NA,NA,NA,NA,NA,NA,666_T4_TP_20250827,NA,NA,NA,1,NA,NA,1,1,Polovina v oplocence,DCIM/context_n20250716122501751.jpg,DCIM/context_e20250716122456311.jpg,DCIM/context_s20250716122451508.jpg,DCIM/context_w20250716122446897.jpg,2025-07-16T12:23:45Z,15.59510202,49.05146397,DCIM/plot_e_20250716122250579.jpg,DCIM/plot_n_20250716122259154.jpg,TRUE,171,5,0.7,0.7
10,BR,small,0.4–0.6,9,NA,0,0,0,NA,NA,NA,NA,0,NA,NA,0,NA,NA,0,NA,NA,NA,NA,NA,NA,NA,667_T4_TP_20250827,NA,1,1,NA,NA,NA,1,1,Oplocenka,DCIM/context_n20250716123031235.jpg,DCIM/context_e20250716123026451.jpg,DCIM/context_s20250716123021795.jpg,DCIM/context_w20250716123016757.jpg,2025-07-16T12:29:50Z,15.5953736,49.0514493,DCIM/plot_e_20250716122704801.jpg,DCIM/plot_n_20250716122713358.jpg,TRUE,171,5,0.5,0.5
24,DB,small,0.2–0.4,3,NA,0,0,0,NA,NA,NA,NA,0,NA,NA,0,NA,NA,0,NA,NA,NA,NA,NA,NA,NA,667_T4_TP_20250827,NA,1,1,NA,NA,NA,1,1,Oplocenka,DCIM/context_n20250716123031235.jpg,DCIM/context_e20250716123026451.jpg,DCIM/context_s20250716123021795.jpg,DCIM/context_w20250716123016757.jpg,2025-07-16T12:29:50Z,15.5953736,49.0514493,DCIM/plot_e_20250716122704801.jpg,DCIM/plot_n_20250716122713358.jpg,TRUE,171,5,0.3,0.3
27,JIV,small,0.2–0.4,2,NA,0,0,0,NA,NA,NA,NA,0,NA,NA,0,NA,NA,0,NA,NA,NA,NA,NA,NA,NA,667_T4_TP_20250827,NA,1,1,NA,NA,NA,1,1,Oplocenka,DCIM/context_n20250716123031235.jpg,DCIM/context_e20250716123026451.jpg,DCIM/context_s20250716123021795.jpg,DCIM/context_w20250716123016757.jpg,2025-07-16T12:29:50Z,15.5953736,49.0514493,DCIM/plot_e_20250716122704801.jpg,DCIM/plot_n_20250716122713358.jpg,TRUE,171,5,0.3,0.3
4,KL,small,1.0–1.3,1,NA,0,0,0,NA,NA,NA,NA,0,NA,NA,0,NA,NA,0,NA,NA,NA,NA,NA,NA,NA,668_T4_TP_20250827,NA,1,1,NA,NA,NA,1,1,Oplocenka,DCIM/context_n20250716123314110.jpg,DCIM/context_e20250716123309152.jpg,DCIM/context_s20250716123304765.jpg,DCIM/context_w20250716123259051.jpg,2025-07-16T12:32:35Z,15.59564457,49.05143487,DCIM/plot_e_20250716123150489.jpg,DCIM/plot_n_20250716123159285.jpg,TRUE,171,5,1.2,1.2
17,MD,small,1.3–2.0,1,NA,0,0,0,NA,NA,NA,NA,0,NA,NA,0,NA,NA,0,NA,NA,NA,NA,NA,NA,NA,669_T4_TP_20250827,NA,1,1,NA,NA,1,1,1,Oplocenka,DCIM/context_n20250716123634342.jpg,DCIM/context_e20250716123629835.jpg,DCIM/context_s20250716123624107.jpg,DCIM/context_w20250716123618009.jpg,2025-07-16T12:35:46Z,15.59539493,49.05162775,DCIM/plot_e_20250716123458479.jpg,DCIM/plot_n_20250716123508043.jpg,TRUE,171,5,1.7,1.7
4,KL,small,0.6–0.8,1,NA,1,1,100,1,terminal,chybajuci,NA,1,NA,NA,0,NA,NA,0,NA,NA,NA,NA,Okus,NA,NA,670_T4_TP_20250827,NA,1,NA,NA,1,NA,1,1,Repelent,DCIM/context_n20250716143214565.jpg,DCIM/context_e20250716143210001.jpg,DCIM/context_s20250716143203166.jpg,DCIM/context_w20250716143157222.jpg,2025-07-16T14:30:59Z,15.51501841,49.44734923,DCIM/plot_e_20250716142921664.jpg,DCIM/plot_n_20250716142931003.jpg,TRUE,172,5,0.7,0.7
4,KL,small,0.6–0.8,1,NA,1,1,100,1,terminal,odumrety,NA,1,NA,NA,0,NA,NA,0,NA,NA,NA,NA,T4671OKl1,NA,NA,671_T4_TP_20250827,NA,1,NA,NA,1,NA,1,1,Repelent,DCIM/context_n20250716143838605.jpg,DCIM/context_e20250716143833256.jpg,DCIM/context_s20250716143826364.jpg,DCIM/context_w20250716143820864.jpg,2025-07-16T14:37:41Z,15.51529283,49.44733475,DCIM/plot_e_20250716143353716.jpg,DCIM/plot_n_20250716143402067.jpg,TRUE,172,5,0.7,0.7
18,SM,advanced,2–4,1,NA,0,0,0,NA,NA,NA,NA,0,NA,NA,0,NA,NA,0,NA,NA,NA,NA,NA,NA,NA,672_T4_TP_20250827,1,1,NA,NA,1,1,NA,0,NA,DCIM/context_n20250716144239825.jpg,DCIM/context_e20250716144232762.jpg,DCIM/context_s20250716144228290.jpg,DCIM/context_w20250716144222922.jpg,2025-07-16T14:41:37Z,15.51531314,49.44751416,DCIM/plot_e_20250716144048273.jpg,DCIM/plot_n_20250716144056029.jpg,TRUE,172,5,3,3
4,KL,small,0.6–0.8,1,NA,1,1,100,1,terminal,chybajuci,NA,1,NA,NA,0,NA,NA,0,NA,NA,NA,NA,Okus,NA,NA,674_T4_TP_20250827,NA,1,NA,NA,1,NA,1,0,NA,DCIM/context_n20250716145136759.jpg,DCIM/context_e20250716145131835.jpg,DCIM/context_s20250716145127040.jpg,DCIM/context_w20250716145120275.jpg,2025-07-16T14:50:48Z,15.51527194,49.44715573,DCIM/plot_e_20250716144825753.jpg,DCIM/plot_n_20250716144835916.jpg,TRUE,172,5,0.7,0.7
18,SM,small,1.0–1.3,2,NA,0,0,0,NA,NA,NA,NA,0,NA,NA,0,NA,NA,0,NA,NA,NA,NA,NA,NA,NA,675_T4_TP_20250827,NA,1,NA,NA,NA,NA,NA,0,NA,DCIM/context_n20250722131606450.jpg,DCIM/context_e20250722131600945.jpg,DCIM/context_s20250722131556077.jpg,DCIM/context_w20250722131550510.jpg,2025-07-22T13:15:10Z,15.22659664,49.68246893,DCIM/plot_e_20250722131354086.jpg,DCIM/plot_n_20250722131406220.jpg,TRUE,173,5,1.2,1.2
18,SM,advanced,2–4,1,NA,0,0,0,NA,NA,NA,NA,0,NA,NA,0,NA,NA,0,NA,NA,NA,NA,NA,NA,NA,676_T4_TP_20250827,NA,1,NA,NA,1,NA,1,0,NA,DCIM/context_n20250722132039728.jpg,DCIM/context_e20250722132035158.jpg,DCIM/context_s20250722132023375.jpg,DCIM/context_w20250722132017584.jpg,2025-07-22T13:19:52Z,15.22661243,49.68264894,DCIM/plot_e_20250722131803858.jpg,DCIM/plot_n_20250722131813822.jpg,TRUE,173,5,3,3
10,BR,advanced,2–4,1,NA,0,0,0,NA,NA,NA,NA,0,NA,NA,0,NA,NA,0,NA,NA,NA,NA,NA,NA,NA,676_T4_TP_20250827,NA,1,NA,NA,1,NA,1,0,NA,DCIM/context_n20250722132039728.jpg,DCIM/context_e20250722132035158.jpg,DCIM/context_s20250722132023375.jpg,DCIM/context_w20250722132017584.jpg,2025-07-22T13:19:52Z,15.22661243,49.68264894,DCIM/plot_e_20250722131803858.jpg,DCIM/plot_n_20250722131813822.jpg,TRUE,173,5,3,3
18,SM,small,1.3–2.0,1,NA,0,0,0,NA,NA,NA,NA,0,NA,NA,0,NA,NA,0,NA,NA,NA,NA,NA,NA,NA,676_T4_TP_20250827,NA,1,NA,NA,1,NA,1,0,NA,DCIM/context_n20250722132039728.jpg,DCIM/context_e20250722132035158.jpg,DCIM/context_s20250722132023375.jpg,DCIM/context_w20250722132017584.jpg,2025-07-22T13:19:52Z,15.22661243,49.68264894,DCIM/plot_e_20250722131803858.jpg,DCIM/plot_n_20250722131813822.jpg,TRUE,173,5,1.7,1.7
19,BO,small,1.0–1.3,1,NA,0,0,0,NA,NA,NA,NA,0,NA,NA,0,NA,NA,0,NA,NA,NA,NA,NA,NA,NA,677_T4_TP_20250827,NA,1,NA,NA,NA,1,1,0,NA,DCIM/context_n20250722132607925.jpg,DCIM/context_e20250722132603731.jpg,DCIM/context_s20250722132559331.jpg,DCIM/context_w20250722132554282.jpg,2025-07-22T13:25:09Z,15.22689599,49.68263504,DCIM/plot_e_20250722132208544.jpg,DCIM/plot_n_20250722132217258.jpg,TRUE,173,5,1.2,1.2
18,SM,small,1.0–1.3,1,NA,1,1,100,1,olistení,NA,NA,0,80-100,NA,1,80-100,NA,0,NA,NA,NA,NA,NA,NA,NA,677_T4_TP_20250827,NA,1,NA,NA,NA,1,1,0,NA,DCIM/context_n20250722132607925.jpg,DCIM/context_e20250722132603731.jpg,DCIM/context_s20250722132559331.jpg,DCIM/context_w20250722132554282.jpg,2025-07-22T13:25:09Z,15.22689599,49.68263504,DCIM/plot_e_20250722132208544.jpg,DCIM/plot_n_20250722132217258.jpg,TRUE,173,5,1.2,1.2
19,BO,small,0.2–0.4,1,NA,0,0,0,NA,NA,NA,NA,0,NA,NA,0,NA,NA,0,NA,NA,NA,NA,NA,NA,NA,678_T4_TP_20250827,NA,1,NA,NA,1,NA,1,1,Oplocenka,DCIM/context_n20250722133310853.jpg,DCIM/context_e20250722133306139.jpg,DCIM/context_s20250722133259388.jpg,DCIM/context_w20250722133253992.jpg,2025-07-22T13:32:12Z,15.22663932,49.68282529,DCIM/plot_e_20250722132818461.jpg,DCIM/plot_n_20250722132825803.jpg,TRUE,173,5,0.3,0.3
24,DB,small,1.3–2.0,3,NA,1,1,33.33333333333333,1,olistení,NA,NA,0,40-60,NA,1,40-60,NA,0,NA,NA,NA,NA,NA,NA,T4678ODB4,678_T4_TP_20250827,NA,1,NA,NA,1,NA,1,1,Oplocenka,DCIM/context_n20250722133310853.jpg,DCIM/context_e20250722133306139.jpg,DCIM/context_s20250722133259388.jpg,DCIM/context_w20250722133253992.jpg,2025-07-22T13:32:12Z,15.22663932,49.68282529,DCIM/plot_e_20250722132818461.jpg,DCIM/plot_n_20250722132825803.jpg,TRUE,173,5,1.7,1.7
18,SM,small,1.3–2.0,2,NA,1,1,50,2,olistení,NA,NA,0,80-100,NA,1,80-100,NA,0,NA,NA,NA,NA,NA,NA,T4679OSM4,679_T4_TP_20250827,NA,1,NA,NA,NA,NA,1,0,NA,DCIM/context_n20250722133926007.jpg,DCIM/context_e20250722133921266.jpg,DCIM/context_s20250722133915216.jpg,DCIM/context_w20250722133910266.jpg,2025-07-22T13:38:44Z,15.2263438,49.68265926,DCIM/plot_e_20250722133527648.jpg,DCIM/plot_n_20250722133537185.jpg,TRUE,173,5,1.7,1.7
10,BR,small,1.3–2.0,1,NA,0,0,0,NA,NA,NA,NA,0,NA,NA,0,NA,NA,0,NA,NA,NA,NA,NA,NA,NA,681_T4_TP_20250827,NA,1,NA,NA,NA,1,NA,0,NA,DCIM/context_n20250722140333476.jpg,DCIM/context_e20250722140327941.jpg,DCIM/context_s20250722140322367.jpg,DCIM/context_w20250722140316886.jpg,2025-07-22T14:02:39Z,15.2249083,49.68993519,DCIM/plot_e_20250722140147208.jpg,DCIM/plot_n_20250722140153331.jpg,TRUE,174,5,1.7,1.7
24,DB,advanced,2–4,1,NA,0,0,0,NA,NA,NA,NA,0,NA,NA,0,NA,NA,0,NA,NA,NA,NA,NA,NA,NA,683_T4_TP_20250827,NA,1,NA,NA,NA,1,1,1,Částečně v oplocence,DCIM/context_n20250722141611828.jpg,DCIM/context_e20250722141604349.jpg,DCIM/context_s20250722141559087.jpg,DCIM/context_w20250722141553528.jpg,2025-07-22T14:14:52Z,15.22518132,49.68992052,DCIM/plot_e_20250722140952174.jpg,DCIM/plot_n_20250722141000607.jpg,TRUE,174,5,3,3
27,JIV,advanced,2–4,3,NA,0,0,0,NA,NA,NA,NA,0,NA,NA,0,NA,NA,0,NA,NA,NA,NA,NA,NA,NA,683_T4_TP_20250827,NA,1,NA,NA,NA,1,1,1,Částečně v oplocence,DCIM/context_n20250722141611828.jpg,DCIM/context_e20250722141604349.jpg,DCIM/context_s20250722141559087.jpg,DCIM/context_w20250722141553528.jpg,2025-07-22T14:14:52Z,15.22518132,49.68992052,DCIM/plot_e_20250722140952174.jpg,DCIM/plot_n_20250722141000607.jpg,TRUE,174,5,3,3
18,SM,small,0.4–0.6,1,NA,1,1,100,1,kmen,NA,NA,0,NA,NA,0,NA,stare,1,nejasna,60-80,NA,NA,NA,NA,NA,683_T4_TP_20250827,NA,1,NA,NA,NA,1,1,1,Částečně v oplocence,DCIM/context_n20250722141611828.jpg,DCIM/context_e20250722141604349.jpg,DCIM/context_s20250722141559087.jpg,DCIM/context_w20250722141553528.jpg,2025-07-22T14:14:52Z,15.22518132,49.68992052,DCIM/plot_e_20250722140952174.jpg,DCIM/plot_n_20250722141000607.jpg,TRUE,174,5,0.5,0.5
18,SM,small,0.6–0.8,2,NA,1,1,50,1,terminal,chybajuci,NA,1,NA,NA,0,NA,NA,0,NA,NA,NA,NA,NA,NA,NA,684_T4_TP_20250827,NA,1,NA,NA,NA,1,1,0,NA,DCIM/context_n20250722142116286.jpg,DCIM/context_e20250722142110562.jpg,DCIM/context_s20250722142104883.jpg,DCIM/context_w20250722142057912.jpg,2025-07-22T14:20:27Z,15.22492764,49.69011164,DCIM/plot_e_20250722141747291.jpg,DCIM/plot_n_20250722141756258.jpg,TRUE,174,5,0.7,0.7
24,DB,small,0.4–0.6,1,NA,0,0,0,NA,NA,NA,NA,0,NA,NA,0,NA,NA,0,NA,NA,NA,NA,NA,NA,NA,684_T4_TP_20250827,NA,1,NA,NA,NA,1,1,0,NA,DCIM/context_n20250722142116286.jpg,DCIM/context_e20250722142110562.jpg,DCIM/context_s20250722142104883.jpg,DCIM/context_w20250722142057912.jpg,2025-07-22T14:20:27Z,15.22492764,49.69011164,DCIM/plot_e_20250722141747291.jpg,DCIM/plot_n_20250722141756258.jpg,TRUE,174,5,0.5,0.5
10,BR,small,0.4–0.6,2,NA,0,0,0,NA,NA,NA,NA,0,NA,NA,0,NA,NA,0,NA,NA,NA,NA,NA,NA,NA,684_T4_TP_20250827,NA,1,NA,NA,NA,1,1,0,NA,DCIM/context_n20250722142116286.jpg,DCIM/context_e20250722142110562.jpg,DCIM/context_s20250722142104883.jpg,DCIM/context_w20250722142057912.jpg,2025-07-22T14:20:27Z,15.22492764,49.69011164,DCIM/plot_e_20250722141747291.jpg,DCIM/plot_n_20250722141756258.jpg,TRUE,174,5,0.5,0.5
10,BR,small,1.0–1.3,1,NA,1,1,100,1,kmen,NA,NA,0,NA,NA,0,NA,stare,1,mechanizace,40-60,NA,NA,NA,NA,NA,691_T4_TP_20250827,NA,1,NA,1,NA,NA,NA,0,NA,DCIM/context_n20250724084920478.jpg,DCIM/context_e20250724084915933.jpg,DCIM/context_s20250724084911142.jpg,DCIM/context_w20250724084904517.jpg,2025-07-24T08:48:31Z,15.01615497,49.61199508,DCIM/plot_e_20250724084610008.jpg,DCIM/plot_n_20250724084618973.jpg,TRUE,73,5,1.2,1.2
19,BO,small,0.4–0.6,3,NA,0,0,0,NA,NA,NA,NA,0,NA,NA,0,NA,NA,0,NA,NA,NA,NA,NA,NA,NA,692_T4_TP_20250827,NA,1,1,NA,1,NA,1,1,Oplocenka,DCIM/context_n20250724092805539.jpg,DCIM/context_e20250724092759953.jpg,DCIM/context_s20250724092755624.jpg,DCIM/context_w20250724092750103.jpg,2025-07-24T09:27:07Z,15.29995278,49.53540396,DCIM/plot_e_20250724092554114.jpg,DCIM/plot_n_20250724092601364.jpg,TRUE,176,5,0.5,0.5
10,BR,small,0.4–0.6,1,NA,0,0,0,NA,NA,NA,NA,0,NA,NA,0,NA,NA,0,NA,NA,NA,NA,NA,NA,NA,693_T4_TP_20250827,NA,1,NA,NA,NA,1,NA,0,NA,DCIM/context_n20250724093858379.jpg,DCIM/context_e20250724093853590.jpg,DCIM/context_s20250724093849257.jpg,DCIM/context_w20250724093843403.jpg,2025-07-24T09:38:02Z,15.29967616,49.53541961,DCIM/plot_e_20250724093128341.jpg,DCIM/plot_n_20250724093136263.jpg,TRUE,176,5,0.5,0.5
30,JR,small,0.4–0.6,3,NA,1,3,100,1,terminal,odumrety,2,3,NA,NA,0,NA,NA,0,NA,NA,NA,NA,T4693OJR1,NA,NA,693_T4_TP_20250827,NA,1,NA,NA,NA,1,NA,0,NA,DCIM/context_n20250724093858379.jpg,DCIM/context_e20250724093853590.jpg,DCIM/context_s20250724093849257.jpg,DCIM/context_w20250724093843403.jpg,2025-07-24T09:38:02Z,15.29967616,49.53541961,DCIM/plot_e_20250724093128341.jpg,DCIM/plot_n_20250724093136263.jpg,TRUE,176,5,0.5,0.5
24,DB,small,0.2–0.4,1,NA,1,1,100,1,terminal,odumrety,NA,1,NA,NA,0,NA,NA,0,NA,NA,NA,NA,T4693ODB1,NA,NA,693_T4_TP_20250827,NA,1,NA,NA,NA,1,NA,0,NA,DCIM/context_n20250724093858379.jpg,DCIM/context_e20250724093853590.jpg,DCIM/context_s20250724093849257.jpg,DCIM/context_w20250724093843403.jpg,2025-07-24T09:38:02Z,15.29967616,49.53541961,DCIM/plot_e_20250724093128341.jpg,DCIM/plot_n_20250724093136263.jpg,TRUE,176,5,0.3,0.3
10,BR,advanced,>4,1,NA,0,0,0,NA,NA,NA,NA,0,NA,NA,0,NA,NA,0,NA,NA,NA,NA,NA,NA,NA,694_T4_TP_20250827,NA,1,NA,NA,1,NA,NA,0,NA,DCIM/context_n20250724094629012.jpg,DCIM/context_e20250724094622132.jpg,DCIM/context_s20250724094613841.jpg,DCIM/context_w20250724094608779.jpg,2025-07-24T09:45:38Z,15.29969872,49.53559617,DCIM/plot_e_20250724094154889.jpg,DCIM/plot_n_20250724094203850.jpg,TRUE,176,5,5,5
10,BR,small,1.3–2.0,1,NA,0,0,0,NA,NA,NA,NA,0,NA,NA,0,NA,NA,0,NA,NA,NA,NA,NA,NA,NA,694_T4_TP_20250827,NA,1,NA,NA,1,NA,NA,0,NA,DCIM/context_n20250724094629012.jpg,DCIM/context_e20250724094622132.jpg,DCIM/context_s20250724094613841.jpg,DCIM/context_w20250724094608779.jpg,2025-07-24T09:45:38Z,15.29969872,49.53559617,DCIM/plot_e_20250724094154889.jpg,DCIM/plot_n_20250724094203850.jpg,TRUE,176,5,1.7,1.7
30,JR,small,1.3–2.0,1,NA,0,0,0,NA,NA,NA,NA,0,NA,NA,0,NA,NA,0,NA,NA,NA,NA,NA,NA,NA,694_T4_TP_20250827,NA,1,NA,NA,1,NA,NA,0,NA,DCIM/context_n20250724094629012.jpg,DCIM/context_e20250724094622132.jpg,DCIM/context_s20250724094613841.jpg,DCIM/context_w20250724094608779.jpg,2025-07-24T09:45:38Z,15.29969872,49.53559617,DCIM/plot_e_20250724094154889.jpg,DCIM/plot_n_20250724094203850.jpg,TRUE,176,5,1.7,1.7
23,DG,small,0.4–0.6,1,NA,0,0,0,NA,NA,NA,NA,0,NA,NA,0,NA,NA,0,NA,NA,NA,NA,NA,NA,NA,696_T4_TP_20250827,NA,1,NA,NA,1,NA,NA,1,Oplocenka,DCIM/context_n20250724095835172.jpg,DCIM/context_e20250724095830515.jpg,DCIM/context_s20250724095825678.jpg,DCIM/context_w20250724095818273.jpg,2025-07-24T09:57:48Z,15.29965786,49.53523881,DCIM/plot_e_20250724095650338.jpg,DCIM/plot_n_20250724095659305.jpg,TRUE,176,5,0.5,0.5
27,JIV,advanced,2–4,1,NA,0,0,0,NA,NA,NA,NA,0,NA,NA,0,NA,NA,0,NA,NA,NA,NA,NA,NA,NA,697_T4_TP_20250827,1,1,NA,NA,NA,NA,NA,0,Potok,DCIM/context_n20250724105010117.jpg,DCIM/context_e20250724105004680.jpg,DCIM/context_s20250724104958001.jpg,DCIM/context_w20250724104952140.jpg,2025-07-24T10:48:48Z,15.39217991,49.55248014,DCIM/plot_e_20250724104759548.jpg,DCIM/plot_n_20250724104806096.jpg,TRUE,177,5,3,3
10,BR,advanced,>4,2,NA,0,0,0,NA,NA,NA,NA,0,NA,NA,0,NA,NA,0,NA,NA,NA,NA,NA,NA,NA,698_T4_TP_20250827,1,1,NA,NA,NA,NA,NA,0,NA,DCIM/context_n20250724105612238.jpg,DCIM/context_e20250724105607418.jpg,DCIM/context_s20250724105600026.jpg,DCIM/context_w20250724105552801.jpg,2025-07-24T10:55:29Z,15.39220839,49.55265785,DCIM/plot_e_20250724105226339.jpg,DCIM/plot_n_20250724105234740.jpg,TRUE,177,5,5,5
19,BO,small,1.0–1.3,1,NA,0,0,0,NA,NA,NA,NA,0,NA,NA,0,NA,NA,0,NA,NA,NA,NA,NA,NA,NA,698_T4_TP_20250827,1,1,NA,NA,NA,NA,NA,0,NA,DCIM/context_n20250724105612238.jpg,DCIM/context_e20250724105607418.jpg,DCIM/context_s20250724105600026.jpg,DCIM/context_w20250724105552801.jpg,2025-07-24T10:55:29Z,15.39220839,49.55265785,DCIM/plot_e_20250724105226339.jpg,DCIM/plot_n_20250724105234740.jpg,TRUE,177,5,1.2,1.2
28,VRX,small,1.3–2.0,2,NA,0,0,0,NA,NA,NA,NA,0,NA,NA,0,NA,NA,0,NA,NA,NA,NA,NA,NA,NA,698_T4_TP_20250827,1,1,NA,NA,NA,NA,NA,0,NA,DCIM/context_n20250724105612238.jpg,DCIM/context_e20250724105607418.jpg,DCIM/context_s20250724105600026.jpg,DCIM/context_w20250724105552801.jpg,2025-07-24T10:55:29Z,15.39220839,49.55265785,DCIM/plot_e_20250724105226339.jpg,DCIM/plot_n_20250724105234740.jpg,TRUE,177,5,1.7,1.7
19,BO,small,1.3–2.0,2,NA,0,0,0,NA,NA,NA,NA,0,NA,NA,0,NA,NA,0,NA,NA,NA,NA,NA,NA,NA,699_T4_TP_20250827,1,1,NA,NA,NA,NA,NA,0,NA,DCIM/context_n20250724110236704.jpg,DCIM/context_e20250724110231630.jpg,DCIM/context_s20250724110224719.jpg,DCIM/context_w20250724110219306.jpg,2025-07-24T11:01:46Z,15.39193173,49.55267467,DCIM/plot_e_20250724105944730.jpg,DCIM/plot_n_20250724105951491.jpg,TRUE,177,5,1.7,1.7
18,SM,small,0.8–1.0,2,NA,0,0,0,NA,NA,NA,NA,0,NA,NA,0,NA,NA,0,NA,NA,NA,NA,NA,NA,NA,699_T4_TP_20250827,1,1,NA,NA,NA,NA,NA,0,NA,DCIM/context_n20250724110236704.jpg,DCIM/context_e20250724110231630.jpg,DCIM/context_s20250724110224719.jpg,DCIM/context_w20250724110219306.jpg,2025-07-24T11:01:46Z,15.39193173,49.55267467,DCIM/plot_e_20250724105944730.jpg,DCIM/plot_n_20250724105951491.jpg,TRUE,177,5,0.9,0.9
19,BO,small,0.6–0.8,2,NA,0,0,0,NA,NA,NA,NA,0,NA,NA,0,NA,NA,0,NA,NA,NA,NA,NA,NA,NA,700_T4_TP_20250827,NA,1,NA,1,NA,NA,NA,0,NA,DCIM/context_n20250724110716458.jpg,DCIM/context_e20250724110711245.jpg,DCIM/context_s20250724110706569.jpg,DCIM/context_w20250724110659492.jpg,2025-07-24T11:06:22Z,15.39222704,49.55283645,DCIM/plot_e_20250724110534933.jpg,DCIM/plot_n_20250724110541531.jpg,TRUE,177,5,0.7,0.7
28,VRX,advanced,2–4,2,NA,0,0,0,NA,NA,NA,NA,0,NA,NA,0,NA,NA,0,NA,NA,NA,NA,NA,NA,NA,701_T4_TP_20250827,NA,1,NA,NA,NA,NA,NA,0,NA,DCIM/context_n20250724111312595.jpg,DCIM/context_e20250724111308069.jpg,DCIM/context_s20250724111301538.jpg,DCIM/context_w20250724111255937.jpg,2025-07-24T11:12:36Z,15.39248222,49.55264528,DCIM/plot_e_20250724111046585.jpg,DCIM/plot_n_20250724111054910.jpg,TRUE,177,5,3,3
10,BR,advanced,2–4,1,NA,0,0,0,NA,NA,NA,NA,0,NA,NA,0,NA,NA,0,NA,NA,NA,NA,NA,NA,NA,701_T4_TP_20250827,NA,1,NA,NA,NA,NA,NA,0,NA,DCIM/context_n20250724111312595.jpg,DCIM/context_e20250724111308069.jpg,DCIM/context_s20250724111301538.jpg,DCIM/context_w20250724111255937.jpg,2025-07-24T11:12:36Z,15.39248222,49.55264528,DCIM/plot_e_20250724111046585.jpg,DCIM/plot_n_20250724111054910.jpg,TRUE,177,5,3,3
18,SM,small,0.6–0.8,1,NA,0,0,0,NA,NA,NA,NA,0,NA,NA,0,NA,NA,0,NA,NA,NA,NA,NA,NA,NA,702_T4_TP_20250827,NA,1,NA,NA,NA,NA,1,1,Repelent,DCIM/context_n20250724113340973.jpg,DCIM/context_e20250724113336264.jpg,DCIM/context_s20250724113331733.jpg,DCIM/context_w20250724113327667.jpg,2025-07-24T11:32:44Z,15.38670711,49.55057926,DCIM/plot_e_20250724113137048.jpg,DCIM/plot_n_20250724113145560.jpg,TRUE,178,5,0.7,0.7
18,SM,small,1.3–2.0,1,NA,0,0,0,NA,NA,NA,NA,0,NA,NA,0,NA,NA,0,NA,NA,NA,NA,NA,NA,NA,703_T4_TP_20250827,NA,1,0,NA,NA,NA,1,0,NA,DCIM/context_n20250724113832576.jpg,DCIM/context_e20250724113825500.jpg,DCIM/context_s20250724113820434.jpg,DCIM/context_w20250724113815066.jpg,2025-07-24T11:37:49Z,15.38643236,49.55059179,DCIM/plot_e_20250724113636757.jpg,DCIM/plot_n_20250724113643530.jpg,TRUE,178,5,1.7,1.7
10,BR,small,1.3–2.0,1,NA,0,0,0,NA,NA,NA,NA,0,NA,NA,0,NA,NA,0,NA,NA,NA,NA,NA,NA,NA,703_T4_TP_20250827,NA,1,0,NA,NA,NA,1,0,NA,DCIM/context_n20250724113832576.jpg,DCIM/context_e20250724113825500.jpg,DCIM/context_s20250724113820434.jpg,DCIM/context_w20250724113815066.jpg,2025-07-24T11:37:49Z,15.38643236,49.55059179,DCIM/plot_e_20250724113636757.jpg,DCIM/plot_n_20250724113643530.jpg,TRUE,178,5,1.7,1.7
10,BR,small,0.2–0.4,1,NA,0,0,0,NA,NA,NA,NA,0,NA,NA,0,NA,NA,0,NA,NA,NA,NA,NA,NA,NA,704_T4_TP_20250827,1,1,NA,NA,NA,NA,NA,0,NA,DCIM/context_n20250724114247851.jpg,DCIM/context_e20250724114242935.jpg,DCIM/context_s20250724114237134.jpg,DCIM/context_w20250724114232111.jpg,2025-07-24T11:42:06Z,15.38641243,49.55041543,DCIM/plot_e_20250724114109278.jpg,DCIM/plot_n_20250724114118535.jpg,TRUE,178,5,0.3,0.3
28,VRX,small,0.4–0.6,1,NA,0,0,0,NA,NA,NA,NA,0,NA,NA,0,NA,NA,0,NA,NA,NA,NA,NA,NA,NA,704_T4_TP_20250827,1,1,NA,NA,NA,NA,NA,0,NA,DCIM/context_n20250724114247851.jpg,DCIM/context_e20250724114242935.jpg,DCIM/context_s20250724114237134.jpg,DCIM/context_w20250724114232111.jpg,2025-07-24T11:42:06Z,15.38641243,49.55041543,DCIM/plot_e_20250724114109278.jpg,DCIM/plot_n_20250724114118535.jpg,TRUE,178,5,0.5,0.5
17,MD,small,1.3–2.0,1,NA,0,0,0,NA,NA,NA,NA,0,NA,NA,0,NA,NA,0,NA,NA,NA,NA,NA,NA,NA,705_T4_TP_20250827,1,1,NA,NA,NA,NA,NA,0,NA,DCIM/context_n20250724114804911.jpg,DCIM/context_e20250724114800859.jpg,DCIM/context_s20250724114755758.jpg,DCIM/context_w20250724114750041.jpg,2025-07-24T11:47:08Z,15.3861548,49.55060605,DCIM/plot_e_20250724114552036.jpg,DCIM/plot_n_20250724114558904.jpg,TRUE,178,5,1.7,1.7
19,BO,small,0.4–0.6,2,NA,0,0,0,NA,NA,NA,NA,0,NA,NA,0,NA,NA,0,NA,NA,NA,NA,NA,NA,NA,706_T4_TP_20250827,NA,1,NA,NA,NA,1,1,1,Repelent,DCIM/context_n20250724115538397.jpg,DCIM/context_e20250724115532662.jpg,DCIM/context_s20250724115527892.jpg,DCIM/context_w20250724115522888.jpg,2025-07-24T11:54:45Z,15.38644942,49.55077172,DCIM/plot_e_20250724115052158.jpg,DCIM/plot_n_20250724115102283.jpg,TRUE,178,5,0.5,0.5
18,SM,small,1.0–1.3,1,NA,0,0,0,NA,NA,NA,NA,0,NA,NA,0,NA,NA,0,NA,NA,NA,NA,NA,NA,NA,706_T4_TP_20250827,NA,1,NA,NA,NA,1,1,1,Repelent,DCIM/context_n20250724115538397.jpg,DCIM/context_e20250724115532662.jpg,DCIM/context_s20250724115527892.jpg,DCIM/context_w20250724115522888.jpg,2025-07-24T11:54:45Z,15.38644942,49.55077172,DCIM/plot_e_20250724115052158.jpg,DCIM/plot_n_20250724115102283.jpg,TRUE,178,5,1.2,1.2
30,JR,small,0.8–1.0,1,NA,1,1,100,1,terminal,chybajuci,NA,1,NA,NA,0,NA,NA,0,NA,NA,NA,NA,Okus,NA,NA,706_T4_TP_20250827,NA,1,NA,NA,NA,1,1,1,Repelent,DCIM/context_n20250724115538397.jpg,DCIM/context_e20250724115532662.jpg,DCIM/context_s20250724115527892.jpg,DCIM/context_w20250724115522888.jpg,2025-07-24T11:54:45Z,15.38644942,49.55077172,DCIM/plot_e_20250724115052158.jpg,DCIM/plot_n_20250724115102283.jpg,TRUE,178,5,0.9,0.9
18,SM,advanced,2–4,2,NA,0,0,0,NA,NA,NA,NA,0,NA,NA,0,NA,NA,0,NA,NA,NA,NA,NA,NA,NA,707_T4_TP_20250827,NA,1,NA,NA,NA,1,NA,0,NA,DCIM/context_n20250724130353881.jpg,DCIM/context_e20250724130347670.jpg,DCIM/context_s20250724130342034.jpg,DCIM/context_w20250724130335819.jpg,2025-07-24T13:03:09Z,15.38002166,49.54530357,DCIM/plot_e_20250724125948446.jpg,DCIM/plot_n_20250724125956843.jpg,TRUE,179,5,3,3
18,SM,small,1.3–2.0,4,NA,0,0,0,NA,NA,NA,NA,0,NA,NA,0,NA,NA,0,NA,NA,NA,NA,NA,NA,NA,707_T4_TP_20250827,NA,1,NA,NA,NA,1,NA,0,NA,DCIM/context_n20250724130353881.jpg,DCIM/context_e20250724130347670.jpg,DCIM/context_s20250724130342034.jpg,DCIM/context_w20250724130335819.jpg,2025-07-24T13:03:09Z,15.38002166,49.54530357,DCIM/plot_e_20250724125948446.jpg,DCIM/plot_n_20250724125956843.jpg,TRUE,179,5,1.7,1.7
18,SM,advanced,2–4,4,NA,0,0,0,NA,NA,NA,NA,0,NA,NA,0,NA,NA,0,NA,NA,NA,NA,NA,NA,NA,708_T4_TP_20250827,NA,1,NA,NA,NA,1,NA,0,NA,DCIM/context_n20250724130944897.jpg,DCIM/context_e20250724130940598.jpg,DCIM/context_s20250724130935012.jpg,DCIM/context_w20250724130929362.jpg,2025-07-24T13:09:05Z,15.38027742,49.5451182,DCIM/plot_e_20250724130733120.jpg,DCIM/plot_n_20250724130741245.jpg,TRUE,179,5,3,3
18,SM,small,1.3–2.0,1,NA,0,0,0,NA,NA,NA,NA,0,NA,NA,0,NA,NA,0,NA,NA,NA,NA,NA,NA,NA,708_T4_TP_20250827,NA,1,NA,NA,NA,1,NA,0,NA,DCIM/context_n20250724130944897.jpg,DCIM/context_e20250724130940598.jpg,DCIM/context_s20250724130935012.jpg,DCIM/context_w20250724130929362.jpg,2025-07-24T13:09:05Z,15.38027742,49.5451182,DCIM/plot_e_20250724130733120.jpg,DCIM/plot_n_20250724130741245.jpg,TRUE,179,5,1.7,1.7
17,MD,small,0.6–0.8,1,NA,0,0,0,NA,NA,NA,NA,0,NA,NA,0,NA,NA,0,NA,NA,NA,NA,NA,NA,NA,709_T4_TP_20250827,NA,1,NA,1,NA,1,NA,0,NA,DCIM/context_n20250724131452208.jpg,DCIM/context_e20250724131447075.jpg,DCIM/context_s20250724131440309.jpg,DCIM/context_w20250724131435176.jpg,2025-07-24T13:13:53Z,15.38000821,49.54513065,DCIM/plot_e_20250724131243004.jpg,DCIM/plot_n_20250724131249441.jpg,TRUE,179,5,0.7,0.7
18,SM,advanced,>4,6,NA,0,0,0,NA,NA,NA,NA,0,NA,NA,0,NA,NA,0,NA,NA,NA,NA,NA,NA,NA,710_T4_TP_20250827,NA,1,NA,NA,NA,NA,NA,0,NA,DCIM/context_n20250724132309354.jpg,DCIM/context_e20250724132303841.jpg,DCIM/context_s20250724132258104.jpg,DCIM/context_w20250724132252515.jpg,2025-07-24T13:22:20Z,15.37973337,49.5451432,DCIM/plot_e_20250724131859235.jpg,DCIM/plot_n_20250724131905176.jpg,TRUE,179,5,5,5
27,JIV,advanced,2–4,1,NA,0,0,0,NA,NA,NA,NA,0,NA,NA,0,NA,NA,0,NA,NA,NA,NA,NA,NA,NA,711_T4_TP_20250827,NA,1,NA,NA,NA,1,NA,0,NA,DCIM/context_n20250724132831715.jpg,DCIM/context_e20250724132827071.jpg,DCIM/context_s20250724132822153.jpg,DCIM/context_w20250724132817653.jpg,2025-07-24T13:27:53Z,15.37998403,49.54495333,DCIM/plot_e_20250724132628563.jpg,DCIM/plot_n_20250724132636130.jpg,TRUE,179,5,3,3
18,SM,small,1.3–2.0,1,NA,0,0,0,NA,NA,NA,NA,0,NA,NA,0,NA,NA,0,NA,NA,NA,NA,NA,NA,NA,711_T4_TP_20250827,NA,1,NA,NA,NA,1,NA,0,NA,DCIM/context_n20250724132831715.jpg,DCIM/context_e20250724132827071.jpg,DCIM/context_s20250724132822153.jpg,DCIM/context_w20250724132817653.jpg,2025-07-24T13:27:53Z,15.37998403,49.54495333,DCIM/plot_e_20250724132628563.jpg,DCIM/plot_n_20250724132636130.jpg,TRUE,179,5,1.7,1.7
17,MD,advanced,2–4,2,NA,0,0,0,NA,NA,NA,NA,0,NA,NA,0,NA,NA,0,NA,NA,NA,NA,NA,NA,NA,712_T4_TP_20250827,NA,1,NA,NA,NA,NA,NA,0,NA,DCIM/context_n20250724135410724.jpg,DCIM/context_e20250724135405849.jpg,DCIM/context_s20250724135401762.jpg,DCIM/context_w20250724135356645.jpg,2025-07-24T13:53:12Z,15.38592353,49.5435844,DCIM/plot_e_20250724135043460.jpg,DCIM/plot_n_20250724135052548.jpg,TRUE,78,5,3,3
20,OS,advanced,2–4,1,NA,0,0,0,NA,NA,NA,NA,0,NA,NA,0,NA,NA,0,NA,NA,NA,NA,NA,NA,NA,712_T4_TP_20250827,NA,1,NA,NA,NA,NA,NA,0,NA,DCIM/context_n20250724135410724.jpg,DCIM/context_e20250724135405849.jpg,DCIM/context_s20250724135401762.jpg,DCIM/context_w20250724135356645.jpg,2025-07-24T13:53:12Z,15.38592353,49.5435844,DCIM/plot_e_20250724135043460.jpg,DCIM/plot_n_20250724135052548.jpg,TRUE,78,5,3,3
20,OS,small,1.3–2.0,1,NA,0,0,0,NA,NA,NA,NA,0,NA,NA,0,NA,NA,0,NA,NA,NA,NA,NA,NA,NA,712_T4_TP_20250827,NA,1,NA,NA,NA,NA,NA,0,NA,DCIM/context_n20250724135410724.jpg,DCIM/context_e20250724135405849.jpg,DCIM/context_s20250724135401762.jpg,DCIM/context_w20250724135356645.jpg,2025-07-24T13:53:12Z,15.38592353,49.5435844,DCIM/plot_e_20250724135043460.jpg,DCIM/plot_n_20250724135052548.jpg,TRUE,78,5,1.7,1.7
13,BK,small,1.3–2.0,3,NA,0,0,0,NA,NA,NA,NA,0,NA,NA,0,NA,NA,0,NA,NA,NA,NA,NA,NA,NA,713_T4_TP_20250827,NA,1,NA,NA,NA,NA,NA,0,NA,DCIM/context_n20250724140107472.jpg,DCIM/context_e20250724140102721.jpg,DCIM/context_s20250724140057904.jpg,DCIM/context_w20250724140052433.jpg,2025-07-24T14:00:26Z,15.38622472,49.5437552,DCIM/plot_e_20250724135704276.jpg,DCIM/plot_n_20250724135711011.jpg,TRUE,78,5,1.7,1.7
17,MD,small,0.4–0.6,2,NA,0,0,0,NA,NA,NA,NA,0,NA,NA,0,NA,NA,0,NA,NA,NA,NA,NA,NA,NA,713_T4_TP_20250827,NA,1,NA,NA,NA,NA,NA,0,NA,DCIM/context_n20250724140107472.jpg,DCIM/context_e20250724140102721.jpg,DCIM/context_s20250724140057904.jpg,DCIM/context_w20250724140052433.jpg,2025-07-24T14:00:26Z,15.38622472,49.5437552,DCIM/plot_e_20250724135704276.jpg,DCIM/plot_n_20250724135711011.jpg,TRUE,78,5,0.5,0.5
18,SM,small,0.4–0.6,2,NA,0,0,0,NA,NA,NA,NA,0,NA,NA,0,NA,NA,0,NA,NA,NA,NA,NA,NA,NA,713_T4_TP_20250827,NA,1,NA,NA,NA,NA,NA,0,NA,DCIM/context_n20250724140107472.jpg,DCIM/context_e20250724140102721.jpg,DCIM/context_s20250724140057904.jpg,DCIM/context_w20250724140052433.jpg,2025-07-24T14:00:26Z,15.38622472,49.5437552,DCIM/plot_e_20250724135704276.jpg,DCIM/plot_n_20250724135711011.jpg,TRUE,78,5,0.5,0.5
10,BR,small,0.6–0.8,3,NA,0,0,0,NA,NA,NA,NA,0,NA,NA,0,NA,NA,0,NA,NA,NA,NA,NA,NA,NA,713_T4_TP_20250827,NA,1,NA,NA,NA,NA,NA,0,NA,DCIM/context_n20250724140107472.jpg,DCIM/context_e20250724140102721.jpg,DCIM/context_s20250724140057904.jpg,DCIM/context_w20250724140052433.jpg,2025-07-24T14:00:26Z,15.38622472,49.5437552,DCIM/plot_e_20250724135704276.jpg,DCIM/plot_n_20250724135711011.jpg,TRUE,78,5,0.7,0.7
13,BK,small,0.8–1.0,3,NA,0,0,0,NA,NA,NA,NA,0,NA,NA,0,NA,NA,0,NA,NA,NA,NA,NA,NA,NA,714_T4_TP_20250827,1,1,NA,NA,NA,NA,1,0,NA,DCIM/context_n20250724140633588.jpg,DCIM/context_e20250724140628491.jpg,DCIM/context_s20250724140624284.jpg,DCIM/context_w20250724140619267.jpg,2025-07-24T14:05:53Z,15.38594901,49.54376574,DCIM/plot_e_20250724140245588.jpg,DCIM/plot_n_20250724140255627.jpg,TRUE,78,5,0.9,0.9
18,SM,small,0.4–0.6,1,NA,0,0,0,NA,NA,NA,NA,0,NA,NA,0,NA,NA,0,NA,NA,NA,NA,NA,NA,NA,714_T4_TP_20250827,1,1,NA,NA,NA,NA,1,0,NA,DCIM/context_n20250724140633588.jpg,DCIM/context_e20250724140628491.jpg,DCIM/context_s20250724140624284.jpg,DCIM/context_w20250724140619267.jpg,2025-07-24T14:05:53Z,15.38594901,49.54376574,DCIM/plot_e_20250724140245588.jpg,DCIM/plot_n_20250724140255627.jpg,TRUE,78,5,0.5,0.5
10,BR,small,0.6–0.8,4,NA,0,0,0,NA,NA,NA,NA,0,NA,NA,0,NA,NA,0,NA,NA,NA,NA,NA,NA,NA,714_T4_TP_20250827,1,1,NA,NA,NA,NA,1,0,NA,DCIM/context_n20250724140633588.jpg,DCIM/context_e20250724140628491.jpg,DCIM/context_s20250724140624284.jpg,DCIM/context_w20250724140619267.jpg,2025-07-24T14:05:53Z,15.38594901,49.54376574,DCIM/plot_e_20250724140245588.jpg,DCIM/plot_n_20250724140255627.jpg,TRUE,78,5,0.7,0.7
28,VRX,small,0.4–0.6,1,NA,0,0,0,NA,NA,NA,NA,0,NA,NA,0,NA,NA,0,NA,NA,NA,NA,NA,NA,NA,714_T4_TP_20250827,1,1,NA,NA,NA,NA,1,0,NA,DCIM/context_n20250724140633588.jpg,DCIM/context_e20250724140628491.jpg,DCIM/context_s20250724140624284.jpg,DCIM/context_w20250724140619267.jpg,2025-07-24T14:05:53Z,15.38594901,49.54376574,DCIM/plot_e_20250724140245588.jpg,DCIM/plot_n_20250724140255627.jpg,TRUE,78,5,0.5,0.5
18,SM,small,1.3–2.0,4,NA,0,0,0,NA,NA,NA,NA,0,NA,NA,0,NA,NA,0,NA,NA,NA,NA,NA,NA,NA,715_T4_TP_20250827,NA,1,NA,NA,1,1,NA,1,Repelent,DCIM/context_n20250724143800932.jpg,DCIM/context_e20250724143756047.jpg,DCIM/context_s20250724143751107.jpg,DCIM/context_w20250724143747086.jpg,2025-07-24T14:37:14Z,15.36828541,49.64446651,DCIM/plot_e_20250724143544514.jpg,DCIM/plot_n_20250724143553351.jpg,TRUE,79,5,1.7,1.7
19,BO,small,1.3–2.0,3,NA,0,0,0,NA,NA,NA,NA,0,NA,NA,0,NA,NA,0,NA,NA,NA,NA,NA,NA,NA,715_T4_TP_20250827,NA,1,NA,NA,1,1,NA,1,Repelent,DCIM/context_n20250724143800932.jpg,DCIM/context_e20250724143756047.jpg,DCIM/context_s20250724143751107.jpg,DCIM/context_w20250724143747086.jpg,2025-07-24T14:37:14Z,15.36828541,49.64446651,DCIM/plot_e_20250724143544514.jpg,DCIM/plot_n_20250724143553351.jpg,TRUE,79,5,1.7,1.7
18,SM,small,1.0–1.3,1,NA,0,0,0,NA,NA,NA,NA,0,NA,NA,0,NA,NA,0,NA,NA,NA,NA,NA,NA,NA,716_T4_TP_20250827,NA,1,NA,NA,1,NA,1,1,Repelent,DCIM/context_n20250724144219781.jpg,DCIM/context_e20250724144215614.jpg,DCIM/context_s20250724144210965.jpg,DCIM/context_w20250724144205886.jpg,2025-07-24T14:41:29Z,15.36826273,49.64428731,DCIM/plot_e_20250724143958737.jpg,DCIM/plot_n_20250724144004899.jpg,TRUE,79,5,1.2,1.2
19,BO,small,1.3–2.0,2,NA,0,0,0,NA,NA,NA,NA,0,NA,NA,0,NA,NA,0,NA,NA,NA,NA,NA,NA,NA,716_T4_TP_20250827,NA,1,NA,NA,1,NA,1,1,Repelent,DCIM/context_n20250724144219781.jpg,DCIM/context_e20250724144215614.jpg,DCIM/context_s20250724144210965.jpg,DCIM/context_w20250724144205886.jpg,2025-07-24T14:41:29Z,15.36826273,49.64428731,DCIM/plot_e_20250724143958737.jpg,DCIM/plot_n_20250724144004899.jpg,TRUE,79,5,1.7,1.7
18,SM,advanced,2–4,1,NA,0,0,0,NA,NA,NA,NA,0,NA,NA,0,NA,NA,0,NA,NA,NA,NA,NA,NA,NA,717_T4_TP_20250827,NA,1,NA,NA,NA,NA,1,0,NA,DCIM/context_n20250724144621474.jpg,DCIM/context_e20250724144617005.jpg,DCIM/context_s20250724144611210.jpg,DCIM/context_w20250724144604967.jpg,2025-07-24T14:45:38Z,15.36798973,49.64430068,DCIM/plot_e_20250724144441168.jpg,DCIM/plot_n_20250724144452994.jpg,TRUE,79,5,3,3
7,OL,advanced,2–4,1,NA,0,0,0,NA,NA,NA,NA,0,NA,NA,0,NA,NA,0,NA,NA,NA,NA,NA,NA,NA,718_T4_TP_20250827,NA,1,NA,NA,NA,NA,1,0,NA,DCIM/context_n20250724150245009.jpg,DCIM/context_e20250724150240003.jpg,DCIM/context_s20250724150234368.jpg,DCIM/context_w20250724150227990.jpg,2025-07-24T15:01:51Z,15.36177976,49.65342935,DCIM/plot_e_20250724145857116.jpg,DCIM/plot_n_20250724145906631.jpg,TRUE,180,5,3,3
30,JR,advanced,2–4,2,NA,0,0,0,NA,NA,NA,NA,0,NA,NA,0,NA,NA,0,NA,NA,NA,NA,NA,NA,NA,718_T4_TP_20250827,NA,1,NA,NA,NA,NA,1,0,NA,DCIM/context_n20250724150245009.jpg,DCIM/context_e20250724150240003.jpg,DCIM/context_s20250724150234368.jpg,DCIM/context_w20250724150227990.jpg,2025-07-24T15:01:51Z,15.36177976,49.65342935,DCIM/plot_e_20250724145857116.jpg,DCIM/plot_n_20250724145906631.jpg,TRUE,180,5,3,3
7,OL,small,1.3–2.0,1,NA,0,0,0,NA,NA,NA,NA,0,NA,NA,0,NA,NA,0,NA,NA,NA,NA,NA,NA,NA,718_T4_TP_20250827,NA,1,NA,NA,NA,NA,1,0,NA,DCIM/context_n20250724150245009.jpg,DCIM/context_e20250724150240003.jpg,DCIM/context_s20250724150234368.jpg,DCIM/context_w20250724150227990.jpg,2025-07-24T15:01:51Z,15.36177976,49.65342935,DCIM/plot_e_20250724145857116.jpg,DCIM/plot_n_20250724145906631.jpg,TRUE,180,5,1.7,1.7
30,JR,small,1.3–2.0,1,NA,0,0,0,NA,NA,NA,NA,0,NA,NA,0,NA,NA,0,NA,NA,NA,NA,NA,NA,NA,718_T4_TP_20250827,NA,1,NA,NA,NA,NA,1,0,NA,DCIM/context_n20250724150245009.jpg,DCIM/context_e20250724150240003.jpg,DCIM/context_s20250724150234368.jpg,DCIM/context_w20250724150227990.jpg,2025-07-24T15:01:51Z,15.36177976,49.65342935,DCIM/plot_e_20250724145857116.jpg,DCIM/plot_n_20250724145906631.jpg,TRUE,180,5,1.7,1.7
18,SM,advanced,2–4,1,NA,0,0,0,NA,NA,NA,NA,0,NA,NA,0,NA,NA,0,NA,NA,NA,NA,NA,NA,NA,719_T4_TP_20250827,1,1,NA,NA,1,NA,NA,0,NA,DCIM/context_n20250724150914049.jpg,DCIM/context_e20250724150909152.jpg,DCIM/context_s20250724150900562.jpg,DCIM/context_w20250724150853672.jpg,2025-07-24T15:08:16Z,15.36207588,49.65359399,DCIM/plot_e_20250724150709762.jpg,DCIM/plot_n_20250724150721688.jpg,TRUE,180,5,3,3
13,BK,small,1.3–2.0,1,NA,0,0,0,NA,NA,NA,NA,0,NA,NA,0,NA,NA,0,NA,NA,NA,NA,NA,NA,NA,720_T4_TP_20250827,NA,1,NA,NA,NA,NA,1,1,Repelent,DCIM/context_n20250724151343273.jpg,DCIM/context_e20250724151338602.jpg,DCIM/context_s20250724151330232.jpg,DCIM/context_w20250724151325288.jpg,2025-07-24T15:12:39Z,15.36205443,49.65341356,DCIM/plot_e_20250724151148186.jpg,DCIM/plot_n_20250724151153808.jpg,TRUE,180,5,1.7,1.7
13,BK,small,1.0–1.3,3,NA,1,2,66.66666666666666,1,terminal,chybajuci,1,2,NA,NA,0,NA,NA,0,NA,NA,NA,NA,NA,NA,NA,721_T4_TP_20250827,NA,1,NA,NA,NA,1,1,1,Repelent,DCIM/context_n20250724151907820.jpg,DCIM/context_e20250724151901789.jpg,DCIM/context_s20250724151856262.jpg,DCIM/context_w20250724151850114.jpg,2025-07-24T15:17:53Z,15.36233265,49.65339994,DCIM/plot_e_20250724151507400.jpg,DCIM/plot_n_20250724151513133.jpg,TRUE,180,5,1.2,1.2
10,BR,small,0.8–1.0,1,NA,1,1,100,1,kmen,NA,NA,0,NA,NA,0,NA,cerstve,1,zver,40-60,20-30,NA,NA,NA,NA,721_T4_TP_20250827,NA,1,NA,NA,NA,1,1,1,Repelent,DCIM/context_n20250724151907820.jpg,DCIM/context_e20250724151901789.jpg,DCIM/context_s20250724151856262.jpg,DCIM/context_w20250724151850114.jpg,2025-07-24T15:17:53Z,15.36233265,49.65339994,DCIM/plot_e_20250724151507400.jpg,DCIM/plot_n_20250724151513133.jpg,TRUE,180,5,0.9,0.9
30,JR,small,0.6–0.8,1,NA,1,1,100,1,terminal,chybajuci,NA,1,NA,NA,0,NA,NA,0,NA,NA,NA,NA,Okus,NA,NA,722_T4_TP_20250827,1,1,NA,1,NA,1,NA,0,NA,DCIM/context_n20250724152416203.jpg,DCIM/context_e20250724152409471.jpg,DCIM/context_s20250724152404670.jpg,DCIM/context_w20250724152357407.jpg,2025-07-24T15:23:30Z,15.36203573,49.65323581,DCIM/plot_e_20250724152147022.jpg,DCIM/plot_n_20250724152155011.jpg,TRUE,180,5,0.7,0.7
30,JR,advanced,2–4,1,NA,0,0,0,NA,NA,NA,NA,0,NA,NA,0,NA,NA,0,NA,NA,NA,NA,NA,NA,NA,723_T4_TP_20250827,NA,1,NA,NA,1,1,NA,0,NA,DCIM/context_n20250724154237873.jpg,DCIM/context_e20250724154231159.jpg,DCIM/context_s20250724154225867.jpg,DCIM/context_w20250724154220883.jpg,2025-07-24T15:41:41Z,15.36254389,49.65032494,DCIM/plot_e_20250724153919050.jpg,DCIM/plot_n_20250724153926867.jpg,TRUE,181,5,3,3
18,SM,small,1.3–2.0,7,NA,0,0,0,NA,NA,NA,NA,0,NA,NA,0,NA,NA,0,NA,NA,NA,NA,NA,NA,NA,723_T4_TP_20250827,NA,1,NA,NA,1,1,NA,0,NA,DCIM/context_n20250724154237873.jpg,DCIM/context_e20250724154231159.jpg,DCIM/context_s20250724154225867.jpg,DCIM/context_w20250724154220883.jpg,2025-07-24T15:41:41Z,15.36254389,49.65032494,DCIM/plot_e_20250724153919050.jpg,DCIM/plot_n_20250724153926867.jpg,TRUE,181,5,1.7,1.7
19,BO,small,1.0–1.3,1,NA,0,0,0,NA,NA,NA,NA,0,NA,NA,0,NA,NA,0,NA,NA,NA,NA,NA,NA,NA,723_T4_TP_20250827,NA,1,NA,NA,1,1,NA,0,NA,DCIM/context_n20250724154237873.jpg,DCIM/context_e20250724154231159.jpg,DCIM/context_s20250724154225867.jpg,DCIM/context_w20250724154220883.jpg,2025-07-24T15:41:41Z,15.36254389,49.65032494,DCIM/plot_e_20250724153919050.jpg,DCIM/plot_n_20250724153926867.jpg,TRUE,181,5,1.2,1.2
10,BR,advanced,>4,2,NA,0,0,0,NA,NA,NA,NA,0,NA,NA,0,NA,NA,0,NA,NA,NA,NA,NA,NA,NA,724_T4_TP_20250827,NA,1,NA,NA,NA,NA,NA,0,NA,DCIM/context_n20250724154941329.jpg,DCIM/context_e20250724154932064.jpg,DCIM/context_s20250724154918260.jpg,DCIM/context_w20250724154911000.jpg,2025-07-24T15:48:47Z,15.36252445,49.65014751,DCIM/plot_e_20250724154437638.jpg,DCIM/plot_n_20250724154445644.jpg,TRUE,181,5,5,5
10,BR,advanced,2–4,4,NA,0,0,0,NA,NA,NA,NA,0,NA,NA,0,NA,NA,0,NA,NA,NA,NA,NA,NA,NA,724_T4_TP_20250827,NA,1,NA,NA,NA,NA,NA,0,NA,DCIM/context_n20250724154941329.jpg,DCIM/context_e20250724154932064.jpg,DCIM/context_s20250724154918260.jpg,DCIM/context_w20250724154911000.jpg,2025-07-24T15:48:47Z,15.36252445,49.65014751,DCIM/plot_e_20250724154437638.jpg,DCIM/plot_n_20250724154445644.jpg,TRUE,181,5,3,3
24,DB,small,0.8–1.0,1,NA,1,1,100,1,terminal,chybajuci,NA,1,NA,NA,0,NA,NA,0,NA,NA,NA,NA,"Okus,Padlý",NA,NA,724_T4_TP_20250827,NA,1,NA,NA,NA,NA,NA,0,NA,DCIM/context_n20250724154941329.jpg,DCIM/context_e20250724154932064.jpg,DCIM/context_s20250724154918260.jpg,DCIM/context_w20250724154911000.jpg,2025-07-24T15:48:47Z,15.36252445,49.65014751,DCIM/plot_e_20250724154437638.jpg,DCIM/plot_n_20250724154445644.jpg,TRUE,181,5,0.9,0.9
10,BR,advanced,2–4,4,NA,0,0,0,NA,NA,NA,NA,0,NA,NA,0,NA,NA,0,NA,NA,NA,NA,NA,NA,NA,725_T4_TP_20250827,NA,1,NA,NA,NA,NA,NA,0,NA,DCIM/context_n20250724155515862.jpg,DCIM/context_e20250724155508075.jpg,DCIM/context_s20250724155502714.jpg,DCIM/context_w20250724155455158.jpg,2025-07-24T15:54:27Z,15.36225155,49.65015929,DCIM/plot_e_20250724155254592.jpg,DCIM/plot_n_20250724155313677.jpg,TRUE,181,5,3,3
10,BR,advanced,2–4,12,NA,0,0,0,NA,NA,NA,NA,0,NA,NA,0,NA,NA,0,NA,NA,NA,NA,NA,NA,NA,727_T4_TP_20250827,NA,1,NA,NA,NA,NA,NA,0,NA,DCIM/context_n20250724160553561.jpg,DCIM/context_e20250724160546296.jpg,DCIM/context_s20250724160540423.jpg,DCIM/context_w20250724160535322.jpg,2025-07-24T16:05:11Z,15.36280066,49.650132,DCIM/plot_e_20250724160320995.jpg,DCIM/plot_n_20250724160335958.jpg,TRUE,181,5,3,3
19,BO,small,1.3–2.0,2,NA,0,0,0,NA,NA,NA,NA,0,NA,NA,0,NA,NA,0,NA,NA,NA,NA,NA,NA,NA,727_T4_TP_20250827,NA,1,NA,NA,NA,NA,NA,0,NA,DCIM/context_n20250724160553561.jpg,DCIM/context_e20250724160546296.jpg,DCIM/context_s20250724160540423.jpg,DCIM/context_w20250724160535322.jpg,2025-07-24T16:05:11Z,15.36280066,49.650132,DCIM/plot_e_20250724160320995.jpg,DCIM/plot_n_20250724160335958.jpg,TRUE,181,5,1.7,1.7
18,SM,small,1.3–2.0,1,NA,0,0,0,NA,NA,NA,NA,0,NA,NA,0,NA,NA,0,NA,NA,NA,NA,NA,NA,NA,728_T4_TP_20250827,NA,1,NA,NA,NA,NA,1,0,NA,DCIM/context_n20250724164247760.jpg,DCIM/context_e20250724164243307.jpg,DCIM/context_s20250724164238461.jpg,DCIM/context_w20250724164233611.jpg,2025-07-24T16:41:58Z,15.4185499,49.63701779,DCIM/plot_e_20250724163734101.jpg,DCIM/plot_n_20250724163742991.jpg,TRUE,182,5,1.7,1.7
19,BO,small,0.2–0.4,3,NA,0,0,0,NA,NA,NA,NA,0,NA,NA,0,NA,NA,0,NA,NA,NA,NA,NA,NA,NA,728_T4_TP_20250827,NA,1,NA,NA,NA,NA,1,0,NA,DCIM/context_n20250724164247760.jpg,DCIM/context_e20250724164243307.jpg,DCIM/context_s20250724164238461.jpg,DCIM/context_w20250724164233611.jpg,2025-07-24T16:41:58Z,15.4185499,49.63701779,DCIM/plot_e_20250724163734101.jpg,DCIM/plot_n_20250724163742991.jpg,TRUE,182,5,0.3,0.3
10,BR,small,0.4–0.6,1,NA,0,0,0,NA,NA,NA,NA,0,NA,NA,0,NA,NA,0,NA,NA,NA,NA,NA,NA,NA,728_T4_TP_20250827,NA,1,NA,NA,NA,NA,1,0,NA,DCIM/context_n20250724164247760.jpg,DCIM/context_e20250724164243307.jpg,DCIM/context_s20250724164238461.jpg,DCIM/context_w20250724164233611.jpg,2025-07-24T16:41:58Z,15.4185499,49.63701779,DCIM/plot_e_20250724163734101.jpg,DCIM/plot_n_20250724163742991.jpg,TRUE,182,5,0.5,0.5
10,BR,small,1.3–2.0,17,NA,0,0,0,NA,NA,NA,NA,0,NA,NA,0,NA,NA,0,NA,NA,NA,NA,NA,NA,NA,729_T4_TP_20250827,NA,1,0,NA,NA,NA,1,0,NA,DCIM/context_n20250724164715970.jpg,DCIM/context_e20250724164711259.jpg,DCIM/context_s20250724164706849.jpg,DCIM/context_w20250724164702388.jpg,2025-07-24T16:46:31Z,15.41880271,49.63682646,DCIM/plot_e_20250724164436156.jpg,DCIM/plot_n_20250724164443364.jpg,TRUE,182,5,1.7,1.7
19,BO,small,1.3–2.0,1,NA,0,0,0,NA,NA,NA,NA,0,NA,NA,0,NA,NA,0,NA,NA,NA,NA,NA,NA,NA,729_T4_TP_20250827,NA,1,0,NA,NA,NA,1,0,NA,DCIM/context_n20250724164715970.jpg,DCIM/context_e20250724164711259.jpg,DCIM/context_s20250724164706849.jpg,DCIM/context_w20250724164702388.jpg,2025-07-24T16:46:31Z,15.41880271,49.63682646,DCIM/plot_e_20250724164436156.jpg,DCIM/plot_n_20250724164443364.jpg,TRUE,182,5,1.7,1.7
28,VRX,small,0.6–0.8,1,NA,0,0,0,NA,NA,NA,NA,0,NA,NA,0,NA,NA,0,NA,NA,NA,NA,NA,NA,NA,729_T4_TP_20250827,NA,1,0,NA,NA,NA,1,0,NA,DCIM/context_n20250724164715970.jpg,DCIM/context_e20250724164711259.jpg,DCIM/context_s20250724164706849.jpg,DCIM/context_w20250724164702388.jpg,2025-07-24T16:46:31Z,15.41880271,49.63682646,DCIM/plot_e_20250724164436156.jpg,DCIM/plot_n_20250724164443364.jpg,TRUE,182,5,0.7,0.7
19,BO,advanced,2–4,3,NA,0,0,0,NA,NA,NA,NA,0,NA,NA,0,NA,NA,0,NA,NA,NA,NA,NA,NA,NA,730_T4_TP_20250827,NA,1,NA,NA,NA,NA,1,1,Oplocenka,DCIM/context_n20250724165214125.jpg,DCIM/context_e20250724165209427.jpg,DCIM/context_s20250724165204146.jpg,DCIM/context_w20250724165159335.jpg,2025-07-24T16:51:32Z,15.41882614,49.63700575,DCIM/plot_e_20250724164946888.jpg,DCIM/plot_n_20250724164953052.jpg,TRUE,182,5,3,3
13,BK,advanced,2–4,2,NA,0,0,0,NA,NA,NA,NA,0,NA,NA,0,NA,NA,0,NA,NA,NA,NA,NA,NA,NA,730_T4_TP_20250827,NA,1,NA,NA,NA,NA,1,1,Oplocenka,DCIM/context_n20250724165214125.jpg,DCIM/context_e20250724165209427.jpg,DCIM/context_s20250724165204146.jpg,DCIM/context_w20250724165159335.jpg,2025-07-24T16:51:32Z,15.41882614,49.63700575,DCIM/plot_e_20250724164946888.jpg,DCIM/plot_n_20250724164953052.jpg,TRUE,182,5,3,3
13,BK,advanced,2–4,1,NA,0,0,0,NA,NA,NA,NA,0,NA,NA,0,NA,NA,0,NA,NA,NA,NA,NA,NA,NA,731_T4_TP_20250827,NA,1,NA,NA,NA,NA,1,1,Oplocenka,DCIM/context_n20250724165807967.jpg,DCIM/context_e20250724165801685.jpg,DCIM/context_s20250724165755008.jpg,DCIM/context_w20250724165749413.jpg,2025-07-24T16:57:17Z,15.41910023,49.63699018,DCIM/plot_e_20250724165425089.jpg,DCIM/plot_n_20250724165432882.jpg,TRUE,182,5,3,3
27,JIV,small,1.3–2.0,10,NA,0,0,0,NA,NA,NA,NA,0,NA,NA,0,NA,NA,0,NA,NA,NA,NA,NA,NA,NA,731_T4_TP_20250827,NA,1,NA,NA,NA,NA,1,1,Oplocenka,DCIM/context_n20250724165807967.jpg,DCIM/context_e20250724165801685.jpg,DCIM/context_s20250724165755008.jpg,DCIM/context_w20250724165749413.jpg,2025-07-24T16:57:17Z,15.41910023,49.63699018,DCIM/plot_e_20250724165425089.jpg,DCIM/plot_n_20250724165432882.jpg,TRUE,182,5,1.7,1.7
19,BO,small,1.3–2.0,5,NA,0,0,0,NA,NA,NA,NA,0,NA,NA,0,NA,NA,0,NA,NA,NA,NA,NA,NA,NA,731_T4_TP_20250827,NA,1,NA,NA,NA,NA,1,1,Oplocenka,DCIM/context_n20250724165807967.jpg,DCIM/context_e20250724165801685.jpg,DCIM/context_s20250724165755008.jpg,DCIM/context_w20250724165749413.jpg,2025-07-24T16:57:17Z,15.41910023,49.63699018,DCIM/plot_e_20250724165425089.jpg,DCIM/plot_n_20250724165432882.jpg,TRUE,182,5,1.7,1.7
18,SM,advanced,2–4,1,NA,0,0,0,NA,NA,NA,NA,0,NA,NA,0,NA,NA,0,NA,NA,NA,NA,NA,NA,NA,732_T4_TP_20250827,NA,1,NA,NA,NA,NA,1,1,Oplocenka,DCIM/context_n20250724170434299.jpg,DCIM/context_e20250724170429453.jpg,DCIM/context_s20250724170423614.jpg,DCIM/context_w20250724170418554.jpg,2025-07-24T17:03:43Z,15.4188439,49.63718381,DCIM/plot_e_20250724170034071.jpg,DCIM/plot_n_20250724170041578.jpg,TRUE,182,5,3,3
10,BR,advanced,2–4,1,NA,0,0,0,NA,NA,NA,NA,0,NA,NA,0,NA,NA,0,NA,NA,NA,NA,NA,NA,NA,732_T4_TP_20250827,NA,1,NA,NA,NA,NA,1,1,Oplocenka,DCIM/context_n20250724170434299.jpg,DCIM/context_e20250724170429453.jpg,DCIM/context_s20250724170423614.jpg,DCIM/context_w20250724170418554.jpg,2025-07-24T17:03:43Z,15.4188439,49.63718381,DCIM/plot_e_20250724170034071.jpg,DCIM/plot_n_20250724170041578.jpg,TRUE,182,5,3,3
28,VRX,advanced,2–4,1,NA,0,0,0,NA,NA,NA,NA,0,NA,NA,0,NA,NA,0,NA,NA,NA,NA,NA,NA,NA,732_T4_TP_20250827,NA,1,NA,NA,NA,NA,1,1,Oplocenka,DCIM/context_n20250724170434299.jpg,DCIM/context_e20250724170429453.jpg,DCIM/context_s20250724170423614.jpg,DCIM/context_w20250724170418554.jpg,2025-07-24T17:03:43Z,15.4188439,49.63718381,DCIM/plot_e_20250724170034071.jpg,DCIM/plot_n_20250724170041578.jpg,TRUE,182,5,3,3
18,SM,small,1.3–2.0,1,NA,0,0,0,NA,NA,NA,NA,0,NA,NA,0,NA,NA,0,NA,NA,NA,NA,NA,NA,NA,732_T4_TP_20250827,NA,1,NA,NA,NA,NA,1,1,Oplocenka,DCIM/context_n20250724170434299.jpg,DCIM/context_e20250724170429453.jpg,DCIM/context_s20250724170423614.jpg,DCIM/context_w20250724170418554.jpg,2025-07-24T17:03:43Z,15.4188439,49.63718381,DCIM/plot_e_20250724170034071.jpg,DCIM/plot_n_20250724170041578.jpg,TRUE,182,5,1.7,1.7
19,BO,small,1.3–2.0,2,NA,0,0,0,NA,NA,NA,NA,0,NA,NA,0,NA,NA,0,NA,NA,NA,NA,NA,NA,NA,732_T4_TP_20250827,NA,1,NA,NA,NA,NA,1,1,Oplocenka,DCIM/context_n20250724170434299.jpg,DCIM/context_e20250724170429453.jpg,DCIM/context_s20250724170423614.jpg,DCIM/context_w20250724170418554.jpg,2025-07-24T17:03:43Z,15.4188439,49.63718381,DCIM/plot_e_20250724170034071.jpg,DCIM/plot_n_20250724170041578.jpg,TRUE,182,5,1.7,1.7
18,SM,small,0.6–0.8,2,NA,0,0,0,NA,NA,NA,NA,0,NA,NA,0,NA,NA,0,NA,NA,NA,NA,NA,NA,NA,733_T4_TP_20250827,NA,1,1,NA,NA,NA,1,1,NA,DCIM/context_n20250807082703946.jpg,DCIM/context_e20250807082655403.jpg,DCIM/context_s20250807082649868.jpg,DCIM/context_w20250807082644247.jpg,2025-08-07T08:24:30Z,15.91368758,49.17355129,DCIM/plot_e_20250807082006254.jpg,DCIM/plot_n_20250807082021537.jpg,TRUE,183,5,0.7,0.7
18,SM,small,0.4–0.6,2,NA,0,0,0,NA,NA,NA,NA,0,NA,NA,0,NA,NA,0,NA,NA,NA,NA,NA,NA,NA,734_T4_TP_20250827,NA,1,1,NA,NA,NA,1,1,NA,DCIM/context_n20250807083448024.jpg,DCIM/context_e20250807083440222.jpg,DCIM/context_s20250807083429963.jpg,DCIM/context_w20250807083424832.jpg,2025-08-07T08:33:59Z,15.91335847,49.173613,DCIM/plot_e_20250807083121981.jpg,DCIM/plot_n_20250807083129594.jpg,TRUE,183,5,0.5,0.5
18,SM,small,0.2–0.4,2,NA,0,0,0,NA,NA,NA,NA,0,NA,NA,0,NA,NA,0,NA,NA,NA,NA,NA,NA,NA,735_T4_TP_20250827,NA,1,1,NA,NA,0,1,1,NA,DCIM/context_n20250807083923691.jpg,DCIM/context_e20250807083917748.jpg,DCIM/context_s20250807083911213.jpg,DCIM/context_w20250807083905145.jpg,2025-08-07T08:38:33Z,15.91335472,49.17341062,DCIM/plot_e_20250807083722297.jpg,DCIM/plot_n_20250807083729053.jpg,TRUE,183,5,0.3,0.3
18,SM,small,0.2–0.4,1,NA,0,0,0,NA,NA,NA,NA,0,NA,NA,0,NA,NA,0,NA,NA,NA,NA,NA,NA,NA,736_T4_TP_20250827,NA,1,1,NA,NA,NA,1,1,NA,DCIM/context_n20250807084720436.jpg,DCIM/context_e20250807084715546.jpg,DCIM/context_s20250807084708484.jpg,DCIM/context_w20250807084702773.jpg,2025-08-07T08:45:42Z,15.91307395,49.17361427,DCIM/plot_e_20250807084152277.jpg,DCIM/plot_n_20250807084200498.jpg,TRUE,183,5,0.3,0.3
18,SM,small,0.2–0.4,1,NA,0,0,0,NA,NA,NA,NA,0,NA,NA,0,NA,NA,0,NA,NA,NA,NA,NA,NA,NA,737_T4_TP_20250827,NA,1,1,NA,NA,NA,NA,1,NA,DCIM/context_n20250807085355042.jpg,DCIM/context_e20250807085349108.jpg,DCIM/context_s20250807085344247.jpg,DCIM/context_w20250807085338298.jpg,2025-08-07T08:53:13Z,15.91343031,49.17377743,DCIM/plot_e_20250807085116697.jpg,DCIM/plot_n_20250807085128224.jpg,TRUE,183,5,0.3,0.3
18,SM,small,1.0–1.3,1,NA,0,0,0,NA,NA,NA,NA,0,NA,NA,0,NA,NA,0,NA,NA,NA,NA,NA,NA,NA,740_T4_TP_20250827,1,1,NA,NA,1,NA,NA,1,Repelent,DCIM/context_n20250807093704666.jpg,DCIM/context_e20250807093700086.jpg,DCIM/context_s20250807093654123.jpg,DCIM/context_w20250807093648483.jpg,2025-08-07T09:35:55Z,15.92277797,49.17164892,DCIM/plot_e_20250807093212854.jpg,DCIM/plot_n_20250807093218612.jpg,TRUE,84,5,1.2,1.2
24,DB,small,0.2–0.4,1,NA,1,1,100,1,terminal,chybajuci,NA,1,NA,NA,0,NA,NA,0,NA,NA,NA,NA,"Padlí, ožnuto",NA,NA,740_T4_TP_20250827,1,1,NA,NA,1,NA,NA,1,Repelent,DCIM/context_n20250807093704666.jpg,DCIM/context_e20250807093700086.jpg,DCIM/context_s20250807093654123.jpg,DCIM/context_w20250807093648483.jpg,2025-08-07T09:35:55Z,15.92277797,49.17164892,DCIM/plot_e_20250807093212854.jpg,DCIM/plot_n_20250807093218612.jpg,TRUE,84,5,0.3,0.3
4,KL,advanced,>4,3,NA,1,1,33.33333333333333,1,kmen,NA,NA,0,NA,NA,0,NA,stare,1,nejasna,40-60,NA,NA,NA,NA,NA,743_T4_TP_20250827,NA,1,NA,NA,1,1,NA,0,NA,DCIM/context_n20250807102157618.jpg,DCIM/context_e20250807102152725.jpg,DCIM/context_s20250807102146713.jpg,DCIM/context_w20250807102139681.jpg,2025-08-07T10:21:01Z,15.92620687,49.17723928,DCIM/plot_e_20250807101358542.jpg,DCIM/plot_n_20250807101416580.jpg,TRUE,184,6,5,5
4,KL,small,1.3–2.0,3,NA,1,3,100,1,olistení,NA,NA,0,20-40,2,3,0-20,NA,0,NA,NA,NA,NA,NA,NA,T4743OKL4,743_T4_TP_20250827,NA,1,NA,NA,1,1,NA,0,NA,DCIM/context_n20250807102157618.jpg,DCIM/context_e20250807102152725.jpg,DCIM/context_s20250807102146713.jpg,DCIM/context_w20250807102139681.jpg,2025-08-07T10:21:01Z,15.92620687,49.17723928,DCIM/plot_e_20250807101358542.jpg,DCIM/plot_n_20250807101416580.jpg,TRUE,184,6,1.7,1.7
30,JR,small,1.3–2.0,1,NA,0,0,0,NA,NA,NA,NA,0,NA,NA,0,NA,NA,0,NA,NA,NA,NA,NA,NA,NA,746_T4_TP_20250827,NA,1,NA,NA,1,1,NA,0,NA,DCIM/context_n20250807103722587.jpg,DCIM/context_e20250807103718123.jpg,DCIM/context_s20250807103713460.jpg,DCIM/context_w20250807103707337.jpg,2025-08-07T10:36:28Z,15.92595029,49.17743488,DCIM/plot_e_20250807103505036.jpg,DCIM/plot_n_20250807103512724.jpg,TRUE,184,6,1.7,1.7
4,KL,small,1.0–1.3,1,NA,0,0,0,NA,NA,NA,NA,0,NA,NA,0,NA,NA,0,NA,NA,NA,NA,NA,NA,NA,747_T4_TP_20250827,NA,1,1,NA,NA,NA,1,1,Oplocenka,DCIM/context_n20250807110118851.jpg,DCIM/context_e20250807110114663.jpg,DCIM/context_s20250807110110654.jpg,DCIM/context_w20250807110105753.jpg,2025-08-07T11:00:28Z,15.92868767,49.17043644,DCIM/plot_e_20250807105808889.jpg,DCIM/plot_n_20250807105817858.jpg,TRUE,85,5,1.2,1.2
11,HB,small,1.0–1.3,1,NA,0,0,0,NA,NA,NA,NA,0,NA,NA,0,NA,NA,0,NA,NA,NA,NA,NA,NA,NA,747_T4_TP_20250827,NA,1,1,NA,NA,NA,1,1,Oplocenka,DCIM/context_n20250807110118851.jpg,DCIM/context_e20250807110114663.jpg,DCIM/context_s20250807110110654.jpg,DCIM/context_w20250807110105753.jpg,2025-08-07T11:00:28Z,15.92868767,49.17043644,DCIM/plot_e_20250807105808889.jpg,DCIM/plot_n_20250807105817858.jpg,TRUE,85,5,1.2,1.2
13,BK,small,0.4–0.6,1,NA,0,0,0,NA,NA,NA,NA,0,NA,NA,0,NA,NA,0,NA,NA,NA,NA,NA,NA,NA,748_T4_TP_20250827,NA,1,1,NA,NA,NA,1,1,Oplocenka,DCIM/context_n20250807110702376.jpg,DCIM/context_e20250807110655724.jpg,DCIM/context_s20250807110651180.jpg,DCIM/context_w20250807110646277.jpg,2025-08-07T11:06:02Z,15.92839238,49.17026969,DCIM/plot_e_20250807110346931.jpg,DCIM/plot_n_20250807110354575.jpg,TRUE,85,5,0.5,0.5
18,SM,advanced,>4,1,NA,0,0,0,NA,NA,NA,NA,0,NA,NA,0,NA,NA,0,NA,NA,NA,NA,NA,NA,NA,753_T4_TP_20250827,1,1,NA,NA,1,1,NA,0,NA,DCIM/context_n20250807123623910.jpg,DCIM/context_e20250807123618409.jpg,DCIM/context_s20250807123612263.jpg,DCIM/context_w20250807123559147.jpg,2025-08-07T12:35:27Z,15.99812314,49.17109611,DCIM/plot_e_20250807123323567.jpg,DCIM/plot_n_20250807123333087.jpg,TRUE,185,5,5,5
10,BR,advanced,2–4,1,NA,0,0,0,NA,NA,NA,NA,0,NA,NA,0,NA,NA,0,NA,NA,NA,NA,NA,NA,NA,757_T4_TP_20250827,1,1,NA,NA,1,1,NA,0,NA,DCIM/context_n20250807133049490.jpg,DCIM/context_e20250807133044134.jpg,DCIM/context_s20250807133038852.jpg,DCIM/context_w20250807133032967.jpg,2025-08-07T13:29:59Z,16.03410156,49.24416919,DCIM/plot_e_20250807132724426.jpg,DCIM/plot_n_20250807132734049.jpg,TRUE,186,5,3,3
30,JR,small,0.2–0.4,1,NA,1,1,100,1,terminal,chybajuci,NA,1,NA,NA,0,NA,NA,0,NA,NA,NA,NA,Zvěř,NA,NA,757_T4_TP_20250827,1,1,NA,NA,1,1,NA,0,NA,DCIM/context_n20250807133049490.jpg,DCIM/context_e20250807133044134.jpg,DCIM/context_s20250807133038852.jpg,DCIM/context_w20250807133032967.jpg,2025-08-07T13:29:59Z,16.03410156,49.24416919,DCIM/plot_e_20250807132724426.jpg,DCIM/plot_n_20250807132734049.jpg,TRUE,186,5,0.3,0.3
24,DB,small,0.2–0.4,2,NA,0,0,0,NA,NA,NA,NA,0,NA,NA,0,NA,NA,0,NA,NA,NA,NA,NA,NA,NA,758_T4_TP_20250827,NA,NA,NA,NA,NA,NA,NA,0,NA,DCIM/context_n20250807133706334.jpg,DCIM/context_e20250807133659809.jpg,DCIM/context_s20250807133654402.jpg,DCIM/context_w20250807133648962.jpg,2025-08-07T13:36:14Z,16.03385202,49.24436158,DCIM/plot_e_20250807133404846.jpg,DCIM/plot_n_20250807133414123.jpg,TRUE,186,5,0.3,0.3
19,BO,small,1.3–2.0,2,NA,0,0,0,NA,NA,NA,NA,0,NA,NA,0,NA,NA,0,NA,NA,NA,NA,NA,NA,NA,759_T4_TP_20250827,NA,1,NA,NA,NA,1,NA,1,NA,DCIM/context_n20250807134222033.jpg,DCIM/context_e20250807134216453.jpg,DCIM/context_s20250807134211588.jpg,DCIM/context_w20250807134204538.jpg,2025-08-07T13:41:20Z,16.03440259,49.24433223,DCIM/plot_e_20250807134007148.jpg,DCIM/plot_n_20250807134014288.jpg,TRUE,186,5,1.7,1.7
4,KL,advanced,2–4,1,NA,0,0,0,NA,NA,NA,NA,0,NA,NA,0,NA,NA,0,NA,NA,NA,NA,NA,NA,NA,760_T4_TP_20250827,NA,1,NA,NA,NA,1,1,1,Oplocenka,DCIM/context_n20250807141441082.jpg,DCIM/context_e20250807141428964.jpg,DCIM/context_s20250807141423550.jpg,DCIM/context_w20250807141416033.jpg,2025-08-07T14:13:32Z,16.02724831,49.24670306,DCIM/plot_e_20250807141220304.jpg,DCIM/plot_n_20250807141231249.jpg,TRUE,187,5,3,3
10,BR,advanced,2–4,1,NA,0,0,0,NA,NA,NA,NA,0,NA,NA,0,NA,NA,0,NA,NA,NA,NA,NA,NA,NA,761_T4_TP_20250827,NA,1,NA,NA,NA,NA,NA,1,Oplocenka,DCIM/context_n20250807142139911.jpg,DCIM/context_e20250807142134841.jpg,DCIM/context_s20250807142129737.jpg,DCIM/context_w20250807142123682.jpg,2025-08-07T14:20:53Z,16.02695191,49.24653842,DCIM/plot_e_20250807141904265.jpg,DCIM/plot_n_20250807141913606.jpg,TRUE,187,5,3,3
27,JIV,advanced,2–4,2,NA,0,0,0,NA,NA,NA,NA,0,NA,NA,0,NA,NA,0,NA,NA,NA,NA,NA,NA,NA,761_T4_TP_20250827,NA,1,NA,NA,NA,NA,NA,1,Oplocenka,DCIM/context_n20250807142139911.jpg,DCIM/context_e20250807142134841.jpg,DCIM/context_s20250807142129737.jpg,DCIM/context_w20250807142123682.jpg,2025-08-07T14:20:53Z,16.02695191,49.24653842,DCIM/plot_e_20250807141904265.jpg,DCIM/plot_n_20250807141913606.jpg,TRUE,187,5,3,3
4,KL,advanced,2–4,1,NA,0,0,0,NA,NA,NA,NA,0,NA,NA,0,NA,NA,0,NA,NA,NA,NA,NA,NA,NA,763_T4_TP_20250827,NA,1,NA,NA,NA,NA,1,1,Oplocenka,NA,DCIM/context_e20250807143008834.jpg,DCIM/context_s20250807142958662.jpg,DCIM/context_w20250807142954740.jpg,2025-08-07T14:29:19Z,16.02750013,49.24651043,DCIM/plot_e_20250807142810511.jpg,DCIM/plot_n_20250807142823804.jpg,TRUE,187,5,3,3
4,KL,advanced,2–4,1,NA,1,1,100,1,kmen,NA,NA,0,NA,NA,0,NA,stare,1,nejasna,0-20,0-10,NA,NA,NA,NA,764_T4_TP_20250827,NA,1,NA,NA,NA,NA,1,1,Oplocenka,DCIM/context_n20250807143614930.jpg,DCIM/context_e20250807143606909.jpg,DCIM/context_s20250807143601395.jpg,DCIM/context_w20250807143555037.jpg,2025-08-07T14:35:25Z,16.02720197,49.24634354,DCIM/plot_e_20250807143316743.jpg,DCIM/plot_n_20250807143323966.jpg,TRUE,187,5,3,3
18,SM,advanced,>4,1,NA,0,0,0,NA,NA,NA,NA,0,NA,NA,0,NA,NA,0,NA,NA,NA,NA,NA,NA,NA,765_T4_TP_20250827,NA,1,NA,NA,NA,NA,NA,0,NA,DCIM/context_n20250807152843429.jpg,DCIM/context_e20250807152837556.jpg,DCIM/context_s20250807152831674.jpg,DCIM/context_w20250807152825202.jpg,2025-08-07T15:28:03Z,15.83728277,49.28794873,DCIM/plot_e_20250807152633187.jpg,DCIM/plot_n_20250807152644711.jpg,TRUE,188,5,5,5
18,SM,advanced,>4,1,NA,0,0,0,NA,NA,NA,NA,0,NA,NA,0,NA,NA,0,NA,NA,NA,NA,NA,NA,NA,766_T4_TP_20250827,NA,1,NA,NA,NA,NA,NA,0,2x láska do4m.,DCIM/context_n20250807153642999.jpg,DCIM/context_e20250807153636860.jpg,DCIM/context_s20250807153631682.jpg,DCIM/context_w20250807153624791.jpg,2025-08-07T15:35:49Z,15.83759434,49.2879482,DCIM/plot_e_20250807153247381.jpg,DCIM/plot_n_20250807153306307.jpg,TRUE,188,5,5,5
18,SM,advanced,>4,1,NA,0,0,0,NA,NA,NA,NA,0,NA,NA,0,NA,NA,0,NA,NA,NA,NA,NA,NA,NA,768_T4_TP_20250827,NA,1,NA,NA,NA,NA,NA,0,NA,DCIM/context_n20250807154730084.jpg,DCIM/context_e20250807154718060.jpg,DCIM/context_s20250807154710204.jpg,DCIM/context_w20250807154703242.jpg,2025-08-07T15:46:38Z,15.83784928,49.28792597,DCIM/plot_e_20250807154546937.jpg,DCIM/plot_n_20250807154556361.jpg,TRUE,188,5,5,5
24,DB,small,0.4–0.6,2,NA,1,1,50,1,terminal,chybajuci,NA,1,NA,NA,0,NA,NA,0,NA,NA,NA,NA,Okus,NA,NA,770_T4_TP_20250827,NA,1,NA,NA,1,NA,1,0,NA,DCIM/context_n20250807165127046.jpg,DCIM/context_e20250807165122379.jpg,DCIM/context_s20250807165116712.jpg,DCIM/context_w20250807165112143.jpg,2025-08-07T16:50:22Z,16.04648663,49.29703281,DCIM/plot_e_20250807164831295.jpg,DCIM/plot_n_20250807164837938.jpg,TRUE,91,5,0.5,0.5
24,DB,small,0.2–0.4,3,NA,1,1,33.33333333333333,1,terminal,chybajuci,NA,1,NA,NA,0,NA,NA,0,NA,NA,NA,NA,Okus,NA,NA,771_T4_TP_20250827,1,1,NA,NA,NA,NA,1,0,NA,DCIM/context_n20250807165756447.jpg,DCIM/context_e20250807165751764.jpg,DCIM/context_s20250807165746713.jpg,DCIM/context_w20250807165741030.jpg,2025-08-07T16:57:17Z,16.04619089,49.2968675,DCIM/plot_e_20250807165505509.jpg,DCIM/plot_n_20250807165511391.jpg,TRUE,91,5,0.3,0.3
10,BR,small,1.3–2.0,17,NA,0,0,0,NA,NA,NA,NA,0,NA,NA,0,NA,NA,0,NA,NA,NA,NA,NA,NA,NA,772_T4_TP_20250827,NA,1,NA,NA,1,NA,NA,0,NA,DCIM/context_n20250813083716355.jpg,DCIM/context_e20250813083709869.jpg,DCIM/context_s20250813083704431.jpg,DCIM/context_w20250813083659312.jpg,2025-08-13T08:36:08Z,15.06467472,49.20254435,DCIM/plot_e_20250813083332765.jpg,DCIM/plot_n_20250813083338631.jpg,TRUE,92,5,1.7,1.7
19,BO,small,0.2–0.4,1,NA,0,0,0,NA,NA,NA,NA,0,NA,NA,0,NA,NA,0,NA,NA,NA,NA,NA,NA,NA,772_T4_TP_20250827,NA,1,NA,NA,1,NA,NA,0,NA,DCIM/context_n20250813083716355.jpg,DCIM/context_e20250813083709869.jpg,DCIM/context_s20250813083704431.jpg,DCIM/context_w20250813083659312.jpg,2025-08-13T08:36:08Z,15.06467472,49.20254435,DCIM/plot_e_20250813083332765.jpg,DCIM/plot_n_20250813083338631.jpg,TRUE,92,5,0.3,0.3
18,SM,small,1.0–1.3,1,NA,0,0,0,NA,NA,NA,NA,0,NA,NA,0,NA,NA,0,NA,NA,NA,NA,NA,NA,NA,773_T4_TP_20250827,NA,1,NA,NA,1,NA,NA,0,NA,DCIM/context_n20250813084225230.jpg,DCIM/context_e20250813084219573.jpg,DCIM/context_s20250813084214675.jpg,DCIM/context_w20250813084209613.jpg,2025-08-13T08:41:37Z,15.06495134,49.20252668,DCIM/plot_e_20250813084007724.jpg,DCIM/plot_n_20250813084016250.jpg,TRUE,92,5,1.2,1.2
4,KL,small,1.0–1.3,1,NA,0,0,0,NA,NA,NA,NA,0,NA,NA,0,NA,NA,0,NA,NA,NA,NA,NA,NA,NA,776_T4_TP_20250827,NA,1,NA,NA,NA,NA,1,1,Oplocenka,DCIM/context_n20250813091850935.jpg,DCIM/context_e20250813091845926.jpg,DCIM/context_s20250813091840629.jpg,DCIM/context_w20250813091834797.jpg,2025-08-13T09:18:03Z,15.1110178,49.18259842,DCIM/plot_e_20250813091707507.jpg,DCIM/plot_n_20250813091717652.jpg,TRUE,93,5,1.2,1.2
13,BK,small,0.6–0.8,1,NA,1,1,100,1,terminal,chybajuci,NA,1,NA,NA,0,NA,NA,0,NA,NA,NA,NA,NA,NA,NA,777_T4_TP_20250827,NA,1,1,NA,NA,NA,1,0,NA,DCIM/context_n20250813094831679.jpg,DCIM/context_e20250813094826832.jpg,DCIM/context_s20250813094821417.jpg,DCIM/context_w20250813094815261.jpg,2025-08-13T09:47:23Z,15.19871138,49.08357388,DCIM/plot_e_20250813094531532.jpg,DCIM/plot_n_20250813094539711.jpg,TRUE,189,5,0.7,0.7
18,SM,small,1.3–2.0,1,NA,0,0,0,NA,NA,NA,NA,0,NA,NA,0,NA,NA,0,NA,NA,NA,NA,NA,NA,NA,778_T4_TP_20250827,NA,1,1,NA,NA,NA,1,0,NA,DCIM/context_n20250813095210621.jpg,DCIM/context_e20250813095205160.jpg,DCIM/context_s20250813095200450.jpg,DCIM/context_w20250813095154772.jpg,2025-08-13T09:51:22Z,15.19900602,49.08373971,DCIM/plot_e_20250813095046232.jpg,DCIM/plot_n_20250813095053911.jpg,TRUE,189,5,1.7,1.7
13,BK,small,0.4–0.6,1,NA,1,1,100,1,terminal,chybajuci,NA,1,NA,NA,0,NA,NA,0,NA,NA,NA,NA,Okus,NA,NA,780_T4_TP_20250827,NA,1,1,NA,NA,NA,1,0,NA,DCIM/context_n20250813100026013.jpg,DCIM/context_e20250813100017868.jpg,DCIM/context_s20250813100013463.jpg,DCIM/context_w20250813100008943.jpg,2025-08-13T09:59:37Z,15.19846349,49.08376722,DCIM/plot_e_20250813095728634.jpg,DCIM/plot_n_20250813095735829.jpg,TRUE,189,5,0.5,0.5
19,BO,small,0.2–0.4,1,NA,0,0,0,NA,NA,NA,NA,0,NA,NA,0,NA,NA,0,NA,NA,NA,NA,NA,NA,NA,780_T4_TP_20250827,NA,1,1,NA,NA,NA,1,0,NA,DCIM/context_n20250813100026013.jpg,DCIM/context_e20250813100017868.jpg,DCIM/context_s20250813100013463.jpg,DCIM/context_w20250813100008943.jpg,2025-08-13T09:59:37Z,15.19846349,49.08376722,DCIM/plot_e_20250813095728634.jpg,DCIM/plot_n_20250813095735829.jpg,TRUE,189,5,0.3,0.3
19,BO,small,0.4–0.6,1,NA,0,0,0,NA,NA,NA,NA,0,NA,NA,0,NA,NA,0,NA,NA,NA,NA,NA,NA,NA,781_T4_TP_20250827,NA,1,1,NA,NA,NA,1,0,NA,DCIM/context_n20250813100530287.jpg,DCIM/context_e20250813100525713.jpg,DCIM/context_s20250813100521279.jpg,DCIM/context_w20250813100516457.jpg,2025-08-13T10:04:54Z,15.19875527,49.08393383,DCIM/plot_e_20250813100253414.jpg,DCIM/plot_n_20250813100302034.jpg,TRUE,189,5,0.5,0.5
13,BK,small,0.6–0.8,1,NA,1,1,100,1,terminal,chybajuci,NA,1,NA,NA,0,NA,NA,0,NA,NA,NA,NA,"Okus,mráz",NA,NA,781_T4_TP_20250827,NA,1,1,NA,NA,NA,1,0,NA,DCIM/context_n20250813100530287.jpg,DCIM/context_e20250813100525713.jpg,DCIM/context_s20250813100521279.jpg,DCIM/context_w20250813100516457.jpg,2025-08-13T10:04:54Z,15.19875527,49.08393383,DCIM/plot_e_20250813100253414.jpg,DCIM/plot_n_20250813100302034.jpg,TRUE,189,5,0.7,0.7
18,SM,small,1.0–1.3,1,NA,0,0,0,NA,NA,NA,NA,0,NA,NA,0,NA,NA,0,NA,NA,NA,NA,NA,NA,NA,782_T4_TP_20250827,NA,1,1,NA,NA,1,1,0,Dvojsadba,DCIM/context_n20250813101938448.jpg,DCIM/context_e20250813101932422.jpg,DCIM/context_s20250813101927450.jpg,DCIM/context_w20250813101920823.jpg,2025-08-13T10:18:32Z,15.20433755,49.08223157,DCIM/plot_e_20250813101537344.jpg,DCIM/plot_n_20250813101552587.jpg,TRUE,95,5,1.2,1.2
24,DB,small,0.6–0.8,1,NA,1,0,0,1,terminal,NA,NA,0,NA,NA,0,NA,NA,0,NA,NA,NA,NA,"Okus,  padlí",NA,NA,782_T4_TP_20250827,NA,1,1,NA,NA,1,1,0,Dvojsadba,DCIM/context_n20250813101938448.jpg,DCIM/context_e20250813101932422.jpg,DCIM/context_s20250813101927450.jpg,DCIM/context_w20250813101920823.jpg,2025-08-13T10:18:32Z,15.20433755,49.08223157,DCIM/plot_e_20250813101537344.jpg,DCIM/plot_n_20250813101552587.jpg,TRUE,95,5,0.7,0.7
10,BR,advanced,2–4,1,NA,0,0,0,NA,NA,NA,NA,0,NA,NA,0,NA,NA,0,NA,NA,NA,NA,NA,NA,NA,783_T4_TP_20250827,NA,1,1,NA,NA,NA,1,0,NA,DCIM/context_n20250813102919270.jpg,DCIM/context_e20250813102913207.jpg,DCIM/context_s20250813102908356.jpg,DCIM/context_w20250813102900981.jpg,2025-08-13T10:28:32Z,15.20431698,49.08205209,DCIM/plot_e_20250813102356185.jpg,DCIM/plot_n_20250813102406725.jpg,TRUE,95,5,3,3
18,SM,advanced,2–4,1,NA,0,0,0,NA,NA,NA,NA,0,NA,NA,0,NA,NA,0,NA,NA,NA,NA,NA,NA,NA,783_T4_TP_20250827,NA,1,1,NA,NA,NA,1,0,NA,DCIM/context_n20250813102919270.jpg,DCIM/context_e20250813102913207.jpg,DCIM/context_s20250813102908356.jpg,DCIM/context_w20250813102900981.jpg,2025-08-13T10:28:32Z,15.20431698,49.08205209,DCIM/plot_e_20250813102356185.jpg,DCIM/plot_n_20250813102406725.jpg,TRUE,95,5,3,3
18,SM,small,1.0–1.3,1,NA,1,1,100,1,terminal,chybajuci,NA,1,NA,NA,0,NA,NA,0,NA,NA,NA,NA,NA,NA,NA,783_T4_TP_20250827,NA,1,1,NA,NA,NA,1,0,NA,DCIM/context_n20250813102919270.jpg,DCIM/context_e20250813102913207.jpg,DCIM/context_s20250813102908356.jpg,DCIM/context_w20250813102900981.jpg,2025-08-13T10:28:32Z,15.20431698,49.08205209,DCIM/plot_e_20250813102356185.jpg,DCIM/plot_n_20250813102406725.jpg,TRUE,95,5,1.2,1.2
10,BR,small,1.3–2.0,1,NA,0,0,0,NA,NA,NA,NA,0,NA,NA,0,NA,NA,0,NA,NA,NA,NA,NA,NA,NA,783_T4_TP_20250827,NA,1,1,NA,NA,NA,1,0,NA,DCIM/context_n20250813102919270.jpg,DCIM/context_e20250813102913207.jpg,DCIM/context_s20250813102908356.jpg,DCIM/context_w20250813102900981.jpg,2025-08-13T10:28:32Z,15.20431698,49.08205209,DCIM/plot_e_20250813102356185.jpg,DCIM/plot_n_20250813102406725.jpg,TRUE,95,5,1.7,1.7
24,DB,small,0.4–0.6,2,NA,0,0,0,NA,NA,NA,NA,0,NA,NA,0,NA,NA,0,NA,NA,NA,NA,NA,NA,NA,783_T4_TP_20250827,NA,1,1,NA,NA,NA,1,0,NA,DCIM/context_n20250813102919270.jpg,DCIM/context_e20250813102913207.jpg,DCIM/context_s20250813102908356.jpg,DCIM/context_w20250813102900981.jpg,2025-08-13T10:28:32Z,15.20431698,49.08205209,DCIM/plot_e_20250813102356185.jpg,DCIM/plot_n_20250813102406725.jpg,TRUE,95,5,0.5,0.5
10,BR,advanced,>4,4,NA,0,0,0,NA,NA,NA,NA,0,NA,NA,0,NA,NA,0,NA,NA,NA,NA,NA,NA,NA,784_T4_TP_20250827,NA,1,NA,NA,NA,NA,NA,0,NA,DCIM/context_n20250813111627220.jpg,DCIM/context_e20250813111622042.jpg,DCIM/context_s20250813111617482.jpg,DCIM/context_w20250813111611805.jpg,2025-08-13T11:15:47Z,15.30233968,49.06951724,DCIM/plot_e_20250813111128048.jpg,DCIM/plot_n_20250813111138662.jpg,TRUE,190,5,5,5
19,BO,advanced,2–4,1,NA,0,0,0,NA,NA,NA,NA,0,NA,NA,0,NA,NA,0,NA,NA,NA,NA,NA,NA,NA,784_T4_TP_20250827,NA,1,NA,NA,NA,NA,NA,0,NA,DCIM/context_n20250813111627220.jpg,DCIM/context_e20250813111622042.jpg,DCIM/context_s20250813111617482.jpg,DCIM/context_w20250813111611805.jpg,2025-08-13T11:15:47Z,15.30233968,49.06951724,DCIM/plot_e_20250813111128048.jpg,DCIM/plot_n_20250813111138662.jpg,TRUE,190,5,3,3
18,SM,small,1.3–2.0,8,NA,0,0,0,NA,NA,NA,NA,0,NA,NA,0,NA,NA,0,NA,NA,NA,NA,NA,NA,NA,784_T4_TP_20250827,NA,1,NA,NA,NA,NA,NA,0,NA,DCIM/context_n20250813111627220.jpg,DCIM/context_e20250813111622042.jpg,DCIM/context_s20250813111617482.jpg,DCIM/context_w20250813111611805.jpg,2025-08-13T11:15:47Z,15.30233968,49.06951724,DCIM/plot_e_20250813111128048.jpg,DCIM/plot_n_20250813111138662.jpg,TRUE,190,5,1.7,1.7
19,BO,small,1.3–2.0,9,NA,0,0,0,NA,NA,NA,NA,0,NA,NA,0,NA,NA,0,NA,NA,NA,NA,NA,NA,NA,784_T4_TP_20250827,NA,1,NA,NA,NA,NA,NA,0,NA,DCIM/context_n20250813111627220.jpg,DCIM/context_e20250813111622042.jpg,DCIM/context_s20250813111617482.jpg,DCIM/context_w20250813111611805.jpg,2025-08-13T11:15:47Z,15.30233968,49.06951724,DCIM/plot_e_20250813111128048.jpg,DCIM/plot_n_20250813111138662.jpg,TRUE,190,5,1.7,1.7
27,JIV,small,0.4–0.6,2,NA,1,2,100,1,terminal,chybajuci,1,2,NA,NA,0,NA,NA,0,NA,NA,NA,NA,NA,NA,NA,785_T4_TP_20250827,NA,1,NA,NA,1,NA,NA,0,NA,DCIM/context_n20250813112418044.jpg,DCIM/context_e20250813112411858.jpg,DCIM/context_s20250813112406302.jpg,DCIM/context_w20250813112359647.jpg,2025-08-13T11:23:20Z,15.30235874,49.06969509,DCIM/plot_e_20250813112104670.jpg,DCIM/plot_n_20250813112111487.jpg,TRUE,190,5,0.5,0.5
19,BO,small,1.3–2.0,2,NA,1,1,50,1,kmen,NA,NA,0,NA,NA,0,NA,stare,1,zver,60-80,20-30,NA,NA,NA,NA,786_T4_TP_20250827,NA,1,NA,NA,NA,NA,NA,0,NA,DCIM/context_n20250813113029582.jpg,DCIM/context_e20250813113025143.jpg,DCIM/context_s20250813113020164.jpg,DCIM/context_w20250813113015708.jpg,2025-08-13T11:29:43Z,15.30208479,49.06970781,DCIM/plot_e_20250813112648022.jpg,DCIM/plot_n_20250813112654447.jpg,TRUE,190,5,1.7,1.7
18,SM,advanced,2–4,1,NA,0,0,0,NA,NA,NA,NA,0,NA,NA,0,NA,NA,0,NA,NA,NA,NA,NA,NA,NA,787_T4_TP_20250827,NA,1,NA,NA,NA,NA,NA,0,NA,DCIM/context_n20250813113821327.jpg,DCIM/context_e20250813113816120.jpg,DCIM/context_s20250813113810234.jpg,DCIM/context_w20250813113801983.jpg,2025-08-13T11:37:34Z,15.30237834,49.06987296,DCIM/plot_e_20250813113311901.jpg,DCIM/plot_n_20250813113319994.jpg,TRUE,190,5,3,3
10,BR,advanced,2–4,1,NA,0,0,0,NA,NA,NA,NA,0,NA,NA,0,NA,NA,0,NA,NA,NA,NA,NA,NA,NA,787_T4_TP_20250827,NA,1,NA,NA,NA,NA,NA,0,NA,DCIM/context_n20250813113821327.jpg,DCIM/context_e20250813113816120.jpg,DCIM/context_s20250813113810234.jpg,DCIM/context_w20250813113801983.jpg,2025-08-13T11:37:34Z,15.30237834,49.06987296,DCIM/plot_e_20250813113311901.jpg,DCIM/plot_n_20250813113319994.jpg,TRUE,190,5,3,3
18,SM,small,1.3–2.0,9,NA,0,0,0,NA,NA,NA,NA,0,NA,NA,0,NA,NA,0,NA,NA,NA,NA,NA,NA,NA,787_T4_TP_20250827,NA,1,NA,NA,NA,NA,NA,0,NA,DCIM/context_n20250813113821327.jpg,DCIM/context_e20250813113816120.jpg,DCIM/context_s20250813113810234.jpg,DCIM/context_w20250813113801983.jpg,2025-08-13T11:37:34Z,15.30237834,49.06987296,DCIM/plot_e_20250813113311901.jpg,DCIM/plot_n_20250813113319994.jpg,TRUE,190,5,1.7,1.7
19,BO,small,0.6–0.8,1,NA,0,0,0,NA,NA,NA,NA,0,NA,NA,0,NA,NA,0,NA,NA,NA,NA,NA,NA,NA,787_T4_TP_20250827,NA,1,NA,NA,NA,NA,NA,0,NA,DCIM/context_n20250813113821327.jpg,DCIM/context_e20250813113816120.jpg,DCIM/context_s20250813113810234.jpg,DCIM/context_w20250813113801983.jpg,2025-08-13T11:37:34Z,15.30237834,49.06987296,DCIM/plot_e_20250813113311901.jpg,DCIM/plot_n_20250813113319994.jpg,TRUE,190,5,0.7,0.7
10,BR,small,1.3–2.0,1,NA,0,0,0,NA,NA,NA,NA,0,NA,NA,0,NA,NA,0,NA,NA,NA,NA,NA,NA,NA,787_T4_TP_20250827,NA,1,NA,NA,NA,NA,NA,0,NA,DCIM/context_n20250813113821327.jpg,DCIM/context_e20250813113816120.jpg,DCIM/context_s20250813113810234.jpg,DCIM/context_w20250813113801983.jpg,2025-08-13T11:37:34Z,15.30237834,49.06987296,DCIM/plot_e_20250813113311901.jpg,DCIM/plot_n_20250813113319994.jpg,TRUE,190,5,1.7,1.7
19,BO,advanced,2–4,1,NA,0,0,0,NA,NA,NA,NA,0,NA,NA,0,NA,NA,0,NA,NA,NA,NA,NA,NA,NA,788_T4_TP_20250827,1,1,NA,NA,NA,NA,NA,0,NA,DCIM/context_n20250813114823326.jpg,DCIM/context_e20250813114818115.jpg,DCIM/context_s20250813114813001.jpg,DCIM/context_w20250813114807059.jpg,2025-08-13T11:47:40Z,15.3026323,49.06968227,DCIM/plot_e_20250813114216358.jpg,DCIM/plot_n_20250813114224451.jpg,TRUE,190,5,3,3
18,SM,advanced,2–4,2,NA,0,0,0,NA,NA,NA,NA,0,NA,NA,0,NA,NA,0,NA,NA,NA,NA,NA,NA,NA,788_T4_TP_20250827,1,1,NA,NA,NA,NA,NA,0,NA,DCIM/context_n20250813114823326.jpg,DCIM/context_e20250813114818115.jpg,DCIM/context_s20250813114813001.jpg,DCIM/context_w20250813114807059.jpg,2025-08-13T11:47:40Z,15.3026323,49.06968227,DCIM/plot_e_20250813114216358.jpg,DCIM/plot_n_20250813114224451.jpg,TRUE,190,5,3,3
10,BR,advanced,>4,2,NA,0,0,0,NA,NA,NA,NA,0,NA,NA,0,NA,NA,0,NA,NA,NA,NA,NA,NA,NA,788_T4_TP_20250827,1,1,NA,NA,NA,NA,NA,0,NA,DCIM/context_n20250813114823326.jpg,DCIM/context_e20250813114818115.jpg,DCIM/context_s20250813114813001.jpg,DCIM/context_w20250813114807059.jpg,2025-08-13T11:47:40Z,15.3026323,49.06968227,DCIM/plot_e_20250813114216358.jpg,DCIM/plot_n_20250813114224451.jpg,TRUE,190,5,5,5
30,JR,small,0.6–0.8,1,NA,1,1,100,1,terminal,chybajuci,NA,1,NA,NA,0,NA,NA,0,NA,NA,NA,NA,NA,NA,NA,788_T4_TP_20250827,1,1,NA,NA,NA,NA,NA,0,NA,DCIM/context_n20250813114823326.jpg,DCIM/context_e20250813114818115.jpg,DCIM/context_s20250813114813001.jpg,DCIM/context_w20250813114807059.jpg,2025-08-13T11:47:40Z,15.3026323,49.06968227,DCIM/plot_e_20250813114216358.jpg,DCIM/plot_n_20250813114224451.jpg,TRUE,190,5,0.7,0.7
19,BO,small,1.3–2.0,3,NA,0,0,0,NA,NA,NA,NA,0,NA,NA,0,NA,NA,0,NA,NA,NA,NA,NA,NA,NA,788_T4_TP_20250827,1,1,NA,NA,NA,NA,NA,0,NA,DCIM/context_n20250813114823326.jpg,DCIM/context_e20250813114818115.jpg,DCIM/context_s20250813114813001.jpg,DCIM/context_w20250813114807059.jpg,2025-08-13T11:47:40Z,15.3026323,49.06968227,DCIM/plot_e_20250813114216358.jpg,DCIM/plot_n_20250813114224451.jpg,TRUE,190,5,1.7,1.7
18,SM,small,1.3–2.0,14,NA,0,0,0,NA,NA,NA,NA,0,NA,NA,0,NA,NA,0,NA,NA,NA,NA,NA,NA,NA,788_T4_TP_20250827,1,1,NA,NA,NA,NA,NA,0,NA,DCIM/context_n20250813114823326.jpg,DCIM/context_e20250813114818115.jpg,DCIM/context_s20250813114813001.jpg,DCIM/context_w20250813114807059.jpg,2025-08-13T11:47:40Z,15.3026323,49.06968227,DCIM/plot_e_20250813114216358.jpg,DCIM/plot_n_20250813114224451.jpg,TRUE,190,5,1.7,1.7
10,BR,advanced,>4,1,NA,0,0,0,NA,NA,NA,NA,0,NA,NA,0,NA,NA,0,NA,NA,NA,NA,NA,NA,NA,789_T4_TP_20250827,NA,1,NA,NA,1,NA,NA,0,NA,DCIM/context_n20250813132007809.jpg,DCIM/context_e20250813132001225.jpg,DCIM/context_s20250813131954746.jpg,DCIM/context_w20250813131948949.jpg,2025-08-13T13:19:17Z,15.38657003,49.172031,DCIM/plot_e_20250813131757940.jpg,DCIM/plot_n_20250813131811488.jpg,TRUE,97,5,5,5
25,DB,small,0.6–0.8,1,NA,1,1,100,1,terminal,chybajuci,NA,1,NA,NA,0,NA,NA,0,NA,NA,NA,NA,Okus,NA,NA,792_T4_TP_20250827,NA,1,NA,NA,NA,NA,NA,0,NA,DCIM/context_n20250813134136527.jpg,DCIM/context_e20250813134130267.jpg,DCIM/context_s20250813134124609.jpg,DCIM/context_w20250813134117246.jpg,2025-08-13T13:40:54Z,15.38685773,49.17181763,DCIM/plot_e_20250813133753398.jpg,DCIM/plot_n_20250813133814146.jpg,TRUE,97,5,0.7,0.7
18,SM,small,0.4–0.6,2,NA,1,1,50,1,terminal,chybajuci,NA,1,NA,NA,0,NA,NA,0,NA,NA,NA,NA,NA,NA,NA,793_T4_TP_20250827,1,1,NA,NA,NA,NA,NA,0,NA,DCIM/context_n20250813141240253.jpg,DCIM/context_e20250813141235160.jpg,DCIM/context_s20250813141228705.jpg,DCIM/context_w20250813141223394.jpg,2025-08-13T14:11:48Z,15.3696594,49.22349965,DCIM/plot_e_20250813141015063.jpg,DCIM/plot_n_20250813141028563.jpg,TRUE,98,5,0.5,0.5
10,BR,advanced,>4,1,NA,0,0,0,NA,NA,NA,NA,0,NA,NA,0,NA,NA,0,NA,NA,NA,NA,NA,NA,NA,794_T4_TP_20250827,1,1,NA,NA,NA,NA,NA,0,NA,DCIM/context_n20250813141806355.jpg,DCIM/context_e20250813141759097.jpg,DCIM/context_s20250813141754430.jpg,DCIM/context_w20250813141749162.jpg,2025-08-13T14:17:16Z,15.36938832,49.22351259,DCIM/plot_e_20250813141519156.jpg,DCIM/plot_n_20250813141529650.jpg,TRUE,98,5,5,5
20,OS,small,1.3–2.0,3,NA,0,0,0,NA,NA,NA,NA,0,NA,NA,0,NA,NA,0,NA,NA,NA,NA,NA,NA,NA,794_T4_TP_20250827,1,1,NA,NA,NA,NA,NA,0,NA,DCIM/context_n20250813141806355.jpg,DCIM/context_e20250813141759097.jpg,DCIM/context_s20250813141754430.jpg,DCIM/context_w20250813141749162.jpg,2025-08-13T14:17:16Z,15.36938832,49.22351259,DCIM/plot_e_20250813141519156.jpg,DCIM/plot_n_20250813141529650.jpg,TRUE,98,5,1.7,1.7
18,SM,small,0.6–0.8,1,NA,1,1,100,1,terminal,chybajuci,NA,1,NA,NA,0,NA,NA,0,NA,NA,NA,NA,Okus,NA,NA,795_T4_TP_20250827,NA,1,NA,NA,NA,NA,NA,0,NA,DCIM/context_n20250813142525658.jpg,DCIM/context_e20250813142520633.jpg,DCIM/context_s20250813142515296.jpg,DCIM/context_w20250813142510820.jpg,2025-08-13T14:24:52Z,15.36940491,49.22369612,DCIM/plot_e_20250813142318922.jpg,DCIM/plot_n_20250813142328395.jpg,TRUE,98,5,0.7,0.7
10,BR,advanced,2–4,1,NA,0,0,0,NA,NA,NA,NA,0,NA,NA,0,NA,NA,0,NA,NA,NA,NA,NA,NA,NA,796_T4_TP_20250827,NA,1,NA,NA,NA,NA,NA,0,NA,DCIM/context_n20250813150243479.jpg,DCIM/context_e20250813150238217.jpg,DCIM/context_s20250813150233261.jpg,DCIM/context_w20250813150229189.jpg,2025-08-13T15:02:01Z,15.38927726,49.27160066,DCIM/plot_e_20250813145809767.jpg,DCIM/plot_n_20250813145816750.jpg,TRUE,99,5,3,3
10,BR,small,1.3–2.0,2,NA,0,0,0,NA,NA,NA,NA,0,NA,NA,0,NA,NA,0,NA,NA,NA,NA,NA,NA,NA,796_T4_TP_20250827,NA,1,NA,NA,NA,NA,NA,0,NA,DCIM/context_n20250813150243479.jpg,DCIM/context_e20250813150238217.jpg,DCIM/context_s20250813150233261.jpg,DCIM/context_w20250813150229189.jpg,2025-08-13T15:02:01Z,15.38927726,49.27160066,DCIM/plot_e_20250813145809767.jpg,DCIM/plot_n_20250813145816750.jpg,TRUE,99,5,1.7,1.7
30,JR,small,1.3–2.0,2,NA,1,1,50,1,terminal,chybajuci,NA,1,NA,NA,0,NA,NA,0,NA,NA,NA,NA,Zvěř,NA,NA,796_T4_TP_20250827,NA,1,NA,NA,NA,NA,NA,0,NA,DCIM/context_n20250813150243479.jpg,DCIM/context_e20250813150238217.jpg,DCIM/context_s20250813150233261.jpg,DCIM/context_w20250813150229189.jpg,2025-08-13T15:02:01Z,15.38927726,49.27160066,DCIM/plot_e_20250813145809767.jpg,DCIM/plot_n_20250813145816750.jpg,TRUE,99,5,1.7,1.7
30,JR,small,1.3–2.0,1,NA,1,1,100,1,terminal,chybajuci,NA,1,NA,NA,0,NA,NA,0,NA,NA,NA,NA,Zvěř,NA,NA,797_T4_TP_20250827,NA,1,NA,NA,NA,NA,NA,0,NA,DCIM/context_n20250813151105561.jpg,DCIM/context_e20250813151058863.jpg,DCIM/context_s20250813151050739.jpg,DCIM/context_w20250813151043315.jpg,2025-08-13T15:10:17Z,15.38899109,49.27160283,DCIM/plot_e_20250813150755506.jpg,DCIM/plot_n_20250813150803692.jpg,TRUE,99,5,1.7,1.7
18,SM,small,0.6–0.8,1,NA,0,0,0,NA,NA,NA,NA,0,NA,NA,0,NA,NA,0,NA,NA,NA,NA,NA,NA,NA,797_T4_TP_20250827,NA,1,NA,NA,NA,NA,NA,0,NA,DCIM/context_n20250813151105561.jpg,DCIM/context_e20250813151058863.jpg,DCIM/context_s20250813151050739.jpg,DCIM/context_w20250813151043315.jpg,2025-08-13T15:10:17Z,15.38899109,49.27160283,DCIM/plot_e_20250813150755506.jpg,DCIM/plot_n_20250813150803692.jpg,TRUE,99,5,0.7,0.7
18,SM,small,1.3–2.0,2,NA,0,0,0,NA,NA,NA,NA,0,NA,NA,0,NA,NA,0,NA,NA,NA,NA,NA,NA,NA,798_T4_TP_20250827,NA,1,NA,NA,NA,NA,1,1,Repelent,DCIM/context_n20250813160144992.jpg,DCIM/context_e20250813160139053.jpg,DCIM/context_s20250813160133668.jpg,DCIM/context_w20250813160128473.jpg,2025-08-13T16:00:50Z,15.70264881,49.2404161,DCIM/plot_e_20250813160008280.jpg,DCIM/plot_n_20250813160016079.jpg,TRUE,100,5,1.7,1.7
10,BR,small,0.4–0.6,1,NA,1,1,100,1,terminal,odumrety,NA,1,NA,NA,0,NA,NA,0,NA,NA,NA,NA,NA,NA,NA,799_T4_TP_20250827,NA,1,NA,NA,NA,NA,NA,0,NA,DCIM/context_n20250813160711339.jpg,DCIM/context_e20250813160705797.jpg,DCIM/context_s20250813160659892.jpg,DCIM/context_w20250813160656005.jpg,2025-08-13T16:06:37Z,15.70262716,49.24023685,DCIM/plot_e_20250813160424686.jpg,DCIM/plot_n_20250813160432186.jpg,TRUE,100,5,0.5,0.5
13,BK,small,0.2–0.4,1,NA,1,1,100,1,kmen,NA,NA,0,NA,NA,0,NA,stare,1,mechanizace,80-100,0-10,NA,NA,NA,NA,801_T4_TP_20250827,1,1,NA,NA,NA,1,1,0,NA,DCIM/context_n20250813162318665.jpg,DCIM/context_e20250813162313968.jpg,DCIM/context_s20250813162308147.jpg,DCIM/context_w20250813162303680.jpg,2025-08-13T16:22:23Z,15.70418136,49.24881308,DCIM/plot_e_20250813162024241.jpg,DCIM/plot_n_20250813162031968.jpg,TRUE,101,5,0.3,0.3
18,SM,small,0.4–0.6,2,NA,0,0,0,NA,NA,NA,NA,0,NA,NA,0,NA,NA,0,NA,NA,NA,NA,NA,NA,NA,803_T4_TP_20250827,NA,1,NA,NA,NA,NA,1,1,Repelent,DCIM/context_n20250820065855833.jpg,DCIM/context_e20250820065849447.jpg,DCIM/context_s20250820065843603.jpg,DCIM/context_w20250820065838422.jpg,2025-08-20T06:57:49Z,15.37853242,49.74149054,DCIM/plot_e_20250820065547390.jpg,DCIM/plot_n_20250820065556988.jpg,TRUE,191,5,0.5,0.5
18,SM,small,0.2–0.4,1,NA,1,1,100,1,olistení,NA,NA,0,0-20,NA,1,20-40,NA,0,NA,NA,NA,NA,NA,NA,T4804OSm4,804_T4_TP_20250827,NA,1,NA,NA,NA,NA,1,1,Repelent,DCIM/context_n20250820070901220.jpg,DCIM/context_e20250820070855639.jpg,DCIM/context_s20250820070850616.jpg,DCIM/context_w20250820070845579.jpg,2025-08-20T07:08:07Z,15.37880722,49.74147591,DCIM/plot_e_20250820070057265.jpg,DCIM/plot_n_20250820070104849.jpg,TRUE,191,5,0.3,0.3
18,SM,small,0.4–0.6,2,NA,1,1,50,2,terminal,chybajuci,NA,1,NA,NA,0,NA,NA,0,NA,NA,NA,NA,Okus,NA,NA,806_T4_TP_20250827,NA,1,0,NA,NA,NA,1,1,Repelent,DCIM/context_n20250820072217616.jpg,DCIM/context_e20250820072212970.jpg,DCIM/context_s20250820072208222.jpg,DCIM/context_w20250820072202427.jpg,2025-08-20T07:21:29Z,15.37908095,49.74146342,DCIM/plot_e_20250820071753715.jpg,DCIM/plot_n_20250820071800848.jpg,TRUE,191,5,0.5,0.5
10,BR,small,0.6–0.8,6,NA,0,0,0,NA,NA,NA,NA,0,NA,NA,0,NA,NA,0,NA,NA,NA,NA,NA,NA,NA,806_T4_TP_20250827,NA,1,0,NA,NA,NA,1,1,Repelent,DCIM/context_n20250820072217616.jpg,DCIM/context_e20250820072212970.jpg,DCIM/context_s20250820072208222.jpg,DCIM/context_w20250820072202427.jpg,2025-08-20T07:21:29Z,15.37908095,49.74146342,DCIM/plot_e_20250820071753715.jpg,DCIM/plot_n_20250820071800848.jpg,TRUE,191,5,0.7,0.7
18,SM,small,0.2–0.4,2,NA,0,0,0,NA,NA,NA,NA,0,NA,NA,0,NA,NA,0,NA,NA,NA,NA,NA,NA,NA,809_T4_TP_20250827,NA,1,1,NA,NA,NA,1,1,Repelent,DCIM/context_n20250820075540649.jpg,DCIM/context_e20250820075536144.jpg,DCIM/context_s20250820075531730.jpg,DCIM/context_w20250820075527030.jpg,2025-08-20T07:54:41Z,15.37651153,49.73834204,DCIM/plot_e_20250820074628195.jpg,DCIM/plot_n_20250820074637396.jpg,TRUE,192,5,0.3,0.3
17,MD,small,0.2–0.4,2,NA,1,1,50,1,kmen,NA,NA,0,NA,NA,0,NA,cerstve,1,mechanizace,80-100,NA,NA,NA,NA,NA,809_T4_TP_20250827,NA,1,1,NA,NA,NA,1,1,Repelent,DCIM/context_n20250820075540649.jpg,DCIM/context_e20250820075536144.jpg,DCIM/context_s20250820075531730.jpg,DCIM/context_w20250820075527030.jpg,2025-08-20T07:54:41Z,15.37651153,49.73834204,DCIM/plot_e_20250820074628195.jpg,DCIM/plot_n_20250820074637396.jpg,TRUE,192,5,0.3,0.3
30,JR,small,0.2–0.4,3,NA,1,1,33.33333333333333,1,kmen,NA,NA,0,NA,NA,0,NA,cerstve,1,mechanizace,80-100,NA,NA,NA,NA,NA,809_T4_TP_20250827,NA,1,1,NA,NA,NA,1,1,Repelent,DCIM/context_n20250820075540649.jpg,DCIM/context_e20250820075536144.jpg,DCIM/context_s20250820075531730.jpg,DCIM/context_w20250820075527030.jpg,2025-08-20T07:54:41Z,15.37651153,49.73834204,DCIM/plot_e_20250820074628195.jpg,DCIM/plot_n_20250820074637396.jpg,TRUE,192,5,0.3,0.3
17,MD,small,0.6–0.8,1,NA,1,1,100,1,terminal,odumrety,NA,1,NA,NA,0,NA,NA,0,NA,NA,NA,NA,NA,NA,NA,810_T4_TP_20250827,NA,1,NA,NA,NA,NA,NA,0,NA,DCIM/context_n20250820080208901.jpg,DCIM/context_e20250820080204297.jpg,DCIM/context_s20250820080159693.jpg,DCIM/context_w20250820080154587.jpg,2025-08-20T08:01:22Z,15.37648965,49.73816357,DCIM/plot_e_20250820075734517.jpg,DCIM/plot_n_20250820075745603.jpg,TRUE,192,5,0.7,0.7
24,DB,small,0.4–0.6,2,NA,1,1,50,1,terminal,chybajuci,NA,1,NA,NA,0,NA,NA,0,NA,NA,NA,NA,Zvěř,NA,NA,810_T4_TP_20250827,NA,1,NA,NA,NA,NA,NA,0,NA,DCIM/context_n20250820080208901.jpg,DCIM/context_e20250820080204297.jpg,DCIM/context_s20250820080159693.jpg,DCIM/context_w20250820080154587.jpg,2025-08-20T08:01:22Z,15.37648965,49.73816357,DCIM/plot_e_20250820075734517.jpg,DCIM/plot_n_20250820075745603.jpg,TRUE,192,5,0.5,0.5
17,MD,small,1.3–2.0,2,NA,0,0,0,NA,NA,NA,NA,0,NA,NA,0,NA,NA,0,NA,NA,NA,NA,NA,NA,NA,811_T4_TP_20250827,NA,1,NA,NA,NA,NA,NA,0,NA,DCIM/context_n20250820080849484.jpg,DCIM/context_e20250820080845226.jpg,DCIM/context_s20250820080839529.jpg,DCIM/context_w20250820080834875.jpg,2025-08-20T08:08:01Z,15.37678817,49.73832755,DCIM/plot_e_20250820080452749.jpg,DCIM/plot_n_20250820080500374.jpg,TRUE,192,5,1.7,1.7
30,JR,small,0.4–0.6,3,NA,1,3,100,1,terminal,chybajuci,2,3,NA,NA,0,NA,NA,0,NA,NA,NA,NA,Okus,NA,NA,811_T4_TP_20250827,NA,1,NA,NA,NA,NA,NA,0,NA,DCIM/context_n20250820080849484.jpg,DCIM/context_e20250820080845226.jpg,DCIM/context_s20250820080839529.jpg,DCIM/context_w20250820080834875.jpg,2025-08-20T08:08:01Z,15.37678817,49.73832755,DCIM/plot_e_20250820080452749.jpg,DCIM/plot_n_20250820080500374.jpg,TRUE,192,5,0.5,0.5
18,SM,small,1.3–2.0,2,NA,0,0,0,NA,NA,NA,NA,0,NA,NA,0,NA,NA,0,NA,NA,NA,NA,NA,NA,NA,812_T4_TP_20250827,NA,1,NA,NA,NA,NA,1,1,Repelent,DCIM/context_n20250820081651534.jpg,DCIM/context_e20250820081645930.jpg,DCIM/context_s20250820081640926.jpg,DCIM/context_w20250820081633611.jpg,2025-08-20T08:15:53Z,15.3765326,49.73852038,DCIM/plot_e_20250820081052914.jpg,DCIM/plot_n_20250820081101896.jpg,TRUE,192,5,1.7,1.7
20,OS,small,0.2–0.4,2,NA,1,1,50,1,terminal,chybajuci,NA,1,NA,NA,0,NA,NA,0,NA,NA,NA,NA,"Zvěř, mechanizace",NA,NA,812_T4_TP_20250827,NA,1,NA,NA,NA,NA,1,1,Repelent,DCIM/context_n20250820081651534.jpg,DCIM/context_e20250820081645930.jpg,DCIM/context_s20250820081640926.jpg,DCIM/context_w20250820081633611.jpg,2025-08-20T08:15:53Z,15.3765326,49.73852038,DCIM/plot_e_20250820081052914.jpg,DCIM/plot_n_20250820081101896.jpg,TRUE,192,5,0.3,0.3
30,JR,small,0.2–0.4,1,NA,1,1,100,1,terminal,chybajuci,NA,1,NA,NA,0,NA,NA,0,NA,NA,NA,NA,"Zvěř,  mechanizace",NA,NA,812_T4_TP_20250827,NA,1,NA,NA,NA,NA,1,1,Repelent,DCIM/context_n20250820081651534.jpg,DCIM/context_e20250820081645930.jpg,DCIM/context_s20250820081640926.jpg,DCIM/context_w20250820081633611.jpg,2025-08-20T08:15:53Z,15.3765326,49.73852038,DCIM/plot_e_20250820081052914.jpg,DCIM/plot_n_20250820081101896.jpg,TRUE,192,5,0.3,0.3
18,SM,small,NA,2,NA,0,0,0,NA,NA,NA,NA,0,NA,NA,0,NA,NA,0,NA,NA,NA,NA,NA,NA,NA,813_T4_TP_20250827,NA,1,NA,NA,1,1,1,1,Repelent,DCIM/context_n20250820093550710.jpg,DCIM/context_e20250820093545250.jpg,DCIM/context_s20250820093539153.jpg,DCIM/context_w20250820093533436.jpg,2025-08-20T09:34:44Z,15.44249574,49.69426957,DCIM/plot_e_20250820093250140.jpg,DCIM/plot_n_20250820093257402.jpg,TRUE,193,5,NA,NA
10,BR,small,0.4–0.6,1,NA,0,0,0,NA,NA,NA,NA,0,NA,NA,0,NA,NA,0,NA,NA,NA,NA,NA,NA,NA,813_T4_TP_20250827,NA,1,NA,NA,1,1,1,1,Repelent,DCIM/context_n20250820093550710.jpg,DCIM/context_e20250820093545250.jpg,DCIM/context_s20250820093539153.jpg,DCIM/context_w20250820093533436.jpg,2025-08-20T09:34:44Z,15.44249574,49.69426957,DCIM/plot_e_20250820093250140.jpg,DCIM/plot_n_20250820093257402.jpg,TRUE,193,5,0.5,0.5
24,DB,small,0.6–0.8,2,NA,0,0,0,NA,NA,NA,NA,0,NA,NA,0,NA,NA,0,NA,NA,NA,NA,NA,NA,NA,814_T4_TP_20250827,NA,1,NA,NA,NA,1,1,1,Oplocenka,DCIM/context_n20250820094404278.jpg,DCIM/context_e20250820094359227.jpg,DCIM/context_s20250820094353395.jpg,DCIM/context_w20250820094348374.jpg,2025-08-20T09:43:11Z,15.44221925,49.69428335,DCIM/plot_e_20250820093911619.jpg,DCIM/plot_n_20250820093921045.jpg,TRUE,193,5,0.7,0.7
10,BR,small,0.8–1.0,1,NA,1,1,100,1,kmen,NA,NA,0,NA,NA,0,NA,stare,1,mechanizace,80-100,NA,NA,NA,Asi mechanizace,NA,814_T4_TP_20250827,NA,1,NA,NA,NA,1,1,1,Oplocenka,DCIM/context_n20250820094404278.jpg,DCIM/context_e20250820094359227.jpg,DCIM/context_s20250820094353395.jpg,DCIM/context_w20250820094348374.jpg,2025-08-20T09:43:11Z,15.44221925,49.69428335,DCIM/plot_e_20250820093911619.jpg,DCIM/plot_n_20250820093921045.jpg,TRUE,193,5,0.9,0.9
24,DB,small,0.6–0.8,3,NA,0,0,0,NA,NA,NA,NA,0,NA,NA,0,NA,NA,0,NA,NA,NA,NA,NA,NA,NA,815_T4_TP_20250827,NA,1,NA,NA,1,1,1,1,Oplocenka,DCIM/context_n20250820094835342.jpg,DCIM/context_e20250820094830954.jpg,DCIM/context_s20250820094825753.jpg,DCIM/context_w20250820094821053.jpg,2025-08-20T09:47:47Z,15.44194331,49.69429587,DCIM/plot_e_20250820094546958.jpg,DCIM/plot_n_20250820094554858.jpg,TRUE,193,5,0.7,0.7
10,BR,small,0.4–0.6,2,NA,0,0,0,NA,NA,NA,NA,0,NA,NA,0,NA,NA,0,NA,NA,NA,NA,NA,NA,NA,815_T4_TP_20250827,NA,1,NA,NA,1,1,1,1,Oplocenka,DCIM/context_n20250820094835342.jpg,DCIM/context_e20250820094830954.jpg,DCIM/context_s20250820094825753.jpg,DCIM/context_w20250820094821053.jpg,2025-08-20T09:47:47Z,15.44194331,49.69429587,DCIM/plot_e_20250820094546958.jpg,DCIM/plot_n_20250820094554858.jpg,TRUE,193,5,0.5,0.5
24,DB,small,0.8–1.0,1,NA,1,1,100,1,olistení,NA,NA,0,0-20,NA,1,40-60,NA,0,NA,NA,NA,NA,NA,NA,"Padlí, mráz",816_T4_TP_20250827,NA,1,NA,NA,NA,1,1,1,Oplocenka,DCIM/context_n20250820095834000.jpg,DCIM/context_e20250820095822238.jpg,DCIM/context_s20250820095815612.jpg,DCIM/context_w20250820095809859.jpg,2025-08-20T09:57:28Z,15.44223892,49.69446242,DCIM/plot_e_20250820095100326.jpg,DCIM/plot_n_20250820095107918.jpg,TRUE,193,5,0.9,0.9
33,LP,small,0.2–0.4,2,NA,0,0,0,NA,NA,NA,NA,0,NA,NA,0,NA,NA,0,NA,NA,NA,NA,NA,NA,NA,816_T4_TP_20250827,NA,1,NA,NA,NA,1,1,1,Oplocenka,DCIM/context_n20250820095834000.jpg,DCIM/context_e20250820095822238.jpg,DCIM/context_s20250820095815612.jpg,DCIM/context_w20250820095809859.jpg,2025-08-20T09:57:28Z,15.44223892,49.69446242,DCIM/plot_e_20250820095100326.jpg,DCIM/plot_n_20250820095107918.jpg,TRUE,193,5,0.3,0.3
4,KL,small,0.2–0.4,1,NA,1,1,100,1,terminal,odumrety,NA,1,NA,NA,0,NA,NA,0,NA,NA,NA,NA,NA,NA,NA,816_T4_TP_20250827,NA,1,NA,NA,NA,1,1,1,Oplocenka,DCIM/context_n20250820095834000.jpg,DCIM/context_e20250820095822238.jpg,DCIM/context_s20250820095815612.jpg,DCIM/context_w20250820095809859.jpg,2025-08-20T09:57:28Z,15.44223892,49.69446242,DCIM/plot_e_20250820095100326.jpg,DCIM/plot_n_20250820095107918.jpg,TRUE,193,5,0.3,0.3
10,BR,small,1.3–2.0,1,NA,0,0,0,NA,NA,NA,NA,0,NA,NA,0,NA,NA,0,NA,NA,NA,NA,NA,NA,NA,817_T4_TP_20250827,NA,1,NA,NA,NA,1,NA,0,NA,DCIM/context_n20250820100718594.jpg,DCIM/context_e20250820100711931.jpg,DCIM/context_s20250820100705722.jpg,DCIM/context_w20250820100658040.jpg,2025-08-20T10:06:27Z,15.44219906,49.69410359,DCIM/plot_e_20250820100523994.jpg,DCIM/plot_n_20250820100534029.jpg,TRUE,193,5,1.7,1.7
18,SM,small,0.2–0.4,1,NA,0,0,0,NA,NA,NA,NA,0,NA,NA,0,NA,NA,0,NA,NA,NA,NA,NA,NA,NA,818_T4_TP_20250827,NA,1,0,NA,NA,1,NA,0,NA,DCIM/context_n20250820103033678.jpg,DCIM/context_e20250820103028629.jpg,DCIM/context_s20250820103022514.jpg,DCIM/context_w20250820103017974.jpg,2025-08-20T10:29:23Z,15.4376778,49.6935934,DCIM/plot_e_20250820102835456.jpg,DCIM/plot_n_20250820102844078.jpg,TRUE,194,5,0.3,0.3
18,SM,advanced,2–4,2,NA,0,0,0,NA,NA,NA,NA,0,NA,NA,0,NA,NA,0,NA,NA,NA,NA,NA,NA,NA,819_T4_TP_20250827,NA,1,NA,NA,NA,NA,NA,0,NA,DCIM/context_n20250820103826730.jpg,DCIM/context_e20250820103822018.jpg,DCIM/context_s20250820103816834.jpg,DCIM/context_w20250820103811406.jpg,2025-08-20T10:37:45Z,15.4377236,49.693774,DCIM/plot_e_20250820103420984.jpg,DCIM/plot_n_20250820103437250.jpg,TRUE,194,5,3,3
18,SM,small,1.3–2.0,7,NA,0,0,0,NA,NA,NA,NA,0,NA,NA,0,NA,NA,0,NA,NA,NA,NA,NA,NA,NA,819_T4_TP_20250827,NA,1,NA,NA,NA,NA,NA,0,NA,DCIM/context_n20250820103826730.jpg,DCIM/context_e20250820103822018.jpg,DCIM/context_s20250820103816834.jpg,DCIM/context_w20250820103811406.jpg,2025-08-20T10:37:45Z,15.4377236,49.693774,DCIM/plot_e_20250820103420984.jpg,DCIM/plot_n_20250820103437250.jpg,TRUE,194,5,1.7,1.7
30,JR,small,NA,1,NA,0,0,0,NA,NA,NA,NA,0,NA,NA,0,NA,NA,0,NA,NA,NA,NA,NA,NA,NA,820_T4_TP_20250827,NA,1,0,1,1,1,NA,0,NA,DCIM/context_n20250820104354617.jpg,DCIM/context_e20250820104349871.jpg,DCIM/context_s20250820104345158.jpg,DCIM/context_w20250820104340600.jpg,2025-08-20T10:42:56Z,15.43743787,49.69379085,DCIM/plot_e_20250820104056862.jpg,DCIM/plot_n_20250820104105479.jpg,TRUE,194,5,NA,NA
30,JR,small,0.6–0.8,1,NA,0,0,0,NA,NA,NA,NA,0,NA,NA,0,NA,NA,0,NA,NA,NA,NA,NA,NA,NA,820_T4_TP_20250827,NA,1,0,1,1,1,NA,0,NA,DCIM/context_n20250820104354617.jpg,DCIM/context_e20250820104349871.jpg,DCIM/context_s20250820104345158.jpg,DCIM/context_w20250820104340600.jpg,2025-08-20T10:42:56Z,15.43743787,49.69379085,DCIM/plot_e_20250820104056862.jpg,DCIM/plot_n_20250820104105479.jpg,TRUE,194,5,0.7,0.7
17,MD,advanced,2–4,4,NA,0,0,0,NA,NA,NA,NA,0,NA,NA,0,NA,NA,0,NA,NA,NA,NA,NA,NA,NA,822_T4_TP_20250827,NA,1,NA,NA,NA,NA,NA,0,NA,DCIM/context_n20250820105821118.jpg,DCIM/context_e20250820105809614.jpg,DCIM/context_s20250820105756060.jpg,DCIM/context_w20250820105750762.jpg,2025-08-20T10:57:14Z,15.43798971,49.6937661,DCIM/plot_e_20250820105456559.jpg,DCIM/plot_n_20250820105505633.jpg,TRUE,194,5,3,3
10,BR,advanced,2–4,1,NA,0,0,0,NA,NA,NA,NA,0,NA,NA,0,NA,NA,0,NA,NA,NA,NA,NA,NA,NA,822_T4_TP_20250827,NA,1,NA,NA,NA,NA,NA,0,NA,DCIM/context_n20250820105821118.jpg,DCIM/context_e20250820105809614.jpg,DCIM/context_s20250820105756060.jpg,DCIM/context_w20250820105750762.jpg,2025-08-20T10:57:14Z,15.43798971,49.6937661,DCIM/plot_e_20250820105456559.jpg,DCIM/plot_n_20250820105505633.jpg,TRUE,194,5,3,3
18,SM,small,0.4–0.6,1,NA,0,0,0,NA,NA,NA,NA,0,NA,NA,0,NA,NA,0,NA,NA,NA,NA,NA,NA,NA,822_T4_TP_20250827,NA,1,NA,NA,NA,NA,NA,0,NA,DCIM/context_n20250820105821118.jpg,DCIM/context_e20250820105809614.jpg,DCIM/context_s20250820105756060.jpg,DCIM/context_w20250820105750762.jpg,2025-08-20T10:57:14Z,15.43798971,49.6937661,DCIM/plot_e_20250820105456559.jpg,DCIM/plot_n_20250820105505633.jpg,TRUE,194,5,0.5,0.5
13,BK,small,1.3–2.0,2,NA,0,0,0,NA,NA,NA,NA,0,NA,NA,0,NA,NA,0,NA,NA,NA,NA,NA,NA,NA,823_T4_TP_20250827,NA,1,NA,NA,NA,NA,1,0,NA,DCIM/context_n20250820125926834.jpg,DCIM/context_e20250820125922075.jpg,DCIM/context_s20250820125916240.jpg,DCIM/context_w20250820125910811.jpg,2025-08-20T12:58:11Z,15.47731149,49.67275844,DCIM/plot_e_20250820125524653.jpg,DCIM/plot_n_20250820125534594.jpg,TRUE,106,5,1.7,1.7
19,BO,small,1.0–1.3,1,NA,0,0,0,NA,NA,NA,NA,0,NA,NA,0,NA,NA,0,NA,NA,NA,NA,NA,NA,NA,823_T4_TP_20250827,NA,1,NA,NA,NA,NA,1,0,NA,DCIM/context_n20250820125926834.jpg,DCIM/context_e20250820125922075.jpg,DCIM/context_s20250820125916240.jpg,DCIM/context_w20250820125910811.jpg,2025-08-20T12:58:11Z,15.47731149,49.67275844,DCIM/plot_e_20250820125524653.jpg,DCIM/plot_n_20250820125534594.jpg,TRUE,106,5,1.2,1.2
27,JIV,small,1.3–2.0,1,NA,0,0,0,NA,NA,NA,NA,0,NA,NA,0,NA,NA,0,NA,NA,NA,NA,NA,NA,NA,823_T4_TP_20250827,NA,1,NA,NA,NA,NA,1,0,NA,DCIM/context_n20250820125926834.jpg,DCIM/context_e20250820125922075.jpg,DCIM/context_s20250820125916240.jpg,DCIM/context_w20250820125910811.jpg,2025-08-20T12:58:11Z,15.47731149,49.67275844,DCIM/plot_e_20250820125524653.jpg,DCIM/plot_n_20250820125534594.jpg,TRUE,106,5,1.7,1.7
18,SM,small,1.0–1.3,4,NA,0,0,0,NA,NA,NA,NA,0,NA,NA,0,NA,NA,0,NA,NA,NA,NA,NA,NA,NA,824_T4_TP_20250827,NA,1,NA,NA,NA,1,NA,0,NA,DCIM/context_n20250820130541781.jpg,DCIM/context_e20250820130536580.jpg,DCIM/context_s20250820130530442.jpg,DCIM/context_w20250820130525813.jpg,2025-08-20T13:04:47Z,15.47701386,49.67259367,DCIM/plot_e_20250820130136796.jpg,DCIM/plot_n_20250820130143591.jpg,TRUE,106,5,1.2,1.2
13,BK,small,1.0–1.3,5,NA,1,1,20,1,terminal,chybajuci,NA,1,NA,NA,0,NA,NA,0,NA,NA,NA,NA,Zvěř,NA,NA,824_T4_TP_20250827,NA,1,NA,NA,NA,1,NA,0,NA,DCIM/context_n20250820130541781.jpg,DCIM/context_e20250820130536580.jpg,DCIM/context_s20250820130530442.jpg,DCIM/context_w20250820130525813.jpg,2025-08-20T13:04:47Z,15.47701386,49.67259367,DCIM/plot_e_20250820130136796.jpg,DCIM/plot_n_20250820130143591.jpg,TRUE,106,5,1.2,1.2
19,BO,small,0.6–0.8,5,NA,0,0,0,NA,NA,NA,NA,0,NA,NA,0,NA,NA,0,NA,NA,NA,NA,NA,NA,NA,825_T4_TP_20250827,NA,NA,NA,NA,NA,1,NA,0,NA,DCIM/context_n20250820133119627.jpg,DCIM/context_e20250820133115221.jpg,DCIM/context_s20250820133109967.jpg,DCIM/context_w20250820133104522.jpg,2025-08-20T13:30:33Z,15.48429259,49.67061809,DCIM/plot_e_20250820132634668.jpg,DCIM/plot_n_20250820132641272.jpg,TRUE,107,5,0.7,0.7
10,BR,small,0.4–0.6,1,NA,0,0,0,NA,NA,NA,NA,0,NA,NA,0,NA,NA,0,NA,NA,NA,NA,NA,NA,NA,825_T4_TP_20250827,NA,NA,NA,NA,NA,1,NA,0,NA,DCIM/context_n20250820133119627.jpg,DCIM/context_e20250820133115221.jpg,DCIM/context_s20250820133109967.jpg,DCIM/context_w20250820133104522.jpg,2025-08-20T13:30:33Z,15.48429259,49.67061809,DCIM/plot_e_20250820132634668.jpg,DCIM/plot_n_20250820132641272.jpg,TRUE,107,5,0.5,0.5
18,SM,small,0.2–0.4,1,NA,0,0,0,NA,NA,NA,NA,0,NA,NA,0,NA,NA,0,NA,NA,NA,NA,NA,NA,NA,825_T4_TP_20250827,NA,NA,NA,NA,NA,1,NA,0,NA,DCIM/context_n20250820133119627.jpg,DCIM/context_e20250820133115221.jpg,DCIM/context_s20250820133109967.jpg,DCIM/context_w20250820133104522.jpg,2025-08-20T13:30:33Z,15.48429259,49.67061809,DCIM/plot_e_20250820132634668.jpg,DCIM/plot_n_20250820132641272.jpg,TRUE,107,5,0.3,0.3
18,SM,small,0.2–0.4,1,NA,0,0,0,NA,NA,NA,NA,0,NA,NA,0,NA,NA,0,NA,NA,NA,NA,NA,NA,NA,826_T4_TP_20250827,NA,1,NA,NA,NA,1,NA,0,NA,DCIM/context_n20250820133834888.jpg,DCIM/context_e20250820133830999.jpg,DCIM/context_s20250820133825957.jpg,DCIM/context_w20250820133821152.jpg,2025-08-20T13:37:59Z,15.48454952,49.67042514,DCIM/plot_e_20250820133623928.jpg,DCIM/plot_n_20250820133633465.jpg,TRUE,107,5,0.3,0.3
27,JIV,small,0.2–0.4,1,NA,0,0,0,NA,NA,NA,NA,0,NA,NA,0,NA,NA,0,NA,NA,NA,NA,NA,NA,NA,826_T4_TP_20250827,NA,1,NA,NA,NA,1,NA,0,NA,DCIM/context_n20250820133834888.jpg,DCIM/context_e20250820133830999.jpg,DCIM/context_s20250820133825957.jpg,DCIM/context_w20250820133821152.jpg,2025-08-20T13:37:59Z,15.48454952,49.67042514,DCIM/plot_e_20250820133623928.jpg,DCIM/plot_n_20250820133633465.jpg,TRUE,107,5,0.3,0.3
24,DB,small,1.0–1.3,1,NA,1,1,100,2,kmen,NA,NA,0,NA,NA,0,NA,stare,1,zver,60-80,>30,NA,NA,NA,NA,827_T4_TP_20250827,NA,1,NA,NA,NA,NA,1,0,NA,DCIM/context_n20250820140343030.jpg,DCIM/context_e20250820140338364.jpg,DCIM/context_s20250820140333080.jpg,DCIM/context_w20250820140328608.jpg,2025-08-20T14:02:53Z,15.47341598,49.66537702,DCIM/plot_e_20250820135816200.jpg,DCIM/plot_n_20250820135827582.jpg,TRUE,108,5,1.2,1.2
20,OS,small,1.0–1.3,8,NA,1,1,12.5,1,terminal,chybajuci,NA,1,NA,NA,0,NA,NA,0,NA,NA,NA,NA,Okus,NA,NA,827_T4_TP_20250827,NA,1,NA,NA,NA,NA,1,0,NA,DCIM/context_n20250820140343030.jpg,DCIM/context_e20250820140338364.jpg,DCIM/context_s20250820140333080.jpg,DCIM/context_w20250820140328608.jpg,2025-08-20T14:02:53Z,15.47341598,49.66537702,DCIM/plot_e_20250820135816200.jpg,DCIM/plot_n_20250820135827582.jpg,TRUE,108,5,1.2,1.2
24,DB,advanced,2–4,1,NA,0,0,0,NA,NA,NA,NA,0,NA,NA,0,NA,NA,0,NA,NA,NA,NA,NA,NA,NA,828_T4_TP_20250827,NA,1,NA,NA,NA,1,1,0,NA,DCIM/context_n20250820141547109.jpg,DCIM/context_e20250820141540016.jpg,DCIM/context_s20250820141534931.jpg,DCIM/context_w20250820141528548.jpg,2025-08-20T14:14:56Z,15.47339651,49.66519757,DCIM/plot_e_20250820140621692.jpg,DCIM/plot_n_20250820140630924.jpg,TRUE,108,5,3,3
10,BR,advanced,>4,1,NA,0,0,0,NA,NA,NA,NA,0,NA,NA,0,NA,NA,0,NA,NA,NA,NA,NA,NA,NA,828_T4_TP_20250827,NA,1,NA,NA,NA,1,1,0,NA,DCIM/context_n20250820141547109.jpg,DCIM/context_e20250820141540016.jpg,DCIM/context_s20250820141534931.jpg,DCIM/context_w20250820141528548.jpg,2025-08-20T14:14:56Z,15.47339651,49.66519757,DCIM/plot_e_20250820140621692.jpg,DCIM/plot_n_20250820140630924.jpg,TRUE,108,5,5,5
24,DB,small,0.8–1.0,1,NA,1,1,100,1,terminal,odumrety,NA,1,NA,NA,0,NA,NA,0,NA,NA,NA,NA,T4828 ODB1,NA,NA,828_T4_TP_20250827,NA,1,NA,NA,NA,1,1,0,NA,DCIM/context_n20250820141547109.jpg,DCIM/context_e20250820141540016.jpg,DCIM/context_s20250820141534931.jpg,DCIM/context_w20250820141528548.jpg,2025-08-20T14:14:56Z,15.47339651,49.66519757,DCIM/plot_e_20250820140621692.jpg,DCIM/plot_n_20250820140630924.jpg,TRUE,108,5,0.9,0.9
20,OS,small,1.3–2.0,5,NA,0,0,0,NA,NA,NA,NA,0,NA,NA,0,NA,NA,0,NA,NA,NA,NA,NA,NA,NA,828_T4_TP_20250827,NA,1,NA,NA,NA,1,1,0,NA,DCIM/context_n20250820141547109.jpg,DCIM/context_e20250820141540016.jpg,DCIM/context_s20250820141534931.jpg,DCIM/context_w20250820141528548.jpg,2025-08-20T14:14:56Z,15.47339651,49.66519757,DCIM/plot_e_20250820140621692.jpg,DCIM/plot_n_20250820140630924.jpg,TRUE,108,5,1.7,1.7
24,DB,advanced,2–4,1,NA,0,0,0,NA,NA,NA,NA,0,NA,NA,0,NA,NA,0,NA,NA,NA,NA,NA,NA,NA,829_T4_TP_20250827,NA,1,NA,NA,NA,NA,1,0,NA,DCIM/context_n20250820142504238.jpg,DCIM/context_e20250820142459457.jpg,DCIM/context_s20250820142454750.jpg,DCIM/context_w20250820142449358.jpg,2025-08-20T14:24:26Z,15.47311931,49.66521152,DCIM/plot_e_20250820142056665.jpg,DCIM/plot_n_20250820142107273.jpg,TRUE,108,5,3,3
24,DB,small,1.3–2.0,1,NA,0,0,0,NA,NA,NA,NA,0,NA,NA,0,NA,NA,0,NA,NA,NA,NA,NA,NA,NA,829_T4_TP_20250827,NA,1,NA,NA,NA,NA,1,0,NA,DCIM/context_n20250820142504238.jpg,DCIM/context_e20250820142459457.jpg,DCIM/context_s20250820142454750.jpg,DCIM/context_w20250820142449358.jpg,2025-08-20T14:24:26Z,15.47311931,49.66521152,DCIM/plot_e_20250820142056665.jpg,DCIM/plot_n_20250820142107273.jpg,TRUE,108,5,1.7,1.7
19,BO,small,1.0–1.3,1,NA,0,0,0,NA,NA,NA,NA,0,NA,NA,0,NA,NA,0,NA,NA,NA,NA,NA,NA,NA,829_T4_TP_20250827,NA,1,NA,NA,NA,NA,1,0,NA,DCIM/context_n20250820142504238.jpg,DCIM/context_e20250820142459457.jpg,DCIM/context_s20250820142454750.jpg,DCIM/context_w20250820142449358.jpg,2025-08-20T14:24:26Z,15.47311931,49.66521152,DCIM/plot_e_20250820142056665.jpg,DCIM/plot_n_20250820142107273.jpg,TRUE,108,5,1.2,1.2
10,BR,small,1.3–2.0,2,NA,0,0,0,NA,NA,NA,NA,0,NA,NA,0,NA,NA,0,NA,NA,NA,NA,NA,NA,NA,829_T4_TP_20250827,NA,1,NA,NA,NA,NA,1,0,NA,DCIM/context_n20250820142504238.jpg,DCIM/context_e20250820142459457.jpg,DCIM/context_s20250820142454750.jpg,DCIM/context_w20250820142449358.jpg,2025-08-20T14:24:26Z,15.47311931,49.66521152,DCIM/plot_e_20250820142056665.jpg,DCIM/plot_n_20250820142107273.jpg,TRUE,108,5,1.7,1.7
27,JIV,small,1.3–2.0,6,NA,0,0,0,NA,NA,NA,NA,0,NA,NA,0,NA,NA,0,NA,NA,NA,NA,NA,NA,NA,829_T4_TP_20250827,NA,1,NA,NA,NA,NA,1,0,NA,DCIM/context_n20250820142504238.jpg,DCIM/context_e20250820142459457.jpg,DCIM/context_s20250820142454750.jpg,DCIM/context_w20250820142449358.jpg,2025-08-20T14:24:26Z,15.47311931,49.66521152,DCIM/plot_e_20250820142056665.jpg,DCIM/plot_n_20250820142107273.jpg,TRUE,108,5,1.7,1.7
24,DB,small,0.6–0.8,2,NA,1,1,50,1,terminal,odumrety,NA,1,NA,NA,0,NA,NA,0,NA,NA,NA,NA,Okus,NA,NA,830_T4_TP_20250827,NA,1,NA,NA,1,NA,1,1,Oplocenka,DCIM/context_n20250820151513285.jpg,DCIM/context_e20250820151508608.jpg,DCIM/context_s20250820151504044.jpg,DCIM/context_w20250820151459019.jpg,2025-08-20T15:14:27Z,15.62655326,49.6416287,DCIM/plot_e_20250820151203913.jpg,DCIM/plot_n_20250820151213429.jpg,TRUE,195,5,0.7,0.7
24,DB,small,0.8–1.0,3,NA,1,1,33.33333333333333,1,terminal,chybajuci,NA,1,NA,NA,0,NA,NA,0,NA,NA,NA,NA,"Okus,padlí",NA,NA,831_T4_TP_20250827,1,1,1,NA,NA,NA,1,1,Oplocenka,DCIM/context_n20250820152133506.jpg,DCIM/context_e20250820152128445.jpg,DCIM/context_s20250820152123903.jpg,DCIM/context_w20250820152118976.jpg,2025-08-20T15:20:35Z,15.62627573,49.6416433,DCIM/plot_e_20250820151652748.jpg,DCIM/plot_n_20250820151701669.jpg,TRUE,195,5,0.9,0.9
10,BR,small,0.4–0.6,1,NA,0,0,0,NA,NA,NA,NA,0,NA,NA,0,NA,NA,0,NA,NA,NA,NA,NA,NA,NA,831_T4_TP_20250827,1,1,1,NA,NA,NA,1,1,Oplocenka,DCIM/context_n20250820152133506.jpg,DCIM/context_e20250820152128445.jpg,DCIM/context_s20250820152123903.jpg,DCIM/context_w20250820152118976.jpg,2025-08-20T15:20:35Z,15.62627573,49.6416433,DCIM/plot_e_20250820151652748.jpg,DCIM/plot_n_20250820151701669.jpg,TRUE,195,5,0.5,0.5
24,DB,small,0.6–0.8,2,NA,1,1,50,2,terminal,odumrety,NA,1,NA,NA,0,NA,NA,0,NA,NA,NA,NA,Okus,NA,NA,832_T4_TP_20250827,NA,1,1,NA,1,NA,1,1,Oplocenka,DCIM/context_n20250820152728853.jpg,DCIM/context_e20250820152724344.jpg,DCIM/context_s20250820152719072.jpg,DCIM/context_w20250820152714039.jpg,2025-08-20T15:26:45Z,15.62629848,49.64182192,DCIM/plot_e_20250820152418317.jpg,DCIM/plot_n_20250820152426395.jpg,TRUE,195,5,0.7,0.7
10,BR,small,0.4–0.6,2,NA,0,0,0,NA,NA,NA,NA,0,NA,NA,0,NA,NA,0,NA,NA,NA,NA,NA,NA,NA,832_T4_TP_20250827,NA,1,1,NA,1,NA,1,1,Oplocenka,DCIM/context_n20250820152728853.jpg,DCIM/context_e20250820152724344.jpg,DCIM/context_s20250820152719072.jpg,DCIM/context_w20250820152714039.jpg,2025-08-20T15:26:45Z,15.62629848,49.64182192,DCIM/plot_e_20250820152418317.jpg,DCIM/plot_n_20250820152426395.jpg,TRUE,195,5,0.5,0.5
18,SM,small,0.4–0.6,2,NA,0,0,0,NA,NA,NA,NA,0,NA,NA,0,NA,NA,0,NA,NA,NA,NA,NA,NA,NA,833_T4_TP_20250827,NA,1,NA,NA,NA,NA,1,1,Repelent,DCIM/context_n20250820153621286.jpg,DCIM/context_e20250820153615452.jpg,DCIM/context_s20250820153609836.jpg,DCIM/context_w20250820153604544.jpg,2025-08-20T15:35:23Z,15.62625884,49.64146274,DCIM/plot_e_20250820153351318.jpg,DCIM/plot_n_20250820153358857.jpg,TRUE,195,5,0.5,0.5
10,BR,small,0.4–0.6,2,NA,0,0,0,NA,NA,NA,NA,0,NA,NA,0,NA,NA,0,NA,NA,NA,NA,NA,NA,NA,833_T4_TP_20250827,NA,1,NA,NA,NA,NA,1,1,Repelent,DCIM/context_n20250820153621286.jpg,DCIM/context_e20250820153615452.jpg,DCIM/context_s20250820153609836.jpg,DCIM/context_w20250820153604544.jpg,2025-08-20T15:35:23Z,15.62625884,49.64146274,DCIM/plot_e_20250820153351318.jpg,DCIM/plot_n_20250820153358857.jpg,TRUE,195,5,0.5,0.5
18,SM,small,0.4–0.6,2,NA,0,0,0,NA,NA,NA,NA,0,NA,NA,0,NA,NA,0,NA,NA,NA,NA,NA,NA,NA,834_T4_TP_20250827,1,1,NA,NA,NA,NA,1,1,Repelent,DCIM/context_n20250820154131796.jpg,DCIM/context_e20250820154126638.jpg,DCIM/context_s20250820154120321.jpg,DCIM/context_w20250820154115259.jpg,2025-08-20T15:40:49Z,15.6260014,49.64165648,DCIM/plot_e_20250820153822923.jpg,DCIM/plot_n_20250820153830271.jpg,TRUE,195,5,0.5,0.5
10,BR,small,0.2–0.4,3,NA,0,0,0,NA,NA,NA,NA,0,NA,NA,0,NA,NA,0,NA,NA,NA,NA,NA,NA,NA,834_T4_TP_20250827,1,1,NA,NA,NA,NA,1,1,Repelent,DCIM/context_n20250820154131796.jpg,DCIM/context_e20250820154126638.jpg,DCIM/context_s20250820154120321.jpg,DCIM/context_w20250820154115259.jpg,2025-08-20T15:40:49Z,15.6260014,49.64165648,DCIM/plot_e_20250820153822923.jpg,DCIM/plot_n_20250820153830271.jpg,TRUE,195,5,0.3,0.3
27,JIV,small,0.4–0.6,1,NA,0,0,0,NA,NA,NA,NA,0,NA,NA,0,NA,NA,0,NA,NA,NA,NA,NA,NA,NA,834_T4_TP_20250827,1,1,NA,NA,NA,NA,1,1,Repelent,DCIM/context_n20250820154131796.jpg,DCIM/context_e20250820154126638.jpg,DCIM/context_s20250820154120321.jpg,DCIM/context_w20250820154115259.jpg,2025-08-20T15:40:49Z,15.6260014,49.64165648,DCIM/plot_e_20250820153822923.jpg,DCIM/plot_n_20250820153830271.jpg,TRUE,195,5,0.5,0.5
19,BO,small,0.6–0.8,3,NA,1,1,33.33333333333333,1,kmen,NA,NA,0,NA,NA,0,NA,stare,1,mechanizace,80-100,NA,NA,NA,Na cestě,NA,835_T4_TP_20250827,NA,1,NA,1,NA,NA,NA,0,NA,DCIM/context_n20250820162012214.jpg,DCIM/context_e20250820162006167.jpg,DCIM/context_s20250820162000766.jpg,DCIM/context_w20250820161955291.jpg,2025-08-20T16:19:34Z,15.71008536,49.63382835,DCIM/plot_e_20250820161652153.jpg,DCIM/plot_n_20250820161658963.jpg,TRUE,110,5,0.7,0.7
19,BO,small,0.4–0.6,1,NA,0,0,0,NA,NA,NA,NA,0,NA,NA,0,NA,NA,0,NA,NA,NA,NA,NA,NA,NA,836_T4_TP_20250827,NA,1,NA,NA,1,1,NA,0,NA,DCIM/context_n20250820162910573.jpg,DCIM/context_e20250820162905322.jpg,DCIM/context_s20250820162859269.jpg,DCIM/context_w20250820162851751.jpg,2025-08-20T16:28:28Z,15.71038263,49.63399249,DCIM/plot_e_20250820162431203.jpg,DCIM/plot_n_20250820162441690.jpg,TRUE,110,5,0.5,0.5
30,JR,small,0.8–1.0,1,NA,1,1,100,1,terminal,chybajuci,NA,1,NA,NA,0,NA,NA,0,NA,NA,NA,NA,Okus,NA,NA,836_T4_TP_20250827,NA,1,NA,NA,1,1,NA,0,NA,DCIM/context_n20250820162910573.jpg,DCIM/context_e20250820162905322.jpg,DCIM/context_s20250820162859269.jpg,DCIM/context_w20250820162851751.jpg,2025-08-20T16:28:28Z,15.71038263,49.63399249,DCIM/plot_e_20250820162431203.jpg,DCIM/plot_n_20250820162441690.jpg,TRUE,110,5,0.9,0.9
19,BO,small,1.3–2.0,2,NA,1,1,50,2,kmen,NA,NA,0,NA,NA,0,NA,cerstve,1,zver,20-40,20-30,NA,NA,Vytlučeno,NA,837_T4_TP_20250827,1,1,NA,NA,NA,NA,1,0,NA,DCIM/context_n20250827083524795.jpg,DCIM/context_e20250827083518909.jpg,DCIM/context_s20250827083513773.jpg,DCIM/context_w20250827083508493.jpg,2025-08-27T08:34:40Z,16.91054903,49.57565363,DCIM/plot_e_20250827083147677.jpg,DCIM/plot_n_20250827083204300.jpg,TRUE,196,5,1.7,1.7
24,DB,small,1.3–2.0,4,NA,1,4,100,1,olistení,NA,NA,0,40-60,3,4,60-80,NA,0,NA,NA,NA,NA,NA,NA,T4839ODB4,839_T4_TP_20250827,NA,1,NA,NA,NA,NA,1,0,"Odstraněna oplocenka, zajištěná kultura",DCIM/context_n20250827085355438.jpg,DCIM/context_e20250827085351343.jpg,DCIM/context_s20250827085346740.jpg,DCIM/context_w20250827085341212.jpg,2025-08-27T08:52:06Z,16.90999798,49.57568751,DCIM/plot_e_20250827084657346.jpg,DCIM/plot_n_20250827084703696.jpg,TRUE,196,5,1.7,1.7
24,DB,advanced,2–4,3,NA,1,3,100,1,olistení,NA,NA,0,40-60,2,3,60-80,NA,0,NA,NA,NA,NA,NA,NA,Stejné jako předchozí ploška,840_T4_TP_20250827,NA,1,NA,NA,NA,NA,1,0,Bývalá oplocenka,DCIM/context_n20250827090958487.jpg,DCIM/context_e20250827090950873.jpg,DCIM/context_s20250827090936675.jpg,DCIM/context_w20250827090929915.jpg,2025-08-27T09:08:40Z,16.91029846,49.57584934,DCIM/plot_e_20250827090538289.jpg,DCIM/plot_n_20250827090548991.jpg,TRUE,196,5,3,3
19,BO,advanced,2–4,1,NA,0,0,0,NA,NA,NA,NA,0,NA,NA,0,NA,NA,0,NA,NA,NA,NA,NA,NA,NA,841_T4_TP_20250827,NA,1,NA,NA,NA,NA,1,0,NA,DCIM/context_n20250827091835932.jpg,DCIM/context_e20250827091831028.jpg,DCIM/context_s20250827091825850.jpg,DCIM/context_w20250827091820524.jpg,2025-08-27T09:17:55Z,16.910248,49.57549175,DCIM/plot_e_20250827091418760.jpg,DCIM/plot_n_20250827091428667.jpg,TRUE,196,5,3,3
19,BO,small,1.0–1.3,1,NA,1,1,100,1,kmen,NA,NA,0,NA,NA,0,NA,stare,1,zver,60-80,NA,NA,NA,NA,NA,841_T4_TP_20250827,NA,1,NA,NA,NA,NA,1,0,NA,DCIM/context_n20250827091835932.jpg,DCIM/context_e20250827091831028.jpg,DCIM/context_s20250827091825850.jpg,DCIM/context_w20250827091820524.jpg,2025-08-27T09:17:55Z,16.910248,49.57549175,DCIM/plot_e_20250827091418760.jpg,DCIM/plot_n_20250827091428667.jpg,TRUE,196,5,1.2,1.2
10,BR,small,1.3–2.0,2,NA,0,0,0,NA,NA,NA,NA,0,NA,NA,0,NA,NA,0,NA,NA,NA,NA,NA,NA,NA,841_T4_TP_20250827,NA,1,NA,NA,NA,NA,1,0,NA,DCIM/context_n20250827091835932.jpg,DCIM/context_e20250827091831028.jpg,DCIM/context_s20250827091825850.jpg,DCIM/context_w20250827091820524.jpg,2025-08-27T09:17:55Z,16.910248,49.57549175,DCIM/plot_e_20250827091418760.jpg,DCIM/plot_n_20250827091428667.jpg,TRUE,196,5,1.7,1.7
18,SM,advanced,2–4,1,NA,0,0,0,NA,NA,NA,NA,0,NA,NA,0,NA,NA,0,NA,NA,NA,NA,NA,NA,NA,842_T4_TP_20250827,NA,1,NA,NA,NA,NA,1,1,Repelent,DCIM/context_n20250827095944269.jpg,DCIM/context_e20250827095939391.jpg,DCIM/context_s20250827095934311.jpg,DCIM/context_w20250827095930350.jpg,2025-08-27T09:58:55Z,16.9062632,49.51255766,DCIM/plot_e_20250827095637646.jpg,DCIM/plot_n_20250827095646896.jpg,TRUE,197,5,3,3
18,SM,small,1.3–2.0,1,NA,0,0,0,NA,NA,NA,NA,0,NA,NA,0,NA,NA,0,NA,NA,NA,NA,NA,NA,NA,842_T4_TP_20250827,NA,1,NA,NA,NA,NA,1,1,Repelent,DCIM/context_n20250827095944269.jpg,DCIM/context_e20250827095939391.jpg,DCIM/context_s20250827095934311.jpg,DCIM/context_w20250827095930350.jpg,2025-08-27T09:58:55Z,16.9062632,49.51255766,DCIM/plot_e_20250827095637646.jpg,DCIM/plot_n_20250827095646896.jpg,TRUE,197,5,1.7,1.7
17,MD,small,0.8–1.0,1,NA,0,0,0,NA,NA,NA,NA,0,NA,NA,0,NA,NA,0,NA,NA,NA,NA,NA,NA,NA,842_T4_TP_20250827,NA,1,NA,NA,NA,NA,1,1,Repelent,DCIM/context_n20250827095944269.jpg,DCIM/context_e20250827095939391.jpg,DCIM/context_s20250827095934311.jpg,DCIM/context_w20250827095930350.jpg,2025-08-27T09:58:55Z,16.9062632,49.51255766,DCIM/plot_e_20250827095637646.jpg,DCIM/plot_n_20250827095646896.jpg,TRUE,197,5,0.9,0.9
13,BK,small,0.6–0.8,2,NA,0,0,0,NA,NA,NA,NA,0,NA,NA,0,NA,NA,0,NA,NA,NA,NA,NA,NA,NA,842_T4_TP_20250827,NA,1,NA,NA,NA,NA,1,1,Repelent,DCIM/context_n20250827095944269.jpg,DCIM/context_e20250827095939391.jpg,DCIM/context_s20250827095934311.jpg,DCIM/context_w20250827095930350.jpg,2025-08-27T09:58:55Z,16.9062632,49.51255766,DCIM/plot_e_20250827095637646.jpg,DCIM/plot_n_20250827095646896.jpg,TRUE,197,5,0.7,0.7
1,JD,small,0.2–0.4,1,NA,1,1,100,1,terminal,chybajuci,0,1,NA,NA,0,NA,NA,0,NA,NA,NA,NA,NA,NA,NA,843_T4_TP_20250827,NA,1,NA,NA,NA,NA,1,0,NA,DCIM/context_n20250827100822491.jpg,DCIM/context_e20250827100815871.jpg,DCIM/context_s20250827100811670.jpg,DCIM/context_w20250827100805767.jpg,2025-08-27T10:05:48Z,16.90625559,49.51238692,DCIM/plot_e_20250827100252203.jpg,DCIM/plot_n_20250827100300406.jpg,TRUE,197,5,0.3,0.3
1,JD,small,0.2–0.4,2,NA,1,2,100,1,terminal,chybajuci,1,2,NA,NA,0,NA,NA,0,NA,NA,NA,NA,Okus,NA,NA,844_T4_TP_20250827,NA,1,NA,NA,NA,NA,1,1,Repelent,DCIM/context_n20250827103630632.jpg,DCIM/context_e20250827103626452.jpg,DCIM/context_s20250827103621812.jpg,DCIM/context_w20250827103617479.jpg,2025-08-27T10:35:49Z,16.90620929,49.51218984,DCIM/plot_e_20250827103420499.jpg,DCIM/plot_n_20250827103428905.jpg,TRUE,197,5,0.3,0.3
18,SM,advanced,2–4,2,NA,0,0,0,NA,NA,NA,NA,0,NA,NA,0,NA,NA,0,NA,NA,NA,NA,NA,NA,NA,845_T4_TP_20250827,NA,1,NA,NA,NA,NA,NA,1,Repelent,DCIM/context_n20250827104045226.jpg,DCIM/context_e20250827104040805.jpg,DCIM/context_s20250827104036103.jpg,DCIM/context_w20250827104032216.jpg,2025-08-27T10:39:45Z,16.90596227,49.51239557,DCIM/plot_e_20250827103842616.jpg,DCIM/plot_n_20250827103851491.jpg,TRUE,197,5,3,3
17,MD,small,1.0–1.3,1,NA,0,0,0,NA,NA,NA,NA,0,NA,NA,0,NA,NA,0,NA,NA,NA,NA,NA,NA,NA,845_T4_TP_20250827,NA,1,NA,NA,NA,NA,NA,1,Repelent,DCIM/context_n20250827104045226.jpg,DCIM/context_e20250827104040805.jpg,DCIM/context_s20250827104036103.jpg,DCIM/context_w20250827104032216.jpg,2025-08-27T10:39:45Z,16.90596227,49.51239557,DCIM/plot_e_20250827103842616.jpg,DCIM/plot_n_20250827103851491.jpg,TRUE,197,5,1.2,1.2
1,JD,small,0.2–0.4,1,NA,1,1,100,1,terminal,chybajuci,NA,1,NA,NA,0,NA,NA,0,NA,NA,NA,NA,Okus,NA,NA,846_T4_TP_20250827,NA,1,NA,NA,NA,NA,1,1,Repelent,DCIM/context_n20250827104449106.jpg,DCIM/context_e20250827104444728.jpg,DCIM/context_s20250827104440420.jpg,DCIM/context_w20250827104435476.jpg,2025-08-27T10:44:11Z,16.90651256,49.51236174,DCIM/plot_e_20250827104238397.jpg,DCIM/plot_n_20250827104245449.jpg,TRUE,197,5,0.3,0.3
17,MD,small,0.2–0.4,1,NA,0,0,0,NA,NA,NA,NA,0,NA,NA,0,NA,NA,0,NA,NA,NA,NA,NA,NA,NA,847_T4_TP_20250827,NA,1,NA,NA,NA,NA,NA,0,NA,DCIM/context_n20250827121253282.jpg,DCIM/context_e20250827121247538.jpg,DCIM/context_s20250827121241091.jpg,DCIM/context_w20250827121236485.jpg,2025-08-27T12:12:15Z,16.8348299,49.35230008,DCIM/plot_e_20250827121113616.jpg,DCIM/plot_n_20250827121122490.jpg,TRUE,198,5,0.3,0.3
24,DB,small,1.0–1.3,2,NA,1,2,100,1,olistení,NA,NA,0,60-80,1,2,60-80,NA,0,NA,NA,NA,NA,NA,NA,T4848ODB4,848_T4_TP_20250827,NA,1,NA,NA,NA,1,1,0,NA,DCIM/context_n20250827122659825.jpg,DCIM/context_e20250827122653209.jpg,DCIM/context_s20250827122648546.jpg,DCIM/context_w20250827122641678.jpg,2025-08-27T12:26:24Z,16.8348569,49.35247859,DCIM/plot_e_20250827121543342.jpg,DCIM/plot_n_20250827121552344.jpg,TRUE,198,5,1.2,1.2
17,MD,small,0.6–0.8,3,NA,1,1,33.33333333333333,1,kmen,NA,NA,0,NA,NA,0,NA,stare,1,zver,60-80,NA,NA,NA,NA,NA,848_T4_TP_20250827,NA,1,NA,NA,NA,1,1,0,NA,DCIM/context_n20250827122659825.jpg,DCIM/context_e20250827122653209.jpg,DCIM/context_s20250827122648546.jpg,DCIM/context_w20250827122641678.jpg,2025-08-27T12:26:24Z,16.8348569,49.35247859,DCIM/plot_e_20250827121543342.jpg,DCIM/plot_n_20250827121552344.jpg,TRUE,198,5,0.7,0.7
4,KL,small,0.4–0.6,1,NA,1,1,100,1,terminal,chybajuci,NA,1,NA,NA,0,NA,NA,0,NA,NA,NA,NA,Okus,NA,NA,848_T4_TP_20250827,NA,1,NA,NA,NA,1,1,0,NA,DCIM/context_n20250827122659825.jpg,DCIM/context_e20250827122653209.jpg,DCIM/context_s20250827122648546.jpg,DCIM/context_w20250827122641678.jpg,2025-08-27T12:26:24Z,16.8348569,49.35247859,DCIM/plot_e_20250827121543342.jpg,DCIM/plot_n_20250827121552344.jpg,TRUE,198,5,0.5,0.5
20,OS,small,0.6–0.8,1,NA,1,1,100,1,terminal,chybajuci,NA,1,NA,NA,0,NA,NA,0,NA,NA,NA,NA,Okus,NA,NA,848_T4_TP_20250827,NA,1,NA,NA,NA,1,1,0,NA,DCIM/context_n20250827122659825.jpg,DCIM/context_e20250827122653209.jpg,DCIM/context_s20250827122648546.jpg,DCIM/context_w20250827122641678.jpg,2025-08-27T12:26:24Z,16.8348569,49.35247859,DCIM/plot_e_20250827121543342.jpg,DCIM/plot_n_20250827121552344.jpg,TRUE,198,5,0.7,0.7
10,BR,small,1.3–2.0,1,NA,1,1,100,1,kmen,NA,NA,0,NA,NA,0,NA,cerstve,1,zver,40-60,20-30,NA,NA,Vytlučeno,NA,848_T4_TP_20250827,NA,1,NA,NA,NA,1,1,0,NA,DCIM/context_n20250827122659825.jpg,DCIM/context_e20250827122653209.jpg,DCIM/context_s20250827122648546.jpg,DCIM/context_w20250827122641678.jpg,2025-08-27T12:26:24Z,16.8348569,49.35247859,DCIM/plot_e_20250827121543342.jpg,DCIM/plot_n_20250827121552344.jpg,TRUE,198,5,1.7,1.7
13,BK,small,0.4–0.6,3,NA,1,3,100,1,terminal,chybajuci,2,3,NA,NA,0,NA,NA,0,NA,NA,NA,NA,Okus,NA,NA,850_T4_TP_20250827,NA,1,NA,NA,NA,1,1,0,NA,DCIM/context_n20250827124643903.jpg,DCIM/context_e20250827124638976.jpg,DCIM/context_s20250827124633232.jpg,DCIM/context_w20250827124628505.jpg,2025-08-27T12:46:01Z,16.83513119,49.35246249,DCIM/plot_e_20250827124306280.jpg,DCIM/plot_n_20250827124313157.jpg,TRUE,198,5,0.5,0.5
10,BR,small,0.8–1.0,1,NA,0,0,0,NA,NA,NA,NA,0,NA,NA,0,NA,NA,0,NA,NA,NA,NA,NA,NA,NA,850_T4_TP_20250827,NA,1,NA,NA,NA,1,1,0,NA,DCIM/context_n20250827124643903.jpg,DCIM/context_e20250827124638976.jpg,DCIM/context_s20250827124633232.jpg,DCIM/context_w20250827124628505.jpg,2025-08-27T12:46:01Z,16.83513119,49.35246249,DCIM/plot_e_20250827124306280.jpg,DCIM/plot_n_20250827124313157.jpg,TRUE,198,5,0.9,0.9
17,MD,small,0.4–0.6,1,NA,0,0,0,NA,NA,NA,NA,0,NA,NA,0,NA,NA,0,NA,NA,NA,NA,NA,NA,NA,850_T4_TP_20250827,NA,1,NA,NA,NA,1,1,0,NA,DCIM/context_n20250827124643903.jpg,DCIM/context_e20250827124638976.jpg,DCIM/context_s20250827124633232.jpg,DCIM/context_w20250827124628505.jpg,2025-08-27T12:46:01Z,16.83513119,49.35246249,DCIM/plot_e_20250827124306280.jpg,DCIM/plot_n_20250827124313157.jpg,TRUE,198,5,0.5,0.5
18,SM,advanced,2–4,1,NA,1,1,100,1,kmen,NA,NA,0,NA,NA,0,NA,stare,1,zver,0-20,20-30,NA,NA,NA,NA,851_T4_TP_20250827,NA,1,1,NA,NA,NA,1,0,NA,DCIM/context_n20250827125707138.jpg,DCIM/context_e20250827125700427.jpg,DCIM/context_s20250827125654414.jpg,DCIM/context_w20250827125649075.jpg,2025-08-27T12:56:31Z,16.83458168,49.35249644,DCIM/plot_e_20250827125250560.jpg,DCIM/plot_n_20250827125300453.jpg,TRUE,198,5,3,3
24,DB,small,1.3–2.0,1,NA,1,1,100,1,kmen,NA,NA,0,NA,NA,0,NA,stare,1,zver,60-80,NA,NA,NA,NA,NA,851_T4_TP_20250827,NA,1,1,NA,NA,NA,1,0,NA,DCIM/context_n20250827125707138.jpg,DCIM/context_e20250827125700427.jpg,DCIM/context_s20250827125654414.jpg,DCIM/context_w20250827125649075.jpg,2025-08-27T12:56:31Z,16.83458168,49.35249644,DCIM/plot_e_20250827125250560.jpg,DCIM/plot_n_20250827125300453.jpg,TRUE,198,5,1.7,1.7
13,BK,small,0.2–0.4,1,NA,0,0,0,NA,NA,NA,NA,0,NA,NA,0,NA,NA,0,NA,NA,NA,NA,NA,NA,NA,852_T4_TP_20250827,NA,1,1,NA,NA,NA,1,0,NA,DCIM/context_n20250827132706420.jpg,DCIM/context_e20250827132702003.jpg,DCIM/context_s20250827132657908.jpg,DCIM/context_w20250827132653071.jpg,2025-08-27T13:25:37Z,16.8489288,49.28338935,DCIM/plot_e_20250827132422589.jpg,DCIM/plot_n_20250827132432788.jpg,TRUE,199,5,0.3,0.3
17,MD,small,0.2–0.4,1,NA,0,0,0,NA,NA,NA,NA,0,NA,NA,0,NA,NA,0,NA,NA,NA,NA,NA,NA,NA,852_T4_TP_20250827,NA,1,1,NA,NA,NA,1,0,NA,DCIM/context_n20250827132706420.jpg,DCIM/context_e20250827132702003.jpg,DCIM/context_s20250827132657908.jpg,DCIM/context_w20250827132653071.jpg,2025-08-27T13:25:37Z,16.8489288,49.28338935,DCIM/plot_e_20250827132422589.jpg,DCIM/plot_n_20250827132432788.jpg,TRUE,199,5,0.3,0.3
13,BK,small,0.6–0.8,2,NA,0,0,0,NA,NA,NA,NA,0,NA,NA,0,NA,NA,0,NA,NA,NA,NA,NA,NA,NA,853_T4_TP_20250827,NA,1,1,NA,NA,1,1,1,Repelent,DCIM/context_n20250827133108437.jpg,DCIM/context_e20250827133103978.jpg,DCIM/context_s20250827133059800.jpg,DCIM/context_w20250827133055452.jpg,2025-08-27T13:30:26Z,16.84895388,49.28356762,DCIM/plot_e_20250827132905046.jpg,DCIM/plot_n_20250827132918728.jpg,TRUE,199,5,0.7,0.7
18,SM,small,0.4–0.6,2,NA,0,0,0,NA,NA,NA,NA,0,NA,NA,0,NA,NA,0,NA,NA,NA,NA,NA,NA,NA,854_T4_TP_20250827,NA,1,NA,NA,1,1,NA,0,NA,DCIM/context_n20250827133606828.jpg,DCIM/context_e20250827133602202.jpg,DCIM/context_s20250827133557032.jpg,DCIM/context_w20250827133551690.jpg,2025-08-27T13:35:12Z,16.84897986,49.28374705,DCIM/plot_e_20250827133304897.jpg,DCIM/plot_n_20250827133318397.jpg,TRUE,199,5,0.5,0.5
17,MD,small,0.2–0.4,2,NA,0,0,0,NA,NA,NA,NA,0,NA,NA,0,NA,NA,0,NA,NA,NA,NA,NA,NA,NA,854_T4_TP_20250827,NA,1,NA,NA,1,1,NA,0,NA,DCIM/context_n20250827133606828.jpg,DCIM/context_e20250827133602202.jpg,DCIM/context_s20250827133557032.jpg,DCIM/context_w20250827133551690.jpg,2025-08-27T13:35:12Z,16.84897986,49.28374705,DCIM/plot_e_20250827133304897.jpg,DCIM/plot_n_20250827133318397.jpg,TRUE,199,5,0.3,0.3
30,JR,small,0.2–0.4,1,NA,1,1,100,1,kmen,NA,NA,0,NA,NA,0,NA,stare,1,mechanizace,80-100,NA,NA,NA,NA,NA,855_T4_TP_20250827,NA,1,1,NA,1,NA,NA,0,NA,DCIM/context_n20250827134102820.jpg,DCIM/context_e20250827134057939.jpg,DCIM/context_s20250827134052382.jpg,DCIM/context_w20250827134047731.jpg,2025-08-27T13:40:17Z,16.84922742,49.28355098,DCIM/plot_e_20250827133813971.jpg,DCIM/plot_n_20250827133827012.jpg,TRUE,199,5,0.3,0.3
13,BK,small,0.4–0.6,3,NA,0,0,0,NA,NA,NA,NA,0,NA,NA,0,NA,NA,0,NA,NA,NA,NA,NA,NA,NA,856_T4_TP_20250827,NA,1,1,NA,1,1,1,0,NA,DCIM/context_n20250827134605442.jpg,DCIM/context_e20250827134601066.jpg,DCIM/context_s20250827134555796.jpg,DCIM/context_w20250827134548632.jpg,2025-08-27T13:45:15Z,16.84867987,49.28358444,DCIM/plot_e_20250827134340054.jpg,DCIM/plot_n_20250827134348549.jpg,TRUE,199,5,0.5,0.5
24,DB,small,0.6–0.8,4,NA,1,4,100,1,olistení,NA,NA,0,20-40,3,4,20-40,NA,0,NA,NA,NA,NA,NA,NA,Padlí,857_T4_TP_20250827,1,1,NA,NA,NA,NA,1,1,Oplocenka,DCIM/context_n20250827152412603.jpg,DCIM/context_e20250827152407265.jpg,DCIM/context_s20250827152402410.jpg,DCIM/context_w20250827152357188.jpg,2025-08-27T15:23:10Z,16.1774683,49.36367706,DCIM/plot_e_20250827151957877.jpg,DCIM/plot_n_20250827152007759.jpg,TRUE,200,5,0.7,0.7
24,DB,small,1.0–1.3,3,NA,1,1,33.33333333333333,1,terminal,chybajuci,NA,1,NA,NA,0,NA,NA,0,NA,NA,NA,NA,"Okus,padlí,mráz",NA,NA,858_T4_TP_20250827,NA,1,NA,NA,NA,NA,1,1,Oplocenka,DCIM/context_n20250827152930809.jpg,DCIM/context_e20250827152925964.jpg,DCIM/context_s20250827152921922.jpg,DCIM/context_w20250827152916307.jpg,2025-08-27T15:28:48Z,16.17749086,49.36385587,DCIM/plot_e_20250827152607538.jpg,DCIM/plot_n_20250827152615775.jpg,TRUE,200,5,1.2,1.2
24,DB,small,0.6–0.8,3,NA,1,3,100,1,terminal,chybajuci,2,3,NA,NA,0,NA,NA,0,NA,NA,NA,NA,"Okus,padlí,mráz",NA,NA,859_T4_TP_20250827,NA,1,NA,NA,NA,NA,1,1,Oplocenka,DCIM/context_n20250827153356157.jpg,DCIM/context_e20250827153346179.jpg,DCIM/context_s20250827153340787.jpg,DCIM/context_w20250827153336049.jpg,2025-08-27T15:33:08Z,16.17751354,49.36403525,DCIM/plot_e_20250827153054084.jpg,DCIM/plot_n_20250827153104143.jpg,TRUE,200,5,0.7,0.7
24,DB,small,0.4–0.6,2,NA,1,2,100,1,terminal,chybajuci,1,2,NA,NA,0,NA,NA,0,NA,NA,NA,NA,Okus,NA,NA,860_T4_TP_20250827,NA,1,NA,NA,1,NA,1,1,Oplocenka,DCIM/context_n20250827153959025.jpg,DCIM/context_e20250827153954418.jpg,DCIM/context_s20250827153949471.jpg,DCIM/context_w20250827153944369.jpg,2025-08-27T15:39:20Z,16.17776375,49.36384059,DCIM/plot_e_20250827153553415.jpg,DCIM/plot_n_20250827153601172.jpg,TRUE,200,5,0.5,0.5
10,BR,small,0.8–1.0,1,NA,0,0,0,NA,NA,NA,NA,0,NA,NA,0,NA,NA,0,NA,NA,NA,NA,NA,NA,NA,860_T4_TP_20250827,NA,1,NA,NA,1,NA,1,1,Oplocenka,DCIM/context_n20250827153959025.jpg,DCIM/context_e20250827153954418.jpg,DCIM/context_s20250827153949471.jpg,DCIM/context_w20250827153944369.jpg,2025-08-27T15:39:20Z,16.17776375,49.36384059,DCIM/plot_e_20250827153553415.jpg,DCIM/plot_n_20250827153601172.jpg,TRUE,200,5,0.9,0.9
10,BR,advanced,2–4,1,NA,0,0,0,NA,NA,NA,NA,0,NA,NA,0,NA,NA,0,NA,NA,NA,NA,NA,NA,NA,861_T4_TP_20250827,1,1,NA,NA,NA,NA,0,1,Oplocenka  část,DCIM/context_n20250827154715929.jpg,DCIM/context_e20250827154705360.jpg,DCIM/context_s20250827154657705.jpg,DCIM/context_w20250827154650224.jpg,2025-08-27T15:45:37Z,16.17721662,49.36387173,DCIM/plot_e_20250827154418177.jpg,DCIM/plot_n_20250827154434227.jpg,TRUE,200,5,3,3
